Date,3m8ox5j2Eb,3m8ox5j2Ec,3m8ox5jJHJ,3m8ox5jJHM,3m8ox5jJHN,3m8ox5jJHP,3m8ox5jJHQ,3m8ox5jJHR,3m8ox5jJHS,3m8ox5jJHW,3m8ox5jaKE,3m8ox5jaKH,3m8ox5jaKM,3m8ox5jaKO,3m8ox5jaKS,3m8ox5jaKY,3m8ox5jrNC,3m8ox5jrNG,3m8ox5jrNO,3m8ox5jrNT,3m8ox5jrNu,3m8ox5jrNv,3m8ox5jrNz,3m8ox5jrO2,3m8ox5jrO3,3m8ox5jrO4,3m8ox5jrO5,3m8ox5k8Qq,3m8ox5k8Qr,3m8ox5k8Qs,3m8ox5k8Qw,3m8ox5k8Qy,3m8ox5k8R6,3m8ox5k8R7,3m8ox5k8RA,3m8ox5kPTo,3m8ox5kPTp,3m8ox5kPTr,3m8ox5kPTu,3m8ox5kPTy,3m8ox5kPUA,3m8ox5kPUB,3m8ox5kgWg,3m8ox5kgWh,3m8ox5kgWk,3m8ox5kgWm,3m8ox5kgWt,3m8ox5kgWu,3m8ox5kgXB,3m8ox5kgXH,3m8ox5kgXJ,3m8ox5kgXK,3m8ox5kxYw,3m8ox5kxZh,3m8ox5kxZi,3m8ox5kxaD,3m8ox5kxaE,3m8ox5kxaG,3m8ox5kxaM,3m8ox5kxaN,3m8ox5lEbx,3m8ox5lEby,3m8ox5lEc6,3m8ox5lEc7,3m8ox5lEco,3m8ox5lEcs,3m8ox5lEdJ,3m8ox5lEdO,3m8ox5lEdP,3m8ox5lVf6,3m8ox5lVf8,3m8ox5lVf9,3m8ox5lVfB,3m8ox5lVfG,3m8ox5lVfX,3m8ox5lVfb,3m8ox5lVfc,3m8ox5lVfd,3m8ox5lVfq,3m8ox5lVft,3m8ox5lVfu,3m8ox5lVfv,3m8ox5lVfw,3m8ox5lVgJ,3m8ox5lVgK,3m8ox5lVgL,3m8ox5lVgP,3m8ox5lmi6,3m8ox5lmi9,3m8ox5lmiB,3m8ox5lmiC,3m8ox5lmiD,3m8ox5lmiE,3m8ox5lmiI,3m8ox5lmiJ,3m8ox5lmiK,3m8ox5lmiL,3m8ox5lmiN,3m8ox5lmiO,3m8ox5lmiV,3m8ox5lmiW,3m8ox5lmid,3m8ox5lmil,3m8ox5lmin,3m8ox5lmio,3m8ox5lmip,3m8ox5lmis,3m8ox5lmiv,3m8ox5lmiw,3m8ox5lmiy,3m8ox5lmjF,3m8ox5lmjH,3m8ox5lmjK,3m8ox5lmjM,3m8ox5lmjQ,3m8ox5lmjR,3m8ox5lmjT,3m8ox5lmjU,3m8ox5m3l7,3m8ox5m3l8,3m8ox5m3lB,3m8ox5m3lC,3m8ox5m3lD,3m8ox5m3lE,3m8ox5m3lF,3m8ox5m3lG,3m8ox5m3lL,3m8ox5m3lM,3m8ox5m3lO,3m8ox5m3lP,3m8ox5m3ld,3m8ox5m3mK,3m8ox5m3mL,3m8ox5m3mM,3m8ox5m3mO,3m8ox5m3mV,3m8ox5mKoB,3m8ox5mKoC,3m8ox5mKoE,3m8ox5mKoF,3m8ox5mKoH,3m8ox5mKoK,3m8ox5mKoL,3m8ox5mKoa,3m8ox5mKod,3m8ox5mKoe,3m8ox5mKof,3m8ox5mKoj,3m8ox5mKp4,3m8ox5mKpJ,3m8ox5mKpM,3m8ox5mKpO,3m8ox5mbrD,3m8ox5mbrE,3m8ox5mbrG,3m8ox5mbrH,3m8ox5mbrZ,3m8ox5mbra,3m8ox5mbrc,3m8ox5mbre,3m8ox5mbrf,3m8ox5mbrg,3m8ox5mbrh,3m8ox5mbrj,3m8ox5mbrk,3m8ox5mbrl,3m8ox5mbrw,3m8ox5mbs6,3m8ox5mbs7,3m8ox5mbs8,3m8ox5mbsG,3m8ox5msu2,3m8ox5msuW,3m8ox5msuX,3m8ox5msuY,3m8ox5msua,3m8ox5msuc,3m8ox5msuh,3m8ox5msul,3m8ox5msux,3m8ox5msuy,3m8ox5msv8,3m8ox5msvA,3m8ox5n9xU,3m8ox5n9xV,3m8ox5n9xY,3m8ox5n9xa,3m8ox5n9xb,3m8ox5n9xc,3m8ox5n9xi,3m8ox5n9xj,3m8ox5nQzw,3m8ox5nR0A,3m8ox5nR0N,3m8ox5nR0P,3m8ox5nR0Q,3m8ox5nR0R,3m8ox5nR0T,3m8ox5nR0X,3m8ox5nR0Y,3m8ox5nR0a,3m8ox5nR0e,3m8ox5nR0f,3m8ox5nR0o,3m8ox5nR0t,3m8ox5nR0u,3m8ox5nR1E,3m8ox5ni2y,3m8ox5ni3Q,3m8ox5ni3R,3m8ox5ni3S,3m8ox5ni3T,3m8ox5ni3U,3m8ox5ni3X,3m8ox5ni3Y,3m8ox5ni3Z,3m8ox5ni3a,3m8ox5ni3q,3m8ox5ni3r,3m8ox5ni3v,3m8ox5ni3w,3m8ox5nz61,3m8ox5nz6U,3m8ox5nz6V,3m8ox5nz6W,3m8ox5nz6Z,3m8ox5nz6s,3m8ox5nz70,3m8ox5oGA1,3m8ox5oGA2,3m8ox5oGA4,3m8ox5oGAB,3m8ox5oXCs,3m8ox5oXD3,3m8ox5oXD4,3m8ox5oXDD,3m8ox5ooFH,3m8ox5ooFS,3m8ox5ooFT,3m8ox5ooFf,3m8ox5ooFj,3m8ox5ooGG,3m8ox5p5IH,3m8ox5p5IJ,3m8ox5p5IK,3m8ox5p5J7,3m8ox5p5J8,3m8ox5p5JA,3m8ox5p5JB,3m8ox5p5JI,3m8ox5p5JJ,3m8ox5pMLE,3m8ox5pMLK,3m8ox5pMLL,3m8ox5pMLS,3m8ox5pMLU,3m8ox5pMLm,3m8ox5pMLo,3m8ox5pMM7,3m8ox5pMM9,3m8ox5pMMC,3m8ox5pMMD,3m8ox5pMML,3m8ox5pMMO,3m8ox5pMMR,3m8ox5pdOG,3m8ox5pdOH,3m8ox5pdOI,3m8ox5pdOP,3m8ox5pdOR,3m8ox5pdOS,3m8ox5pdOU,3m8ox5pdOV,3m8ox5pdOX,3m8ox5pdOp,3m8ox5pdPD,3m8ox5pdPI,3m8ox5pdPJ,3m8ox5pdPL,3m8ox5pdPN,3m8ox5pdPT,3m8ox5pdPU,3m8ox5puRM,3m8ox5puRN,3m8ox5puRO,3m8ox5puRP,3m8ox5puRR,3m8ox5puRU,3m8ox5puRV,3m8ox5puRZ,3m8ox5puRl,3m8ox5puRq,3m8ox5puRs,3m8ox5puS9,3m8ox5puSB,3m8ox5puSG,3m8ox5puSH,3m8ox5puSI,3m8ox5puSJ,3m8ox5puSK,3m8ox5puSL,3m8ox5puSM,3m8ox5puSO,3m8ox5puSP,3m8ox5puST,3m8ox5puSW,3m8ox5puT0,3m8ox5puT1,3m8ox5qBUO,3m8ox5qBUP,3m8ox5qBUQ,3m8ox5qBUR,3m8ox5qBUW,3m8ox5qBUX,3m8ox5qBUl,3m8ox5qBUo,3m8ox5qBV9,3m8ox5qBVA,3m8ox5qBVC,3m8ox5qBVD,3m8ox5qBVE,3m8ox5qBVF,3m8ox5qBVH,3m8ox5qBVJ,3m8ox5qBVK,3m8ox5qBVM,3m8ox5qBVN,3m8ox5qBVX,3m8ox5qBW2,3m8ox5qSXQ,3m8ox5qSXo,3m8ox5qSXq,3m8ox5qSXr,3m8ox5qSXu,3m8ox5qSXv,3m8ox5qSYB,3m8ox5qSYC,3m8ox5qSYF,3m8ox5qSYJ,3m8ox5qSYL,3m8ox5qSYM,3m8ox5qjaT,3m8ox5qjaV,3m8ox5qjar,3m8ox5qjas,3m8ox5qjaw,3m8ox5qjbD,3m8ox5qjbG,3m8ox5qjbH,3m8ox5qjbM,3m8ox5qjbN,3m8ox5qjbW,3m8ox5r0dV,3m8ox5r0dW,3m8ox5r0dY,3m8ox5r0dk,3m8ox5r0eG,3m8ox5r0eH,3m8ox5r0eJ,3m8ox5r0eV,3m8ox5r0eW,3m8ox5r0eY,3m8ox5rHgZ,3m8ox5rHga,3m8ox5rHgb,3m8ox5rHgc,3m8ox5rHgg,3m8ox5rHgm,3m8ox5rHhI,3m8ox5rHhJ,3m8ox5rHhK,3m8ox5rHhL,3m8ox5rHhY,3m8ox5rHha,3m8ox5rYjc,3m8ox5rYjj,3m8ox5rYkJ,3m8ox5rYkK,3m8ox5rYkL,3m8ox5rYkO,3m8ox5rYkP,3m8ox5rYkZ,3m8ox5rYka,3m8ox5rpmj,3m8ox5rpmk,3m8ox5rpml,3m8ox5rpnI,3m8ox5rpnJ,3m8ox5rpnK,3m8ox5s6pm,3m8ox5s6qJ,3m8ox5s6qK,3m8ox5s6qL,3m8ox5s6qM,3m8ox5sNtI,3m8ox5sNtJ,3m8ox5sNtL,3m8ox5sNtM,3m8ox5sewJ,3m8ox5sewK
2015-02-02,1.7,-2.0,-10.7,-0.7,-4.3,-0.9,-2.2,-5.9,-8.8,-5.7,0.1,-0.8,-2.1,-6.0,5.4,-1.1,-8.6,-0.9,-2.4,-1.4,8.5,-8.0,0.1,-1.6,0.2,-2.0,-4.6,-2.3,-2.8,2.0,-15.5,-2.3,5.0,-0.3,-2.6,0.2,-6.8,-3.8,-1.0,8.6,-1.9,5.9,0.4,-1.9,-0.6,-6.4,3.1,3.1,-1.2,-1.0,-1.6,0.7,-0.1,3.6,1.3,-2.4,2.4,-1.2,-1.8,-6.0,0.7,6.1,4.1,-2.4,0.2,-3.3,2.4,-10.3,0.8,-6.7,-3.7,-1.7,-2.4,-2.0,-0.5,4.5,3.8,0.7,-1.6,-0.4,-9.2,-1.3,1.6,0.6,-0.2,-0.3,3.4,-4.2,-1.1,-3.1,-3.4,-1.4,5.2,-2.9,-2.0,-4.8,-3.6,1.1,4.6,1.5,-0.4,1.8,-0.5,4.2,-3.1,-2.8,-4.7,-1.4,2.6,2.2,8.2,-4.4,3.8,0.2,-1.9,-2.3,-3.3,3.0,1.6,2.4,0.6,0.1,7.5,-1.3,0.4,4.5,-3.0,-7.2,-7.7,-0.3,-4.1,0.4,-1.8,-8.7,3.2,-4.9,-1.0,-4.4,-0.7,-1.8,3.0,-0.1,0.1,1.1,2.4,-3.7,-0.8,-0.4,-1.8,-0.4,-3.9,0.6,-5.4,-0.1,-4.0,-3.7,0.8,-7.1,0.0,-0.3,-0.7,0.1,-1.1,-3.1,3.5,2.4,-2.8,0.4,-1.3,-0.2,8.8,-2.7,3.9,2.9,1.6,4.4,-7.4,2.2,-0.8,-4.4,-3.5,6.0,-3.2,-3.4,-2.9,3.3,-5.4,0.1,4.2,-4.1,-0.7,2.7,-0.8,-5.2,3.0,1.5,-0.2,1.2,-1.7,-2.1,0.4,0.9,-0.4,-1.6,-6.6,-2.7,-3.0,4.6,-5.1,4.0,-12.2,2.8,-2.1,2.2,-0.2,-1.2,-5.1,1.0,6.0,-6.1,-0.1,0.5,-3.7,0.7,3.5,-1.0,3.1,-7.2,3.4,-3.7,-1.2,3.2,-4.4,-1.7,-2.2,2.7,2.3,3.0,1.2,-1.4,-2.4,3.4,5.4,0.1,1.3,2.7,3.1,1.3,7.0,-0.0,-0.6,-2.0,3.0,-0.6,0.0,2.6,-0.7,4.2,-0.1,3.0,-2.4,9.1,0.7,4.1,-2.1,-5.3,-3.4,2.3,6.0,1.8,-2.5,1.1,-1.4,1.2,-0.9,0.9,3.9,-2.4,-5.5,-3.4,-2.2,2.8,-0.5,1.3,-2.2,-1.3,1.6,-1.3,0.7,-1.5,8.0,-4.2,-1.2,-0.4,-0.7,1.4,-1.0,-4.5,-1.9,8.4,-1.7,0.1,-2.5,-1.4,-1.4,0.0,-1.4,-2.8,-1.6,-1.3,1.0,-0.4,0.9,2.9,-0.6,0.5,1.3,1.2,-0.2,-0.8,-3.9,-1.1,-4.8,-8.5,7.0,4.5,-0.6,-6.1,-4.2,-4.0,0.4,1.7,3.0,0.3,-1.1,-0.5,-1.0,-1.1,2.8,4.8,1.0,-0.9,-1.1,-4.3,-0.3,-1.6,-3.1,-2.2,3.8,1.6,0.3,-0.8,-0.1,-0.4,2.0,4.2,-2.6,-0.6,2.2,-1.0,2.5,-12.3,-3.2,5.3,0.1,1.7,-1.0,2.3,-5.5,-2.6,-3.9,0.9,1.3,3.4,-4.1,4.9,-0.3,18.1,-2.9,-1.6,-2.1,-1.4,-1.7,-0.6,2.7,-0.3,-0.9,-1.3,0.7,0.9,0.9,-0.2,0.4,3.7,9.8,-15.6,-0.2,1.1,-6.6,-0.8
2015-02-14,2.6,4.9,-1.6,-0.3,0.9,2.4,0.9,-1.4,-0.1,-4.0,-0.5,1.7,-2.0,-0.4,2.6,-0.6,3.6,1.4,2.1,5.5,7.0,1.3,1.9,1.4,3.5,8.4,-0.5,2.6,0.2,1.1,7.6,1.1,2.8,2.7,-0.2,-0.8,-4.6,1.5,1.0,-1.0,-4.8,4.1,-1.7,-3.7,-1.8,-3.0,-0.1,1.7,-1.9,0.5,-1.4,-0.8,4.1,2.4,-1.8,-3.3,6.5,0.6,5.7,0.9,2.9,-15.6,4.1,-1.5,3.1,0.6,5.6,-7.1,-1.5,-4.9,-3.2,-1.8,-3.0,0.7,2.7,3.4,1.4,0.4,1.9,1.5,8.6,1.4,0.8,7.3,1.3,2.0,4.1,3.0,2.3,-2.1,-0.8,-2.2,4.9,-0.7,1.1,1.1,4.2,2.3,9.5,-2.1,0.0,1.1,2.8,6.4,10.0,4.8,5.9,2.5,3.6,1.8,-3.1,-1.2,6.6,2.1,-0.2,6.1,-0.3,8.4,2.8,-19.4,2.9,2.5,3.4,1.0,-1.2,3.3,1.4,6.1,-11.8,4.0,1.2,-0.3,-1.6,7.2,2.9,1.5,-3.5,1.2,1.6,-2.8,3.3,-1.0,2.1,5.0,3.3,-0.9,-3.2,-1.2,-0.2,3.2,1.0,0.8,-4.7,-0.5,-2.2,-2.4,5.3,7.8,2.7,3.7,3.1,0.3,-0.9,-0.3,5.2,2.3,2.2,-1.7,-1.6,-8.5,8.5,1.0,-0.3,1.7,0.7,0.3,9.4,2.7,1.0,7.7,-1.4,-0.6,-2.8,-4.8,-1.5,3.0,4.3,1.4,1.9,-0.5,0.6,3.9,-1.2,-8.1,2.2,1.6,0.4,1.5,2.6,2.3,2.3,3.0,-1.0,-2.1,-6.8,0.8,-3.4,6.1,-3.1,-0.1,3.8,1.6,0.0,2.0,1.4,3.3,1.5,1.3,-3.4,0.8,4.2,1.7,-1.4,-0.3,2.4,2.5,3.9,-3.9,2.4,-0.6,-1.0,2.8,-0.4,3.5,-1.3,4.9,4.6,3.0,6.8,3.8,-3.8,3.4,4.0,2.6,2.6,1.4,4.8,-6.0,13.2,2.1,1.6,-1.4,2.8,5.3,3.4,3.9,2.3,-3.5,2.6,0.5,4.1,-13.0,2.3,4.5,-2.3,-0.3,-0.0,5.0,3.3,-2.1,1.0,0.7,0.0,0.4,-0.1,-1.0,1.6,-8.3,0.3,10.2,-1.5,1.4,-0.1,-0.6,-1.3,2.7,4.3,2.3,3.1,-1.6,1.7,2.4,-1.7,0.0,0.1,2.1,-0.9,1.2,1.6,1.4,-3.1,-0.1,0.5,3.3,5.4,0.8,0.3,-0.2,0.8,0.0,1.2,1.1,2.3,6.0,-0.5,-1.4,1.9,1.1,0.6,-0.5,-1.3,0.7,2.9,5.7,-0.3,-2.2,7.3,2.1,4.3,0.7,3.1,4.0,6.4,-1.0,0.6,1.6,3.2,5.9,0.7,6.0,1.3,1.5,-2.6,4.6,2.6,-8.1,2.9,3.1,-14.5,3.5,4.6,-2.0,3.0,-0.9,2.9,4.0,0.2,1.9,0.8,-0.2,1.1,-2.2,-2.4,-14.8,1.5,0.3,1.3,5.6,-0.6,-0.5,-2.0,4.0,1.7,4.4,-0.0,1.3,-4.8,-3.9,0.9,1.4,2.5,-5.9,4.8,2.8,2.7,-0.6,1.4,-0.8,4.9,2.7,3.6,0.7,2.3,-0.5,2.5,8.6,4.3,0.8,3.5,4.8
2015-03-10,2.6,0.9,-1.5,-0.5,-1.7,4.3,2.2,-2.0,-4.2,-4.4,-5.4,3.8,-1.8,-1.0,1.3,4.3,-4.0,-7.5,0.0,-3.7,4.3,-5.1,0.8,-1.0,1.8,2.7,-4.0,-0.6,0.1,0.5,9.7,1.5,0.7,5.4,-0.3,-2.7,-3.4,-1.7,-0.5,-2.8,4.5,5.8,-2.7,-2.3,-0.4,3.1,-1.3,-2.3,4.2,-0.4,-7.4,0.7,-1.3,2.3,-0.5,2.2,0.0,1.3,3.8,1.6,-0.8,1.1,7.4,1.3,-1.2,-5.2,0.6,5.3,-1.2,-0.5,-2.1,-0.3,-2.6,2.1,0.2,0.5,1.9,-1.2,1.1,2.6,-7.3,-0.3,0.5,2.0,1.1,1.8,-1.8,-6.3,5.8,-2.2,-1.6,-2.6,-6.6,-0.4,0.4,0.9,8.6,4.0,7.6,0.4,5.7,2.9,0.2,-6.2,0.3,2.3,-5.4,-1.1,4.5,-3.9,2.5,0.7,1.0,-1.1,2.0,-2.3,-0.1,4.7,-7.8,-6.8,-3.1,-1.0,2.5,-1.5,-2.1,-2.5,0.6,5.7,0.2,0.9,3.6,-0.5,3.1,11.6,-1.2,1.8,-0.6,4.1,0.0,0.5,-2.3,1.7,-0.9,2.9,2.1,0.5,3.8,2.3,-2.1,-0.3,0.7,0.8,-0.8,4.2,-1.7,-0.4,3.7,2.9,0.6,2.2,1.2,2.0,0.7,-1.7,5.1,3.4,1.0,-3.2,-4.0,3.4,0.6,-1.0,1.0,2.4,-0.1,1.5,-5.1,-1.7,-3.5,-15.7,2.9,-3.2,2.0,-1.1,1.2,1.4,7.1,-0.5,8.1,-8.6,-4.9,1.9,-1.2,-3.9,1.6,-2.0,0.4,2.3,3.6,1.5,1.4,2.9,-6.4,-3.0,-9.1,0.1,3.6,3.8,0.2,-2.9,-2.9,-14.8,-1.5,1.4,0.3,2.5,2.2,0.5,-0.7,-1.6,2.2,-0.1,-1.1,0.3,4.8,3.0,0.1,-0.2,8.3,-3.3,-0.1,1.6,-2.9,7.3,-0.5,-0.4,2.2,-1.6,2.5,1.1,-6.3,0.4,2.9,0.1,0.6,2.3,-5.0,3.1,-11.0,-0.0,1.6,-4.2,0.2,-0.4,1.7,2.0,-2.0,-2.2,-5.3,1.9,0.1,1.5,2.0,6.3,-0.9,-5.2,-1.0,2.2,-0.9,-7.9,-1.6,-0.3,-4.6,-2.4,-0.1,-0.6,0.5,-3.4,2.5,0.5,-0.6,2.9,-1.5,-1.2,-2.5,4.1,-1.4,0.7,0.3,-7.4,0.1,-2.4,1.2,-2.4,1.7,2.0,-3.1,5.2,1.4,-1.2,-0.7,1.1,1.9,2.5,-0.2,5.6,-0.5,-2.0,-0.8,-1.6,1.5,0.8,-1.5,-0.8,-0.8,1.9,-0.1,0.8,-1.5,-1.1,-1.2,-0.9,-0.5,-1.4,0.6,14.5,9.1,-1.6,-11.3,0.1,3.6,3.2,2.3,0.3,-0.4,-4.9,-0.7,-1.6,2.5,-6.5,2.2,-2.7,-1.1,6.7,1.0,-1.2,-3.4,0.0,1.8,0.5,4.0,-7.9,-0.2,1.1,-0.9,2.6,-1.3,-0.9,-0.6,-3.0,1.6,-7.9,3.1,9.0,-2.8,-4.9,1.1,3.0,0.3,-2.4,-4.0,0.1,-1.3,-1.1,-4.4,0.1,-4.1,-3.5,-1.8,-1.7,-3.0,-0.3,-0.9,-1.1,1.3,-0.3,-0.0,1.4,-1.8,1.6,1.0,1.0,1.2,12.9,-2.3,-5.9,-0.5,1.0,0.2,2.8
2015-03-22,4.5,-2.9,1.2,-3.8,-1.5,3.5,3.5,1.9,-1.3,3.6,-0.0,4.1,-5.8,-3.0,6.5,-0.3,-2.5,-1.5,-4.7,0.0,0.2,1.8,1.2,0.0,2.7,2.0,-4.2,-0.5,1.8,-3.1,0.5,0.9,9.8,2.4,0.6,3.1,-0.5,-5.6,8.3,2.0,1.7,5.0,0.8,-0.7,-1.0,8.3,1.0,1.8,1.9,-0.2,4.7,2.3,-1.7,0.7,1.3,2.3,0.4,0.4,2.2,-0.2,-1.1,-3.1,7.5,1.3,-2.4,1.6,0.3,-1.9,-0.1,-1.8,-2.7,-0.6,-2.7,3.3,2.2,1.6,0.2,0.8,-1.3,1.7,6.5,1.1,1.7,0.0,-0.1,-0.1,3.2,-0.5,2.8,-2.2,-0.8,-2.5,-0.7,2.3,0.8,0.5,-5.2,2.4,2.1,4.2,0.1,0.7,-0.4,5.5,1.5,-4.1,2.4,-2.9,1.8,-1.4,2.1,1.8,10.7,-1.1,-1.8,11.6,5.8,-9.7,-0.1,5.7,3.3,2.8,1.7,-0.9,-2.1,1.4,1.9,3.3,-1.0,2.1,-16.8,0.7,1.8,5.8,-1.5,3.4,-1.9,4.6,1.4,-2.0,2.1,1.8,1.3,3.5,1.3,-1.9,-11.6,5.4,2.8,1.6,0.6,2.1,-2.0,3.2,-1.1,-1.6,-3.8,2.9,1.2,4.5,2.8,9.7,-4.6,0.6,0.5,2.9,-1.5,0.4,0.3,4.2,-9.0,0.5,1.8,2.0,1.2,2.6,6.1,-6.9,0.7,0.8,3.4,0.8,3.1,-2.5,-0.0,2.8,6.4,1.6,5.2,0.5,-2.0,4.3,1.5,-0.6,4.4,2.8,0.2,1.1,1.5,3.6,1.7,1.1,-0.4,2.9,3.9,1.7,4.5,6.8,9.1,-0.1,0.8,-1.3,4.6,0.8,0.3,1.3,0.6,1.9,4.3,0.5,2.3,-1.3,0.1,0.1,-17.1,0.5,1.3,-1.2,-13.0,0.1,2.0,2.2,-0.4,-8.4,-2.0,1.0,2.4,0.7,3.1,-15.7,0.8,-1.2,2.7,1.4,0.8,2.8,1.2,-2.9,-8.8,0.6,1.6,-6.0,2.2,1.8,1.2,4.0,-0.3,0.1,5.4,-0.5,-4.1,-4.4,1.1,-0.5,1.9,-4.5,-0.5,4.2,3.4,2.8,2.7,-2.4,-3.2,-1.9,0.5,1.9,-3.3,4.6,0.9,1.5,-0.1,3.8,-3.6,-1.8,-2.5,-1.2,2.6,1.6,2.6,-4.6,0.5,-3.1,0.5,-1.2,0.6,2.9,-1.6,3.6,0.1,-1.1,1.0,0.8,1.2,-0.1,1.9,3.9,0.6,3.7,-1.5,-3.1,1.1,-0.6,-0.1,1.4,-0.3,2.0,1.1,0.4,0.3,-0.8,7.7,-0.3,2.8,-0.5,3.8,0.3,-15.5,0.8,2.4,0.0,1.6,1.1,0.2,3.8,-0.5,-2.4,2.8,0.3,0.1,-5.1,7.3,0.8,4.2,3.8,-1.0,-0.6,-2.9,2.2,4.4,-2.6,4.3,1.8,2.3,-0.5,6.5,5.2,0.9,1.8,-0.7,2.8,6.2,0.8,0.5,5.0,-1.1,2.4,4.9,3.7,0.5,0.2,-1.4,0.5,-1.2,-14.5,-0.7,0.7,-1.3,-0.4,-0.4,0.6,-1.3,-1.0,-1.0,1.3,1.2,-4.9,2.5,1.1,2.3,3.4,-0.1,1.0,0.3,2.7,1.8,6.8,-1.0,-0.2,0.2,-0.5
2015-04-03,1.6,-12.5,-5.8,-3.8,4.8,1.2,2.1,3.1,3.2,2.5,1.1,2.3,-0.7,-1.9,4.9,-14.9,-1.1,0.6,3.6,5.7,3.9,4.5,2.2,5.0,-0.6,-1.0,3.2,2.0,-0.6,0.1,4.7,-1.4,2.8,-1.1,0.7,-3.1,-2.0,4.7,1.1,-0.6,1.3,0.7,4.1,0.2,-1.6,5.7,2.8,3.3,1.3,1.3,3.4,1.1,-0.8,2.3,2.5,0.0,3.4,1.3,0.4,1.4,-0.1,-0.5,6.9,1.5,-2.6,2.2,8.0,-13.9,-0.3,4.3,-2.7,-0.8,-1.7,1.5,1.1,2.7,1.4,0.8,0.7,4.5,5.3,-8.0,1.2,2.7,2.1,2.0,5.3,1.9,3.5,-2.1,1.1,-1.8,5.5,-1.5,-2.2,0.4,3.7,6.7,-14.1,3.6,2.5,0.3,1.7,-2.8,-0.5,1.0,3.2,7.0,2.6,2.8,2.9,0.9,10.1,-0.3,0.8,10.4,5.0,-0.6,0.7,-0.7,3.1,4.0,3.1,0.4,-2.8,3.2,-1.1,3.6,3.8,2.7,6.7,0.1,-0.4,7.7,-3.3,7.4,0.2,0.5,3.4,1.4,0.5,2.7,1.1,5.5,3.6,1.4,8.4,1.7,1.4,2.8,-1.1,4.2,2.9,0.9,2.3,4.8,-0.3,2.3,3.1,4.2,2.5,-1.0,11.3,0.6,-1.0,0.6,1.9,1.6,0.0,-0.4,6.6,4.4,-3.4,4.0,2.7,2.6,2.6,-4.7,1.5,-11.6,-4.0,-18.1,-2.1,7.4,0.7,-0.6,1.0,-1.3,2.5,2.6,-2.8,1.5,2.2,-0.6,4.0,2.8,-0.3,1.3,3.2,0.0,0.4,2.7,4.7,2.1,-7.4,0.7,2.1,2.4,1.9,2.2,3.4,-1.3,3.4,4.7,1.6,0.9,-2.5,2.2,0.2,2.1,4.0,-1.2,2.9,5.4,-5.2,5.8,4.9,-2.6,0.4,-0.8,0.8,1.9,-0.6,-1.3,-0.1,2.9,9.3,5.4,3.9,2.4,1.9,3.6,2.3,3.9,1.1,3.8,7.0,5.8,2.2,3.2,2.7,-1.9,5.6,5.8,6.4,5.2,-1.0,0.3,7.4,4.5,3.1,3.2,1.4,2.8,2.7,1.5,1.0,6.5,2.3,8.3,3.3,4.7,2.0,-0.1,2.9,0.2,-1.0,4.7,3.0,1.9,1.8,-4.0,1.9,0.5,3.8,9.8,0.5,3.1,2.7,-2.7,3.0,-12.3,3.9,3.7,1.1,3.3,-0.0,7.1,2.0,1.0,2.6,1.5,2.0,0.0,3.1,-3.0,-1.3,1.3,2.1,3.0,-16.6,-4.8,2.3,-11.2,9.0,3.8,3.5,1.4,2.4,1.0,5.1,1.0,-4.1,-2.0,7.1,-0.6,-8.7,0.4,0.5,2.1,5.8,5.6,7.1,2.4,4.6,-0.3,2.1,2.6,5.4,5.8,2.6,2.2,8.8,9.2,6.8,-1.8,-1.2,1.9,6.7,1.0,-1.2,3.0,3.0,-0.1,-17.5,3.2,-0.5,1.3,4.7,0.4,5.6,3.9,-2.8,-13.5,3.3,3.0,3.8,3.8,-4.0,1.0,0.5,4.2,6.4,6.4,-0.0,4.1,-0.7,2.0,1.2,1.8,1.0,-8.2,8.2,4.0,3.5,4.1,2.4,4.9,-7.7,3.4,6.5,3.5,5.9,-12.8,0.1,4.1,0.9,0.9,-3.3,-1.4
2015-04-15,3.6,-0.1,-2.9,-0.7,1.5,3.2,2.1,3.1,3.0,2.8,-0.5,-2.5,7.2,2.9,1.2,2.5,10.6,-0.3,4.5,4.5,1.6,7.0,7.1,2.1,0.4,5.9,5.1,0.3,0.2,0.0,3.6,-0.0,5.4,7.4,3.2,-1.7,-0.0,2.0,-4.4,-11.4,1.6,6.7,8.1,0.0,-0.9,2.7,2.1,0.4,3.6,1.5,1.9,2.9,4.1,4.7,-18.2,3.9,2.4,2.4,5.2,4.9,-0.1,5.1,7.7,5.1,3.3,-1.8,-1.6,9.3,0.3,2.6,-0.9,1.4,1.4,-12.9,4.7,5.8,-0.9,-1.3,-0.7,5.4,3.3,-19.2,2.5,5.4,0.4,-1.0,-2.2,4.5,4.8,-0.8,0.3,1.0,5.5,3.5,2.5,4.4,0.5,4.3,-10.2,5.9,3.1,4.0,2.0,9.1,-3.7,-3.6,-1.0,7.8,3.3,2.6,0.1,2.1,0.6,-1.9,3.3,-1.4,2.8,-3.8,5.5,4.7,5.1,5.6,3.0,-2.5,-0.1,8.1,6.5,8.4,1.6,6.7,8.0,-0.9,6.4,-10.9,-0.0,7.6,6.1,2.7,4.7,1.2,-2.0,11.9,3.4,2.3,-2.0,-4.2,4.5,6.2,0.1,-3.2,0.2,7.0,8.8,-0.1,0.7,-2.3,6.4,6.2,0.6,5.7,3.5,1.7,0.3,4.0,0.2,3.1,3.2,-1.2,2.3,6.2,4.3,6.0,1.2,1.0,3.0,1.8,2.6,-2.0,1.1,4.2,3.6,-0.1,3.3,1.3,-0.7,0.3,3.4,8.7,1.6,1.2,-0.6,-4.2,2.3,1.6,5.4,2.5,2.3,4.2,3.8,3.2,-1.9,-5.7,-2.4,3.7,9.3,5.2,-4.9,8.1,-5.5,2.7,4.4,0.9,4.5,9.8,3.1,4.4,2.1,1.6,3.6,4.4,5.8,0.2,3.1,5.5,0.9,-5.1,0.1,3.3,6.5,3.7,2.1,4.3,0.7,-5.2,-0.0,4.3,-10.5,5.1,7.1,2.3,0.6,3.4,2.4,0.3,4.8,3.3,-0.1,3.7,2.4,4.3,4.8,-6.6,3.3,2.4,0.9,4.8,-0.8,6.8,0.1,3.9,0.6,4.0,3.8,-3.6,2.6,-0.1,-6.3,2.0,8.0,4.7,2.4,-2.7,-3.2,-0.2,2.0,3.0,0.3,6.6,3.6,7.8,2.9,3.1,2.7,-0.1,-1.2,-0.1,7.6,3.0,3.7,-1.4,-6.7,0.4,-4.6,1.8,-9.8,3.7,-4.7,7.6,5.8,-0.2,4.4,5.3,6.1,6.7,4.2,3.3,-1.9,1.4,1.2,-0.5,5.2,2.7,4.4,3.3,4.2,4.9,5.0,-1.1,0.4,6.7,0.2,1.4,3.4,-11.5,5.3,-2.0,-10.9,7.4,4.3,2.8,8.2,8.5,11.7,4.2,10.0,5.0,0.8,2.6,-0.3,6.4,6.0,1.3,1.0,3.6,8.7,5.8,5.2,1.9,1.8,-2.7,5.3,1.8,3.1,-0.3,1.7,4.2,2.8,1.9,2.5,6.6,-11.9,7.7,-2.3,-14.7,-0.9,-4.6,3.2,2.4,0.3,0.8,-7.6,3.8,-2.4,-2.0,1.4,2.3,1.9,-6.7,1.3,0.0,2.6,-0.5,0.2,5.2,2.7,3.1,-1.8,0.7,7.2,2.5,1.9,-0.1,1.0,8.1,1.1,2.6,0.9,0.6,5.1,5.5
2015-04-27,6.6,3.4,12.7,-3.6,4.2,0.5,1.1,-0.5,-2.4,-0.9,0.3,5.5,2.0,-1.2,0.9,0.8,-0.4,0.4,0.6,-3.9,3.0,4.1,4.0,-0.3,-0.2,1.1,-2.2,-0.4,-1.8,-1.2,-1.1,1.2,3.1,2.1,-0.2,-2.9,-4.2,-0.3,-0.7,0.6,2.4,1.2,2.8,1.3,-0.1,-4.8,-7.8,0.4,0.3,-0.9,0.0,1.3,-0.5,0.9,3.6,-0.4,-3.8,0.8,0.2,8.4,-1.5,1.4,4.9,-0.6,1.6,0.5,-2.0,4.9,1.0,-0.9,-3.1,-0.8,-7.0,-0.2,0.4,-2.1,-3.8,-3.0,-2.4,3.3,1.1,2.4,-2.6,1.6,1.2,2.7,1.1,-1.3,5.5,-1.8,-4.0,-5.6,-5.3,-0.8,2.1,1.3,-0.2,0.5,3.3,3.2,0.5,0.0,-0.6,10.9,-4.2,3.5,-3.7,-1.0,4.5,-3.5,-0.8,1.6,6.3,-3.2,-1.7,-0.6,-8.4,-2.0,6.6,2.0,-5.2,-1.7,-8.2,-6.7,-6.0,-4.5,1.3,5.1,6.3,4.4,-0.2,-0.9,-1.9,2.9,-7.5,-2.4,11.6,2.3,-0.6,-1.5,-4.5,-0.4,1.0,0.3,-2.4,0.0,0.8,-1.5,-4.1,-3.3,0.1,-2.0,4.7,9.2,-2.9,0.0,-3.9,0.1,-0.1,1.5,-3.8,-2.2,-0.1,2.3,0.3,0.3,-5.8,-4.5,-0.1,2.6,-9.5,1.7,-0.9,3.4,0.4,3.4,-6.0,1.0,4.6,2.8,-2.1,-3.3,2.8,-1.1,-1.3,-0.6,9.8,5.2,-5.8,5.5,-0.5,1.4,0.2,-2.3,1.9,-8.6,-3.0,3.7,1.5,1.2,-2.2,-14.2,-0.6,3.4,2.9,4.0,-3.3,-4.0,1.8,4.1,-2.5,-1.8,-1.5,0.4,-0.7,1.3,-2.4,-0.1,-0.4,0.5,2.7,-0.1,-1.2,0.5,2.6,3.0,-1.0,-6.0,1.8,-1.4,0.8,2.5,5.4,-0.0,-1.3,1.5,-8.1,5.7,-0.3,5.8,-3.6,1.7,6.5,-4.0,-8.5,2.0,1.6,4.0,3.9,0.7,0.4,-11.1,2.9,-1.4,0.9,4.1,0.5,-0.5,4.0,-9.5,-0.0,8.7,1.6,-1.7,0.4,-6.5,-6.9,3.6,4.1,-1.1,-4.8,-0.2,-3.3,-0.6,-0.6,-2.5,5.3,-0.1,4.0,6.6,0.2,1.4,-1.3,3.0,-1.1,-0.5,2.1,-1.3,1.1,-3.8,4.9,-3.3,-1.3,4.2,-3.3,1.3,-0.1,3.3,7.4,4.1,2.3,6.1,3.3,7.2,9.7,-2.5,2.2,4.1,0.6,-0.3,3.9,3.8,-1.1,0.4,3.0,-2.2,2.8,2.7,-1.5,-4.4,6.0,1.9,2.5,4.0,-4.1,-0.0,-0.7,-2.6,7.2,1.7,7.8,7.4,9.1,-2.2,6.1,4.8,0.2,-2.0,-1.4,-2.1,-3.2,-1.9,2.4,2.0,6.9,5.7,5.6,0.3,3.8,0.4,-0.0,-5.2,1.3,-0.4,-0.2,5.5,-0.5,0.5,0.7,-0.3,1.3,-1.3,7.1,7.3,-1.3,-2.6,0.4,3.9,-1.6,-1.2,-4.1,-1.6,-3.2,-9.0,-0.7,-4.0,-5.6,-4.0,-2.4,-0.6,-2.4,1.7,-0.7,-9.5,3.7,-5.0,0.9,-3.4,5.9,7.6,2.7,0.9,0.8,3.8,-2.4,1.3,0.1,0.5,1.9,0.4
2015-05-09,-5.1,0.6,-3.2,-1.2,2.5,-1.3,-1.6,-1.1,-2.2,-4.9,-2.1,-3.0,-4.2,-3.5,-0.5,-6.0,10.7,0.3,-5.1,-1.4,-2.8,6.6,1.8,-4.0,-2.9,0.2,-3.2,-1.4,-6.6,0.8,-3.0,0.6,-6.9,-9.2,1.4,-1.2,-4.8,0.8,1.6,-4.1,-0.6,-1.7,0.4,-0.6,0.1,-1.9,2.3,-0.1,0.5,-3.9,0.7,-0.5,-3.5,-1.7,-3.5,1.8,-2.7,-0.7,0.5,7.8,-4.7,-5.8,4.4,-0.0,4.0,-1.2,-1.7,-9.3,-0.6,0.6,-4.4,-2.1,-4.0,0.6,-2.4,0.8,1.0,-0.9,-1.1,2.6,-3.7,1.0,-0.6,-1.0,-0.3,0.8,-9.9,1.2,4.1,-3.9,-3.2,-1.5,-4.8,-1.4,-0.9,-1.6,-0.9,-9.6,1.4,3.7,-6.1,-3.9,4.9,-6.5,0.4,3.3,-4.1,2.4,1.5,-2.0,2.8,-6.3,5.7,-3.3,-0.3,-8.0,-3.2,-10.4,-3.5,5.6,-3.5,-2.1,4.5,-1.7,-0.6,-4.0,1.7,5.9,7.1,-8.0,3.1,0.6,-2.3,0.5,-4.5,2.4,5.3,-1.9,0.9,-0.5,-3.6,-5.1,-2.2,-3.4,-2.1,5.2,5.5,-4.5,-3.4,5.2,2.0,-3.9,3.9,-8.6,1.9,-0.7,-8.3,0.7,-1.7,1.2,-1.7,12.2,4.8,0.7,1.0,-0.1,1.3,-1.7,-5.8,-4.2,5.4,0.6,-6.2,9.0,-1.8,0.1,3.5,-2.5,-2.5,0.4,9.4,-2.1,-4.1,-5.7,-2.3,-2.6,-2.1,1.3,-9.5,-5.1,-2.3,-1.6,-3.9,-3.9,0.4,-5.5,-3.8,-0.2,-0.1,-3.9,2.7,-9.0,-6.5,-0.9,2.6,1.4,-7.8,-5.1,-2.0,0.8,0.5,-3.1,-0.5,-3.2,-2.3,-4.7,-7.0,-2.1,2.7,1.9,3.2,0.5,-0.5,2.0,-17.9,-3.4,-1.0,-8.6,2.9,-0.1,-3.4,-1.2,-4.3,6.5,-7.6,-2.2,-0.6,2.4,-1.9,7.2,-3.0,-4.2,-0.2,-2.5,2.3,-2.1,-1.2,4.2,3.8,-3.9,-2.0,2.8,-3.5,-2.0,-2.0,-6.2,-4.5,3.1,-0.3,2.6,-1.5,5.1,-1.3,-7.4,0.4,-9.9,-4.2,3.3,-2.4,-3.2,-1.1,-3.8,-5.5,-2.1,-1.4,-2.4,1.0,4.6,3.3,-1.8,-0.4,-3.3,9.8,4.7,-1.7,-1.1,-2.0,-0.7,-0.5,-5.0,0.0,-2.0,8.1,-0.4,-2.7,-0.3,-2.1,0.1,4.8,2.3,3.7,4.4,2.7,6.0,6.6,-1.1,1.4,1.2,2.4,5.2,2.8,1.8,1.2,0.0,1.1,-1.7,3.0,-0.0,-2.5,-3.0,3.8,-2.2,-0.1,2.5,-4.0,2.3,-9.5,-0.8,1.5,1.8,6.2,6.0,7.9,0.4,2.7,1.7,-2.9,-2.7,-2.1,-4.7,-6.9,1.8,-0.5,7.2,6.1,-3.3,4.7,-0.9,-0.4,-5.9,-12.9,1.7,0.0,0.2,-7.4,1.7,1.1,-0.5,-1.6,-3.2,-1.4,2.4,-5.1,-16.0,-1.6,8.4,1.6,1.8,0.0,-1.5,-3.4,-1.1,-2.3,-6.8,-2.3,-0.6,-1.6,-2.6,0.0,-3.8,-4.2,-1.2,-0.6,-5.1,0.6,-1.4,-2.0,-1.0,-5.4,-0.8,-0.7,-0.7,2.1,-8.5,0.2,2.5,-1.3,0.8,-3.4,3.1
2015-05-21,11.4,0.1,2.8,-1.9,-0.8,1.8,1.2,0.2,-0.5,-0.5,0.9,4.4,-0.8,-1.3,2.4,2.7,1.3,2.0,-1.5,-3.7,-1.0,6.1,-2.4,-5.1,-3.9,-5.0,-5.0,1.5,-4.0,-2.5,-4.4,1.1,2.8,-3.0,1.8,4.0,-5.2,4.0,-0.6,-1.1,-8.9,4.0,-2.2,-6.4,1.0,-2.7,2.2,0.6,0.3,1.3,-8.5,-0.9,1.3,1.4,-2.6,-0.1,-6.6,-2.3,2.6,-1.8,-0.8,5.1,6.9,5.6,-1.8,0.2,3.7,5.5,0.4,3.1,-3.4,-0.4,-6.7,5.8,10.2,-0.8,-6.1,0.6,-3.1,2.3,8.1,3.8,1.5,-8.6,1.8,5.9,-8.2,-0.3,4.9,-2.5,-3.8,-4.9,1.1,1.3,-3.0,1.7,1.3,-2.0,-0.2,1.2,2.5,0.4,1.5,4.3,4.8,6.2,-1.5,1.8,2.0,0.6,-8.8,-1.3,-8.7,-1.8,3.0,-5.9,-3.7,-2.1,4.6,1.8,0.8,2.2,5.5,-0.2,-5.7,-1.0,-0.6,5.5,4.1,5.1,4.4,-2.3,1.5,8.0,-3.6,-0.9,12.8,2.9,2.4,-4.4,-4.3,-10.4,4.0,4.4,2.1,5.0,1.9,-0.4,-3.0,-2.6,-2.5,-2.3,-0.2,1.3,6.0,6.6,0.4,2.5,2.1,1.0,2.6,-13.2,-1.1,-5.1,-9.0,6.1,-4.0,-4.6,-1.2,4.0,1.2,-0.1,-5.3,4.5,2.1,2.0,1.9,-3.7,-4.9,-1.7,-7.4,-4.6,1.0,-2.7,-4.4,1.9,3.5,3.0,-3.3,-0.7,-0.8,2.7,-4.4,5.9,-8.1,-3.9,0.8,-0.5,-1.6,2.3,2.6,-11.1,1.0,-2.2,1.0,1.3,3.6,-13.7,-8.1,-4.7,-2.5,-2.1,-0.4,-0.6,-2.6,-10.1,-1.0,-2.6,2.3,3.5,3.0,1.7,-0.3,4.7,2.9,3.3,-2.5,-3.8,5.4,0.1,-4.7,-5.2,3.0,-1.7,-0.5,-6.3,3.2,4.2,-9.5,-2.8,-6.4,1.6,0.7,-0.1,2.4,-0.2,-0.6,5.1,5.0,0.8,0.4,-4.5,-1.1,0.7,-10.5,-3.7,-2.2,0.6,1.8,3.4,-0.6,7.9,0.1,3.3,-1.9,3.0,-14.0,1.6,-0.9,-3.4,0.6,-5.1,-7.7,0.1,0.4,-5.6,3.1,3.6,4.8,4.7,-1.0,3.3,-12.5,1.1,0.1,1.6,0.2,-2.7,0.6,-2.0,0.1,-0.2,8.1,-1.2,-1.4,1.3,0.2,4.9,4.8,-0.8,4.9,3.9,3.4,9.1,-0.9,-0.4,-1.2,0.6,6.1,5.6,-10.2,0.3,12.6,-3.3,2.9,-1.8,-3.7,1.1,-0.6,-2.2,-1.8,-0.6,-7.2,1.1,-0.9,3.7,-6.6,2.0,1.6,2.3,5.7,5.1,8.2,0.1,2.8,-3.4,-1.4,0.9,-18.6,3.0,2.2,-0.5,-0.2,11.7,3.1,-0.4,-1.5,0.8,6.7,-4.9,4.8,1.9,-0.3,-2.0,1.0,4.8,-0.8,-0.9,-2.1,-1.3,3.4,3.8,-1.1,3.0,2.4,-0.3,4.6,6.1,-3.1,-3.8,-4.1,2.6,5.7,-7.1,-0.1,0.2,-5.1,8.3,-3.8,-7.3,-2.6,-7.1,-11.0,-0.4,2.7,2.2,-0.1,0.3,0.1,6.3,-0.8,0.7,3.5,-10.0,-1.6,-0.5,-0.2,1.4,0.2,1.2
2015-06-02,-4.4,-2.1,9.5,0.5,-10.3,2.3,2.1,2.6,2.4,3.0,0.4,4.4,6.6,-0.1,0.4,-17.7,4.6,-0.2,1.9,-0.6,-4.0,2.0,1.8,0.5,1.2,5.4,3.4,-0.6,-3.5,0.0,-2.7,-1.1,-9.5,6.4,4.2,1.1,-4.9,3.8,-2.6,-1.9,1.1,5.4,-1.8,1.7,-0.4,0.8,1.1,1.0,3.8,0.1,4.3,2.1,-0.0,-2.5,-3.8,5.4,2.0,0.2,3.4,0.6,-0.3,0.2,5.6,2.2,-0.2,-1.6,-3.2,1.6,-3.5,3.3,-3.6,-1.2,-3.3,2.0,0.8,-0.5,3.7,1.9,-4.9,2.8,-0.0,3.1,1.3,0.9,-0.4,-3.2,-5.9,2.5,6.0,-3.7,-0.9,-1.8,-0.7,-0.6,4.4,2.2,-2.8,-1.6,-0.5,6.4,-1.6,-4.0,3.8,5.7,1.6,1.9,-5.3,3.0,-8.8,0.2,3.1,-5.6,-4.2,-4.8,-0.8,-9.2,-1.3,12.9,4.2,6.1,1.5,1.3,0.2,-0.4,-1.5,-1.4,0.5,3.8,9.7,-2.6,2.7,-1.7,1.3,8.2,-4.7,0.6,6.5,-0.5,0.6,-4.4,0.0,-1.0,3.3,1.6,0.6,1.5,3.7,10.6,-2.4,1.4,0.1,-0.8,-1.7,-0.5,1.2,-4.9,-1.0,1.2,-0.1,1.8,-1.7,3.9,5.6,7.9,-11.4,-14.1,0.9,-3.0,-0.3,0.4,0.1,2.9,-4.0,4.6,1.9,2.9,2.1,3.2,6.3,4.7,-6.3,4.1,0.2,-0.8,-5.3,6.1,-1.1,0.5,-3.9,-1.3,-0.9,-0.8,-1.3,2.2,-3.5,-4.2,2.9,1.8,-0.5,0.0,2.1,-15.0,-10.4,0.0,1.9,6.7,1.0,-6.5,-9.9,-2.2,1.1,1.2,0.5,2.7,1.5,-0.3,-1.6,0.9,3.4,0.8,3.2,1.9,2.2,9.6,0.1,4.3,0.6,-1.7,2.8,0.8,1.0,-0.6,-2.2,2.4,3.9,-1.0,1.6,2.9,6.0,-2.9,-3.4,4.7,1.9,-1.8,-1.2,3.3,2.6,8.4,1.5,-1.0,-0.6,-0.5,0.7,-2.6,2.4,7.9,7.2,-1.8,-0.3,2.0,4.2,1.8,-1.8,-7.8,3.9,-1.5,0.4,5.6,4.6,5.2,2.9,-1.0,-4.8,-0.1,-0.9,-0.3,6.0,8.3,5.2,8.3,1.7,-6.8,10.8,0.7,-1.4,0.2,3.0,1.7,1.0,-3.4,1.4,-5.1,1.2,-2.9,-4.2,1.7,5.6,6.0,9.4,5.7,6.5,5.0,4.0,6.5,4.6,-5.9,2.8,0.9,2.6,0.6,1.6,3.0,-0.0,-0.8,8.0,-1.6,5.1,-0.8,-2.6,-4.8,1.0,0.0,-0.9,4.9,2.3,2.0,-8.1,-1.1,2.9,1.8,9.2,7.6,7.0,6.4,-0.4,-4.6,-2.5,-5.6,-0.3,-4.0,3.8,-3.2,2.2,7.6,8.5,2.5,-6.4,-4.1,-4.6,-2.7,-11.7,5.2,-0.2,-0.2,4.3,4.8,1.5,-0.1,-0.7,-0.9,1.7,5.7,1.3,4.0,-2.1,11.8,-2.0,1.6,-1.3,1.0,-5.6,0.3,-2.7,-8.6,-0.2,-0.8,0.2,5.6,-11.5,1.9,1.0,-0.9,-2.9,5.6,4.2,0.8,0.7,2.3,-8.5,2.3,2.0,0.7,-0.5,-5.5,1.0,-16.5,1.3,1.0,-3.8,-4.3
2015-06-14,4.5,2.0,5.4,4.1,1.0,4.9,2.0,0.6,1.2,-2.2,2.9,6.7,2.0,3.6,1.4,-0.1,1.1,2.6,3.2,4.1,3.9,5.0,5.3,11.3,0.6,4.9,0.3,0.9,-1.4,5.8,2.9,2.7,6.9,2.4,1.9,2.4,-7.4,3.1,-16.2,-2.9,2.3,6.6,6.3,6.3,0.2,-0.1,2.0,1.8,4.8,1.7,-0.9,3.1,-2.6,2.3,0.2,3.6,2.1,1.7,1.9,0.7,-0.7,-1.6,4.4,2.9,-2.5,2.1,0.6,-1.2,-3.1,0.2,-3.4,-0.8,-2.4,-3.5,1.1,-2.8,-5.0,8.4,-2.0,2.9,6.2,4.6,-1.4,-1.4,1.1,1.8,1.5,2.8,5.1,-3.5,-2.0,0.1,-0.5,-1.7,0.1,4.8,2.2,-2.0,-1.7,2.2,2.3,-7.9,4.8,-4.1,2.1,-3.0,-1.1,1.8,0.9,-3.1,-0.4,1.4,-0.7,-1.7,4.6,-3.3,-2.6,8.2,1.1,3.5,3.3,2.3,-2.4,-2.0,1.4,-0.7,2.6,9.3,5.8,-1.2,6.1,0.2,0.7,-14.8,-3.8,0.7,2.8,0.7,0.8,0.1,4.1,-2.1,0.1,1.8,0.8,5.3,4.9,9.6,-3.4,5.0,2.6,3.7,-7.1,0.4,-1.3,0.8,3.1,-8.5,0.5,2.2,4.0,10.4,4.5,0.7,-11.2,6.9,-4.4,-4.5,0.3,-7.6,4.1,1.3,-6.9,-15.5,-1.4,1.6,12.0,-4.2,-11.1,1.0,-6.2,-1.0,-5.2,0.0,-2.3,-5.1,4.5,2.1,1.1,-1.5,0.3,-0.7,-5.6,-2.2,-0.7,-9.4,-5.7,1.7,1.1,0.7,-5.3,7.1,1.3,5.0,3.2,5.3,3.2,-4.3,-8.2,-4.5,-1.3,-0.3,-1.7,2.7,1.3,4.7,-2.3,-0.0,-4.0,-0.7,-0.6,-1.2,4.2,7.7,4.1,2.9,1.3,-11.0,0.2,-3.4,2.0,-1.3,-7.3,-0.0,0.6,-1.5,-8.8,-3.0,15.8,-3.6,-2.9,0.9,-2.1,-8.8,-7.9,0.6,0.7,12.4,6.8,-1.0,-1.2,0.4,-2.4,-5.2,-0.6,0.9,-9.6,-3.0,-7.8,15.5,7.9,7.4,-1.6,-1.2,3.2,-2.6,0.3,5.7,-0.5,-0.6,1.4,-0.4,-6.0,-0.1,-0.8,-0.1,3.7,10.1,8.0,9.2,2.8,-7.7,7.8,2.2,1.5,1.4,-0.1,2.4,0.4,-3.5,-0.1,-3.5,-10.1,0.8,-2.4,2.8,3.9,-13.3,12.9,4.2,10.1,7.5,5.6,9.9,1.5,-4.1,5.7,3.3,2.2,1.3,6.6,3.1,-1.4,-1.3,3.4,-0.6,-2.1,2.9,-0.4,-2.7,6.2,0.2,2.4,1.3,-7.7,1.0,-5.5,-0.0,-13.2,0.5,9.4,7.3,8.9,-5.4,1.3,-1.0,2.3,-2.3,0.4,-6.0,-8.8,-3.9,9.5,13.1,7.8,-14.5,0.1,-1.8,-8.2,-0.9,3.5,3.9,0.0,0.1,-5.6,-2.6,0.1,-0.3,-1.7,-0.1,0.4,2.2,-3.3,-7.9,-0.3,2.9,3.6,-0.3,-1.6,-1.0,-5.5,-1.3,-2.6,-4.5,0.2,1.0,0.4,6.4,-3.0,-0.5,-1.3,-4.2,0.3,0.9,4.2,-1.7,-2.3,-0.4,2.2,6.2,3.3,-0.4,-3.1,3.2,8.8,-10.2,5.6,2.6,-10.2,-9.6
2015-06-26,17.2,-0.9,-7.7,-3.2,0.9,0.7,-0.9,-3.8,-1.4,-4.4,-5.6,8.0,-2.8,-3.8,-3.8,-4.8,-12.1,-5.8,-0.3,-3.4,0.6,3.5,3.1,-5.0,-3.4,-1.3,-12.5,-2.9,-7.0,-4.0,-1.3,-3.7,-0.2,-7.7,2.6,-7.3,-6.6,-3.0,-5.4,-4.3,-0.8,2.8,3.7,2.3,-4.6,-6.9,-5.0,-4.5,1.5,-2.1,2.2,-0.6,-3.4,6.5,0.7,5.5,-0.8,-0.8,-4.6,-12.8,-0.9,-2.8,2.7,0.3,-4.6,-6.9,1.2,3.5,-1.5,0.3,-3.9,-2.3,-8.6,-2.3,1.9,-9.1,-11.1,-14.7,-7.0,1.9,-3.5,-2.6,0.7,-0.9,0.8,0.2,14.6,-0.0,3.6,-4.7,-6.8,-5.2,-1.9,-4.3,-1.7,0.4,-4.2,-8.9,-2.5,1.5,-4.1,-8.4,0.7,-1.5,0.6,-1.8,-6.8,-1.3,1.3,-0.9,0.7,-1.5,-6.4,-3.1,1.7,-4.0,4.3,-8.4,-0.8,2.5,-4.9,-2.1,1.8,-4.1,-2.9,-2.0,0.6,4.0,0.8,-3.3,-2.6,1.2,-0.2,13.1,-7.0,-3.0,1.0,-3.0,-2.5,-1.8,-2.0,-1.1,-4.6,-6.1,3.0,-1.9,1.1,4.8,-2.3,-3.7,0.5,0.5,0.1,-6.0,-9.1,3.2,0.4,1.0,-3.7,2.5,1.3,2.1,1.0,-8.4,-13.9,4.0,-5.0,-3.4,-3.2,0.7,-4.8,1.3,-4.5,-6.2,-5.3,0.5,9.7,2.6,-16.6,1.6,0.5,0.0,3.3,-2.4,-3.5,-5.2,-14.4,10.4,-5.8,-2.2,1.2,-0.1,3.7,-4.0,0.1,-5.0,-4.8,-1.2,-2.3,-1.9,-5.5,-7.9,-1.1,-1.8,2.4,1.6,-2.0,-7.5,-3.4,4.8,-5.2,-2.8,-2.2,6.1,0.7,0.3,-3.4,-1.3,-2.5,-2.0,-0.3,1.4,-3.4,3.5,-1.5,3.3,-1.7,3.0,-2.7,9.7,-0.0,0.1,-3.0,-2.7,-6.4,0.8,-2.9,-0.1,2.8,2.3,-5.3,-1.0,-5.2,-7.0,-5.5,-1.3,2.8,7.1,2.0,-3.9,-4.3,-5.5,-5.9,-6.6,-9.7,-2.6,-4.4,-1.9,-8.0,1.4,3.2,3.2,-4.6,-5.7,0.2,-4.9,2.1,1.5,-1.2,-1.0,-1.8,-7.1,-10.1,-1.0,-1.0,-3.2,3.4,1.6,9.9,2.3,-2.1,2.7,-2.9,0.8,-2.8,-0.7,-4.0,0.3,-0.7,-4.0,-0.6,-5.4,4.1,-4.3,-5.4,-0.2,-8.2,3.2,4.1,-1.0,3.0,5.8,0.9,-4.8,-1.8,-11.0,-0.4,1.3,-3.9,0.3,2.1,0.1,-1.7,-1.0,2.8,0.6,-2.9,-2.9,-3.5,-3.8,-12.2,-3.7,-1.0,-10.3,-3.4,-4.5,-2.2,-5.8,4.8,-2.5,5.4,5.2,2.6,0.6,1.2,-7.2,-2.0,-5.8,-4.2,-2.9,-3.0,-0.9,-1.8,15.5,2.1,0.3,-9.2,-1.8,-6.3,-8.9,-5.9,-2.7,0.5,-0.4,-5.7,4.4,-3.5,-3.0,-1.0,-3.6,-1.8,-1.5,-3.9,1.7,18.5,-9.6,-0.1,3.2,-3.3,-2.8,-4.7,-0.1,-4.2,-14.6,-7.0,-4.2,-2.0,4.6,-4.4,-1.7,-3.2,-2.9,-2.1,0.8,2.6,-4.4,-3.7,-2.3,3.9,3.8,-2.2,-3.7,-3.4,1.0,-0.9,1.1,-5.3,-5.2,-2.0,-3.7
2015-07-20,1.8,-3.1,7.9,5.1,0.7,2.8,2.1,0.9,6.7,-1.1,-1.0,-3.8,0.3,2.0,1.4,8.1,2.1,-0.6,0.1,0.8,-2.4,3.5,0.7,-2.0,-0.5,3.1,-7.7,-3.8,-10.3,-1.5,-1.8,-0.1,10.4,1.3,0.0,-2.2,-8.7,0.5,-2.2,-3.2,-2.8,5.5,-2.8,3.2,-3.6,-3.7,-2.9,-7.9,1.6,-4.4,-1.2,-1.4,-2.9,-3.9,-5.0,0.8,2.6,-3.2,0.2,0.2,-5.5,-5.5,3.5,0.2,-3.1,-6.3,-14.6,-0.1,-3.6,3.2,-4.7,-2.8,-1.5,-1.1,-2.2,-3.4,2.5,5.0,-4.3,4.2,-6.5,-2.0,0.2,-2.9,-4.2,-10.2,-0.1,3.2,3.1,-4.4,-4.0,-0.6,4.0,-1.5,-3.1,-1.4,-3.2,-2.7,13.0,-6.4,-0.2,-8.9,3.6,-3.9,-0.2,2.1,-4.5,1.4,7.7,-2.6,-1.5,0.1,-8.1,-5.2,2.9,-5.9,-7.3,-0.3,-6.0,-12.0,3.7,-1.1,-3.2,-11.7,2.4,2.0,6.8,10.4,-0.8,-0.4,-5.7,-4.5,1.0,8.4,-6.3,-5.7,7.0,3.8,-0.3,-1.4,8.8,3.1,-2.3,-3.4,-2.3,-2.3,-2.3,0.7,-3.7,-0.8,-6.4,0.1,9.7,1.3,-1.5,0.5,3.6,-2.0,-1.4,4.4,-8.9,-6.5,-4.4,2.5,1.5,-3.7,-4.3,-4.8,-6.4,3.0,-8.1,6.0,3.3,-2.3,-0.1,-0.0,-4.2,-3.3,2.2,-1.7,-2.2,-5.0,-4.9,2.2,-1.4,0.3,-1.0,14.2,-4.8,-4.9,-4.5,-5.8,-3.8,-1.1,-1.4,-4.7,-0.8,2.1,3.4,0.6,-3.5,-7.5,-3.0,0.4,0.8,4.3,4.2,-5.6,-7.1,-6.7,-2.8,-0.1,-1.1,-2.1,1.2,6.0,-3.3,0.3,-3.0,-2.1,-6.2,-0.8,-0.7,6.9,-0.3,1.2,-1.1,-0.3,-1.6,2.9,-0.3,-1.3,-0.6,-1.1,-0.3,0.5,1.7,-0.3,3.1,-12.8,-4.6,3.2,2.5,-1.5,0.2,-0.5,-0.9,7.0,1.3,0.5,-0.4,-3.3,-2.7,-2.2,-1.4,1.2,-6.0,-2.2,-3.9,7.4,3.9,0.4,-0.9,-2.8,1.1,-5.1,-4.7,-5.6,-1.0,3.4,1.0,-3.0,-6.1,0.8,-0.8,0.2,0.1,3.8,3.8,6.0,0.5,-2.9,-2.9,2.6,-0.8,0.5,-1.5,3.4,0.3,-2.2,-4.2,1.5,3.8,-4.6,-5.0,1.5,-1.7,4.7,5.7,-1.6,2.7,5.2,3.7,2.4,1.2,-2.3,4.6,9.4,-1.0,3.2,3.8,1.6,4.9,-1.5,2.1,-0.9,-0.4,2.1,-3.0,-1.5,-2.8,-0.3,-1.6,-0.3,-6.9,5.2,0.9,-0.0,9.6,0.1,7.8,8.4,7.3,-2.3,-3.4,0.4,1.0,-3.2,-1.4,14.3,-13.5,7.4,4.6,5.5,10.4,-1.4,1.4,-2.8,-2.2,-2.7,3.6,-0.2,-1.9,2.9,-0.6,-0.6,-1.1,-0.3,0.4,-3.5,1.3,-1.3,-4.7,8.0,-2.2,2.3,-3.3,-2.6,-3.3,-2.8,-1.8,-0.9,-7.0,-11.4,-2.2,-1.7,-1.7,4.4,-4.9,-2.9,-0.3,-1.5,-2.6,1.4,3.3,-0.1,-5.1,-6.6,0.0,4.2,5.7,-3.0,-2.8,0.0,-1.8,7.2,2.2,-0.2,2.6,-2.7
2015-08-13,4.9,-2.1,6.8,4.0,2.7,1.8,2.9,4.2,3.4,0.3,-6.8,2.3,2.4,0.5,3.9,2.2,-2.8,-6.3,2.6,-1.7,4.9,9.4,1.4,-2.1,-1.5,2.1,-1.3,3.2,-3.8,1.2,0.9,1.8,6.1,2.4,4.4,2.4,0.1,7.8,-1.9,-1.7,1.5,-8.9,-0.6,7.2,-2.3,-3.8,3.3,-4.2,0.3,-1.8,6.3,0.6,-3.3,-0.7,-2.8,1.7,1.5,0.4,2.9,-0.4,-3.6,-6.2,4.6,3.3,2.7,1.9,-3.4,2.5,-2.7,-1.3,-4.5,-1.9,0.1,1.6,4.3,-2.2,3.4,2.5,-1.2,4.7,3.5,2.9,0.9,0.9,-0.0,2.3,7.4,1.2,4.2,-5.4,-2.8,1.5,3.3,-0.4,5.6,-15.1,1.7,-3.5,-0.2,-2.6,5.0,-2.5,5.2,-14.1,7.0,1.7,0.9,3.0,-2.5,-1.2,2.7,-0.4,5.5,1.9,-1.6,6.8,-0.3,14.5,1.5,0.2,6.2,5.2,-0.6,-4.6,3.3,4.2,5.3,11.2,-6.0,-5.7,2.2,-1.3,1.2,-0.4,-0.8,-5.2,2.4,3.2,6.3,2.6,7.0,3.6,-1.0,-1.9,1.5,-2.2,0.4,-5.7,0.9,-1.8,-4.2,-1.7,15.2,1.0,5.5,6.6,9.0,5.5,-0.6,4.9,3.2,0.3,-2.6,-9.9,-5.9,-5.0,-0.7,-2.8,4.3,-2.4,2.4,2.7,11.7,3.4,4.7,4.3,2.2,-1.6,-7.2,-1.4,-0.1,0.6,-2.3,0.9,0.1,4.7,0.9,-4.6,1.5,-10.6,-3.3,0.4,-2.6,1.8,1.0,3.3,3.6,3.0,2.9,-17.4,1.5,-3.4,-3.1,-0.9,8.4,4.2,2.1,-3.0,-3.7,0.1,4.4,3.2,3.2,-1.4,1.8,3.2,3.9,-0.8,-1.8,-2.6,3.4,8.4,1.6,8.3,5.8,0.9,0.3,-3.7,-1.3,-3.2,3.0,2.9,-3.5,-1.0,-0.7,0.7,-2.1,0.5,-2.2,9.1,-4.7,3.8,8.1,-4.1,-2.6,7.9,-14.4,-10.8,13.3,-0.8,0.5,1.3,-0.9,-2.7,1.6,0.1,-7.2,8.7,-2.5,4.2,7.3,9.0,0.6,0.4,4.0,-0.9,6.1,7.6,0.6,2.8,-1.9,-2.2,-1.2,0.6,0.5,-1.4,8.1,7.2,1.6,11.7,1.8,-10.7,7.9,2.7,1.1,1.6,1.5,-1.9,0.7,-3.6,5.5,1.8,3.4,2.1,-6.3,-0.2,0.8,6.9,9.0,6.9,4.1,3.6,4.9,9.3,7.9,2.8,1.8,0.9,3.2,1.1,3.8,4.2,6.1,1.1,4.2,1.0,2.0,2.9,-1.9,-0.8,-0.2,-0.4,-1.2,-0.6,-0.9,4.9,-0.7,-3.3,3.3,0.3,10.1,7.5,8.8,-6.1,-7.4,5.0,-0.8,-2.8,-6.1,17.6,0.8,4.1,0.1,-10.1,9.1,-3.7,0.6,-1.7,-1.2,-8.2,10.4,2.3,1.5,2.0,-1.1,-1.4,-1.0,-1.3,-3.0,2.3,-2.2,2.9,-1.0,3.7,-1.5,-1.5,-5.7,-3.0,-0.4,-1.1,-5.1,-3.1,-5.8,-9.5,15.2,-1.2,2.1,12.2,-1.6,-2.6,-5.2,2.5,-5.3,1.8,-0.9,-0.1,1.5,-7.1,1.6,-0.7,-0.2,-2.3,-7.9,-3.0,3.1,6.7,8.8,-9.8,0.8,0.7
2015-08-25,-0.9,-3.4,3.4,-3.7,-1.4,1.8,2.6,-1.3,1.8,-2.5,8.8,-1.4,0.8,-2.9,-0.5,1.0,11.1,7.9,0.3,-7.2,-2.6,-7.8,2.1,-6.3,-1.2,-0.6,-0.1,-1.9,-5.1,1.5,-2.1,-2.2,6.9,0.5,-0.4,4.4,-7.4,-1.3,-2.6,-4.9,-1.2,1.7,-7.6,-2.1,-3.7,-5.4,-3.1,-0.9,-0.7,-4.0,-9.2,-1.2,-3.1,1.5,-5.2,-0.9,-5.8,-1.8,-0.2,8.1,-2.8,-4.6,4.9,3.2,-3.0,-0.8,-7.8,1.8,0.6,0.4,-3.6,-0.8,-3.9,2.5,-0.7,-3.6,11.8,-2.6,5.3,2.2,1.8,3.5,-1.7,-4.3,-2.1,0.2,3.9,3.3,5.5,-4.4,-3.1,-0.9,1.5,-1.3,-0.3,-0.4,0.5,-8.6,-1.1,-0.7,0.4,-5.9,6.3,-10.6,6.1,3.4,4.6,-1.6,-7.0,-6.4,-1.7,-0.6,-0.2,-1.1,0.8,8.1,4.1,-8.0,1.6,3.4,1.8,1.1,-4.8,-17.2,2.6,3.5,1.3,-13.1,-5.8,-6.2,-1.4,-1.2,-2.4,-11.7,-1.6,-4.1,3.8,4.8,-0.6,-2.0,-14.4,0.7,-4.4,6.5,-0.3,-3.5,2.8,-3.5,-2.3,3.5,-2.4,5.2,4.5,1.3,2.6,-0.2,7.3,-1.2,1.7,2.1,-2.5,0.4,0.2,4.2,-1.0,-4.4,-2.7,-4.0,-5.7,6.4,-2.8,2.2,2.5,-2.7,-0.2,1.2,-1.3,0.0,6.9,-0.8,-4.0,0.4,-5.1,-1.7,-1.9,1.0,-2.2,7.3,-1.0,-0.3,-6.2,-0.3,2.9,10.6,-0.5,-5.4,0.2,4.1,-1.2,1.4,-0.2,-5.0,-2.5,0.0,7.2,0.9,-0.0,-4.0,-6.7,0.1,-1.0,2.4,-2.7,-0.5,-2.5,-3.6,-4.0,-1.9,-2.4,0.7,-0.3,0.6,-3.4,5.8,1.7,0.7,1.2,-9.4,-9.3,-7.5,0.6,0.3,-1.0,-1.7,-1.6,-2.8,-2.0,-1.5,-3.0,-0.4,-5.9,0.5,1.4,-4.1,-2.4,5.7,0.1,5.3,-1.7,-2.2,-3.2,-2.3,-4.7,-4.3,-2.3,0.3,-8.0,-1.4,4.6,2.3,2.3,5.0,-3.0,-5.9,2.6,-2.7,3.7,2.0,4.0,2.5,-3.4,-3.2,-6.7,0.3,-0.5,-2.2,3.3,4.7,5.1,6.7,0.4,-4.6,2.7,-0.8,-2.8,0.9,0.5,-2.9,-1.7,-4.0,-2.8,-2.7,2.1,-0.3,-3.0,-0.8,-4.4,3.9,5.6,3.8,1.0,5.9,2.2,2.2,13.3,-5.3,1.1,2.2,-0.6,-2.4,-0.5,2.5,-3.9,-3.0,0.4,0.4,-4.0,1.0,-2.2,-4.5,-9.1,-3.2,-5.6,5.9,-4.8,3.2,0.5,-4.2,4.6,-3.2,4.2,5.7,5.5,-2.0,-2.0,-3.1,-0.8,-4.9,1.0,1.3,-7.7,1.5,1.2,2.5,4.4,-5.0,-2.9,-4.0,-3.2,-7.4,0.2,-6.3,-1.4,0.6,1.4,-4.4,-2.5,-2.9,-6.5,-3.6,-4.6,3.6,-10.9,6.6,-4.4,-3.5,-3.8,-3.7,-1.9,-3.4,-8.0,-9.2,-5.8,-10.2,-5.2,-1.3,-0.5,9.1,-3.9,0.3,-5.4,-7.8,-1.4,1.8,1.2,-2.2,-3.0,-2.6,1.1,0.0,-1.1,-3.4,-0.7,-5.5,-4.1,3.1,2.5,-0.3,-9.8,-1.6
2015-09-06,-1.6,-4.0,-7.0,-3.3,-9.5,4.2,2.2,-2.8,6.6,-4.2,12.5,-12.7,0.2,-6.8,2.9,-3.4,-3.7,8.2,0.3,-6.5,-1.4,3.7,-0.8,-7.4,-2.5,-5.7,-8.2,-2.3,-5.3,-1.3,-3.2,-2.1,0.4,-3.3,2.0,-7.0,-5.9,-0.5,-3.8,-5.2,-6.6,-0.5,-2.0,-3.4,-4.0,-6.6,-1.4,-1.4,-3.3,-5.3,-14.5,-1.2,-5.2,-2.9,-2.9,-3.4,-15.0,-4.3,-5.4,3.5,-5.1,-4.7,4.8,2.2,2.6,-3.8,3.5,10.8,-1.6,0.3,-3.5,-1.2,-0.4,0.2,2.5,-9.1,7.0,6.1,-1.5,2.3,-4.7,0.2,1.8,-0.3,-2.5,2.9,1.4,-2.5,5.8,-4.2,-5.7,-1.9,5.2,-3.5,-3.0,-3.1,-9.6,-8.9,-5.3,0.1,1.5,12.6,-1.4,-1.0,-9.3,15.2,-4.0,0.0,-1.1,-1.7,-4.8,-1.3,-4.9,-4.0,-2.1,-5.8,-3.1,6.1,-1.1,-0.3,-5.8,-5.3,6.2,-2.3,-0.2,0.5,-6.3,-6.0,-5.2,-11.4,0.0,-2.9,-1.8,6.8,-6.3,1.4,-0.6,-0.9,-3.8,12.0,0.9,2.6,-1.2,-3.6,0.1,2.7,3.7,-4.7,2.3,-1.1,-3.1,-4.9,2.4,-8.1,10.6,5.9,4.6,4.2,-3.0,1.7,-2.1,4.7,1.3,-1.0,-6.8,-5.3,-2.6,-0.6,-4.0,-0.5,-6.8,-1.6,1.0,-2.1,-1.1,12.3,3.3,-4.4,-4.1,-3.9,-3.7,-0.5,2.6,-5.8,-1.0,4.2,-8.3,-1.9,3.3,-2.6,-7.8,-0.5,0.3,-7.3,-10.3,-15.5,-15.7,-0.8,-3.1,0.0,3.0,-6.1,0.9,1.1,0.1,-0.1,0.2,0.0,-8.7,-7.7,-6.4,-8.1,4.1,-5.8,-3.1,-4.2,-5.4,-1.6,1.4,0.4,3.1,1.3,-1.4,4.2,-16.5,-3.2,-2.8,-1.8,-9.3,-1.4,-3.5,-5.0,-1.7,-4.1,0.6,11.4,-5.7,1.1,-1.2,2.0,-4.1,0.9,-10.9,-6.0,-5.2,-0.3,2.6,3.9,2.8,-1.6,-2.7,-3.0,-3.5,-5.3,-3.5,3.4,-4.9,6.0,1.8,7.9,-0.9,2.3,-1.6,-1.6,-0.1,-4.1,3.4,2.3,-0.5,1.7,-2.3,-4.4,-6.1,1.3,0.6,0.2,-4.0,3.8,1.2,2.9,-0.8,-1.8,0.2,-2.5,-4.0,-1.4,-1.9,-0.5,-1.6,-3.9,-1.9,-3.3,0.3,2.4,-2.5,2.0,-6.3,-4.7,2.4,-9.3,2.2,3.2,-0.2,-0.6,-5.5,-5.0,5.0,-3.6,0.2,-2.1,2.3,0.3,3.0,-2.2,-0.7,2.6,3.4,-3.3,-2.9,-3.7,-3.0,-1.8,-6.7,-3.7,8.3,6.0,-3.1,-10.6,8.0,-0.1,4.5,2.0,5.2,2.6,4.5,-1.2,-3.1,-5.6,-19.3,15.5,2.8,1.6,4.3,-3.3,-1.1,-3.1,-3.6,-1.6,-5.1,-7.3,9.7,0.4,-0.5,-19.9,1.1,-1.2,-2.2,-1.7,-2.0,-3.0,0.3,4.3,-7.7,2.6,1.1,-1.9,-3.0,1.1,0.2,-0.5,-4.5,-1.7,-6.9,-4.8,18.9,-5.6,-0.6,-0.8,-3.2,-0.3,-3.4,-2.9,-5.1,-2.7,-1.1,-5.1,-1.8,-2.0,3.0,-1.6,-1.7,-1.9,1.9,-4.5,-0.3,1.2,-0.9,0.4,-1.8,-0.3
2015-09-18,0.4,-2.2,4.8,2.3,-3.4,3.1,3.5,-1.4,2.3,-3.7,10.5,0.9,2.9,-1.3,-1.8,5.2,-11.7,9.6,6.0,-5.3,0.0,2.5,2.4,-4.8,-3.4,-3.9,1.6,-1.7,-3.2,-0.7,-1.8,-4.2,-1.3,-4.2,-1.4,5.2,-4.6,2.5,0.0,-2.4,3.3,2.0,-0.0,-1.7,-4.4,-3.0,-2.9,-2.9,-2.1,-2.8,0.3,0.1,-4.5,3.2,-1.5,-6.4,2.1,-0.4,0.3,-12.3,3.4,-3.9,3.8,1.6,-0.3,-3.0,-0.5,-3.8,2.0,-0.1,-3.9,-1.5,-8.1,2.7,4.5,-4.8,2.8,2.5,-6.4,2.4,1.2,2.1,2.9,-2.3,0.7,-0.1,-1.5,-0.3,3.0,-5.1,-4.4,-1.9,7.5,0.4,3.6,6.4,0.7,-3.7,1.5,0.7,-1.3,-4.4,3.8,4.0,-7.3,8.9,3.5,3.4,-2.1,0.5,1.0,-1.6,-1.4,-1.0,-0.7,-2.0,-12.1,-4.0,0.4,0.0,3.5,1.6,-3.1,-8.3,1.9,0.4,6.5,10.0,8.2,-0.6,3.7,-1.9,-5.1,-9.9,-3.2,-2.9,4.0,7.8,1.5,-2.1,9.7,-10.9,0.2,-3.0,1.6,0.5,2.2,8.6,-14.5,-6.8,-3.2,5.4,4.5,3.9,1.1,4.7,6.6,3.0,-0.1,2.5,1.0,6.1,0.6,-3.3,-7.0,5.5,4.4,4.2,-5.2,-3.2,-5.7,-0.3,6.7,-2.3,0.3,0.1,0.1,-2.9,-4.2,2.8,-2.5,5.8,-1.6,7.6,-2.9,2.4,-5.9,14.4,-5.0,-3.6,-3.8,-3.8,1.6,-4.8,-10.1,-12.4,2.1,-0.5,-0.1,0.9,-3.4,-7.1,-3.5,4.3,5.4,5.4,0.8,-4.9,-4.4,-9.5,-4.8,1.5,-0.6,6.3,0.4,1.8,-4.7,-1.8,-1.6,-0.8,-0.7,-1.1,1.4,7.3,3.9,1.5,-5.0,-6.9,-7.6,-5.2,1.8,1.2,-11.4,-6.0,-0.6,-0.4,-3.9,3.5,7.7,4.9,1.6,0.0,0.8,-2.1,-0.3,1.9,0.5,-2.5,10.8,-2.2,-2.0,-3.7,-0.9,-1.6,5.2,-5.7,7.3,0.6,12.6,7.8,-6.2,11.5,-0.5,-8.0,3.4,-2.0,4.7,0.5,-0.2,2.6,2.3,0.0,-1.8,3.1,0.5,-0.3,4.6,7.5,8.0,9.2,1.5,2.9,4.1,-0.9,-5.5,-0.3,-0.1,1.5,1.2,-2.6,-0.4,0.6,5.6,-0.4,-3.1,1.6,-2.2,5.1,6.0,4.6,2.1,5.0,4.3,7.0,7.7,-4.5,3.0,1.6,3.1,-3.0,-0.6,-0.1,1.0,1.0,3.8,1.1,0.7,2.6,-1.3,-1.1,-7.0,-1.8,-1.7,-4.5,-0.6,3.6,6.9,-0.7,1.4,1.4,8.2,7.6,7.0,7.6,0.5,0.8,-0.3,-2.3,-3.1,12.6,1.1,0.5,-5.6,-2.4,5.8,3.7,-6.3,-2.8,1.4,-4.8,1.7,3.6,-1.3,-0.5,1.1,0.5,-2.4,-1.7,1.3,-0.3,1.6,4.7,0.5,6.4,-3.7,-2.4,-7.2,-1.9,-0.2,-1.0,-2.8,-4.1,-4.2,-9.0,-7.4,-3.6,0.7,20.8,-0.1,4.3,-1.4,3.1,-1.5,1.4,-0.9,-4.7,-2.8,-1.0,2.6,-1.6,-2.1,-3.5,-0.7,-0.1,-4.3,-0.6,-10.5,-4.7,3.6,0.1
2015-09-30,0.1,0.8,3.0,-2.5,-2.1,3.5,2.4,2.1,5.9,-5.0,8.0,-2.1,4.5,0.0,-2.6,2.8,-6.9,7.2,2.3,-1.0,0.7,1.0,0.2,-12.5,-1.5,5.2,0.4,-1.8,-2.8,-7.8,0.3,-3.7,-9.3,-1.6,-1.2,3.9,-4.7,3.5,-3.6,-1.0,0.0,-7.6,-1.6,-0.8,-1.4,-3.7,3.8,-3.3,0.7,0.1,1.3,3.0,-2.4,-0.5,-4.5,1.4,4.7,-0.9,0.9,0.2,-2.8,-1.4,4.7,2.8,-0.9,-0.9,-0.9,4.7,1.7,-0.7,-4.6,-0.4,-5.0,-0.4,0.3,5.1,3.9,1.2,-3.9,3.5,3.7,3.1,2.9,-1.0,0.2,-6.0,-6.7,0.9,2.1,-3.6,-2.4,-2.7,3.8,-0.2,2.7,2.6,-2.9,2.5,-2.3,-1.3,-1.6,3.0,2.2,-2.4,-11.3,2.5,-5.3,1.8,-2.6,-3.6,0.2,0.9,8.6,-1.4,-1.6,2.5,6.3,-11.5,2.1,3.9,4.8,2.6,-0.1,-4.7,-2.5,1.3,2.0,4.2,7.5,-0.8,9.0,-4.2,-6.0,-1.8,-3.4,-1.4,4.1,3.2,2.9,1.3,-1.5,-7.8,-0.2,1.9,1.3,1.0,4.6,9.2,5.3,-0.0,-4.4,9.4,4.6,1.7,2.4,3.2,5.3,0.1,2.6,2.1,-0.6,0.3,2.0,-0.9,-2.8,-6.7,-1.6,1.2,7.9,-5.1,-11.0,0.9,6.7,-1.5,0.2,1.0,-1.4,2.8,-3.9,-4.3,0.3,-3.0,-3.5,-0.2,1.9,3.8,-3.0,2.3,-1.1,5.7,0.6,-2.2,0.6,0.3,-0.1,-3.1,1.7,-0.1,2.1,0.9,-4.2,-5.2,0.6,1.3,3.7,1.6,-0.4,-7.3,-5.6,1.1,-1.2,1.0,-1.7,-4.3,-0.3,2.7,-2.3,-0.3,-1.5,2.4,0.1,1.4,-0.1,8.3,2.8,0.2,-1.2,-4.8,0.4,-6.2,3.5,6.1,-10.1,-5.8,-5.5,1.3,-9.4,-11.9,4.0,0.6,-5.9,-1.1,-3.2,-4.6,-0.4,2.5,-1.1,-11.4,8.6,-1.0,-0.0,-1.1,-5.1,-3.6,2.3,-0.5,6.2,-0.9,3.9,4.8,9.1,7.1,1.2,-3.8,1.6,-0.2,2.0,2.0,1.8,-2.0,-0.5,-1.1,-8.4,-0.2,0.4,-1.4,-0.0,4.3,3.7,-9.8,0.7,-1.7,2.3,0.5,2.3,0.6,2.3,0.8,0.8,-2.5,3.4,4.7,5.6,0.6,0.7,1.4,0.9,4.2,2.9,0.1,3.0,1.1,2.2,8.3,6.3,-1.8,-0.6,2.1,0.2,-0.8,5.9,1.5,0.4,0.9,9.7,1.5,1.3,0.3,0.1,-1.7,-1.6,-0.9,0.9,-4.2,0.3,1.6,-4.9,-1.0,0.6,0.1,8.0,4.9,6.0,-13.9,4.8,1.6,-0.4,-3.9,-4.3,11.4,-1.4,11.1,0.7,3.6,6.0,5.3,-0.6,-1.1,3.5,-5.6,6.1,-4.8,2.2,-2.6,2.7,3.9,-1.1,-1.2,2.1,1.3,-6.4,1.4,-0.2,8.5,-2.8,11.8,-3.1,3.5,-1.9,-0.6,-0.9,-5.1,-5.0,-5.8,-3.8,0.1,4.6,10.6,0.7,3.0,0.8,5.7,-0.8,4.1,0.3,0.4,-2.8,0.1,-1.7,-9.9,-2.2,-4.6,0.2,-3.8,2.1,5.0,11.2,-3.7,0.6,-3.0
2015-10-12,3.0,1.9,4.1,-2.1,-1.5,3.0,4.1,-18.7,9.3,0.1,9.7,-4.3,7.6,-1.7,-7.0,7.1,-4.3,8.5,-12.3,-2.7,6.1,-0.0,0.1,-0.4,-0.1,4.6,2.9,-1.4,-2.2,-9.7,-0.3,-2.9,3.9,1.1,0.8,5.4,-3.6,1.7,-5.7,2.1,0.4,-1.5,-0.2,0.4,-1.1,-4.9,2.3,-1.7,-1.0,-0.8,0.9,1.3,-1.4,-1.0,-3.6,-1.1,-0.7,0.5,-2.1,4.3,-2.4,-1.5,4.3,5.0,-0.1,-1.3,3.3,-0.4,-0.4,0.3,-3.8,0.2,-3.9,3.1,5.0,7.4,5.2,2.1,-3.3,5.6,2.6,3.1,1.1,2.4,0.9,2.1,2.7,2.1,2.5,-2.6,-0.7,-1.1,4.0,2.4,0.5,3.8,-2.7,3.6,0.5,0.3,4.6,6.8,2.9,-2.1,-5.9,-2.3,-5.3,4.6,-1.6,-1.4,0.6,5.8,7.8,-1.2,-0.8,3.3,0.4,9.2,-1.6,3.0,3.5,3.7,2.6,-0.5,1.4,1.2,1.5,7.6,-2.6,2.1,-13.4,-1.1,-2.7,2.3,-2.1,5.5,2.8,-4.6,4.5,1.7,2.5,4.7,-2.8,-3.6,0.0,-1.4,8.4,5.7,3.6,1.7,-0.6,-3.0,1.0,-10.8,4.2,3.1,9.0,5.6,-1.5,4.3,0.7,-9.5,4.6,3.5,-0.7,2.6,2.2,-0.5,0.8,1.4,-2.5,-0.0,11.3,0.1,1.9,1.7,2.1,-2.0,3.6,-0.5,2.5,0.2,-0.1,1.7,2.1,4.7,-2.2,14.5,-1.9,0.2,-1.6,1.8,2.5,-1.1,0.7,-3.3,-0.8,2.7,1.6,0.5,4.7,-5.4,-2.2,7.4,5.9,4.1,1.2,1.5,-2.6,-3.1,-0.3,2.7,-1.9,-1.9,1.3,-0.2,-2.8,1.9,-0.1,2.1,3.0,1.1,-0.1,11.3,2.3,0.6,0.0,-2.5,7.5,-11.9,1.2,2.6,0.2,-13.1,-8.1,2.2,2.7,0.0,3.2,-0.2,-2.1,0.9,-0.6,0.5,-2.5,4.1,3.6,9.0,-6.6,-0.4,2.3,2.6,1.5,1.7,-0.2,-0.5,0.3,-3.9,3.1,5.6,4.7,-5.6,1.4,-2.5,3.4,2.5,5.8,3.8,1.6,5.8,1.2,0.0,-6.9,1.1,2.7,-1.2,1.6,0.7,3.6,3.1,1.3,-1.7,5.3,2.8,3.4,4.9,0.3,1.7,1.2,-4.2,1.2,3.4,10.0,-0.3,-0.2,2.1,1.5,3.3,1.0,0.2,-4.0,-1.3,1.1,5.1,3.1,-1.0,-1.8,1.0,2.8,1.7,6.8,1.7,2.0,1.6,1.3,2.7,1.8,0.6,-0.2,0.1,-0.4,0.0,1.5,-1.5,1.3,1.6,2.5,1.1,1.5,3.0,1.4,4.9,4.5,-1.2,0.0,4.0,0.9,0.5,-2.4,16.3,1.1,7.1,-11.9,2.1,5.2,-14.0,6.1,1.4,4.2,-5.3,6.6,-3.8,6.8,-23.8,-5.0,5.0,-0.2,-0.2,5.1,-2.0,-5.8,-0.6,2.1,2.5,20.6,-1.2,0.3,2.7,-0.8,0.2,-1.7,3.3,-4.8,-10.7,-3.8,-1.3,5.7,5.4,3.4,2.5,-1.6,2.6,-2.8,3.8,-0.1,1.8,2.4,0.6,2.1,-2.2,3.1,-1.6,2.0,-2.3,1.0,3.7,2.8,-3.0,4.7,1.0
2015-10-24,5.0,0.9,3.4,-0.0,2.0,3.1,5.8,2.6,1.6,-2.6,13.2,-4.1,-1.0,-0.4,0.1,2.2,-5.1,14.2,1.2,-4.8,-5.2,1.3,-5.8,5.4,0.9,1.0,0.4,-2.0,-1.3,3.8,-0.5,0.1,4.2,-0.3,1.6,3.5,-2.5,-16.2,-6.9,-4.7,-1.7,3.2,-1.1,0.1,0.5,-0.5,-1.8,-0.5,-1.3,2.0,-5.9,0.6,-1.5,-7.3,-2.6,-2.1,8.1,1.0,-1.3,6.2,-0.9,-0.9,5.4,2.7,3.6,-1.7,7.0,4.3,2.3,-2.5,-3.6,-0.9,-2.2,3.5,-4.4,2.7,0.4,4.4,1.0,4.4,7.7,2.6,2.2,2.3,3.7,4.5,2.1,-0.5,2.8,-2.9,-1.0,-0.4,4.8,2.8,-1.9,0.7,-1.1,3.4,-2.3,1.6,3.8,-7.2,6.0,0.7,1.9,5.8,0.9,2.1,2.2,-0.3,-7.4,-3.1,9.1,1.7,0.7,-1.4,-17.9,4.6,0.9,0.1,4.2,3.8,4.6,1.0,4.3,4.0,1.8,2.9,1.6,-1.3,-0.6,-0.4,-2.6,3.0,0.9,-6.3,7.1,2.1,3.9,4.2,9.8,3.5,-1.2,-1.5,7.4,7.9,8.1,-1.5,-8.4,-1.2,-1.5,-3.2,12.3,0.3,5.0,5.1,11.2,10.3,0.5,5.0,6.5,-12.0,6.6,5.3,1.3,-3.7,-6.8,-2.5,0.7,6.3,-2.5,0.2,5.9,1.4,3.8,1.8,4.0,-3.0,-0.9,0.4,-5.7,0.2,-0.5,4.0,1.1,6.7,1.5,11.2,-1.0,-0.3,-2.6,2.7,-5.9,2.5,9.6,5.3,2.4,0.9,2.2,1.6,-2.7,-2.7,0.7,7.7,9.9,3.1,-1.9,3.2,0.1,3.5,-0.6,3.9,1.4,-1.2,1.1,0.5,-1.8,1.6,0.1,2.8,2.5,-2.8,-1.1,12.6,5.3,1.8,-0.2,-4.1,-1.4,-2.0,3.2,3.5,-1.1,-1.0,-0.3,0.8,-1.8,10.8,4.5,-0.5,-2.7,3.4,1.6,-0.8,3.4,4.2,8.3,8.9,10.0,1.9,2.3,2.5,1.3,2.2,2.3,-17.3,-0.7,2.4,2.7,7.8,5.5,7.9,1.4,-1.8,4.4,4.0,6.5,1.5,0.8,9.0,1.0,-1.3,-0.7,1.9,3.4,0.9,2.8,11.8,3.4,6.6,2.3,-6.9,6.5,1.1,2.6,2.4,1.0,1.5,2.8,-3.0,3.1,4.2,-1.5,0.0,-1.0,2.8,-1.8,2.4,4.4,3.6,7.6,2.0,2.4,2.4,3.8,-4.3,0.4,0.4,0.9,-3.9,-0.3,1.5,-1.7,2.5,0.2,5.6,1.0,1.9,1.4,-1.3,-1.2,0.1,-0.4,-4.2,-1.2,2.0,-3.1,8.0,1.3,-10.3,5.6,8.0,10.2,-0.4,0.8,-0.5,3.6,-3.5,-1.3,10.2,-2.4,4.2,-9.5,3.1,7.2,-6.2,2.4,1.0,-4.3,-1.1,7.9,-0.4,4.6,2.5,-5.1,4.6,0.9,-0.3,6.7,-0.4,4.7,1.1,-2.2,0.3,-6.8,9.3,-2.5,4.6,-1.6,0.5,-3.2,3.6,2.8,-11.3,9.5,1.1,4.1,0.6,-0.6,-4.4,-1.3,13.9,-1.2,5.2,2.5,0.9,2.5,0.7,0.3,1.0,3.0,1.3,3.2,-4.5,2.0,3.1,-7.7,1.3,4.4,-0.6
2015-11-05,2.9,2.8,9.3,1.7,0.4,4.9,4.2,0.6,4.3,-0.4,8.5,-9.6,1.1,-1.4,2.6,1.3,5.1,7.7,1.4,1.4,8.3,-1.7,-0.4,-0.1,0.0,-0.5,2.6,-1.6,-1.2,-4.5,1.1,-2.1,0.9,2.7,1.6,8.6,-0.4,-1.3,-3.9,0.9,1.2,0.7,-0.9,3.5,0.7,-2.9,-1.5,-1.3,0.2,0.6,4.4,1.6,-2.2,1.7,-0.5,-3.0,5.5,0.6,-1.8,-10.3,-1.5,-2.0,2.8,2.3,3.6,5.1,-1.6,0.3,-17.1,0.7,-3.9,-0.7,-3.7,3.8,3.9,-0.1,-0.5,2.6,-2.1,1.1,8.2,5.5,4.1,2.4,1.2,3.4,4.2,-0.5,4.4,-2.8,-2.7,-1.2,2.4,3.0,-4.8,-3.9,2.7,1.1,-0.1,2.2,-1.4,-2.2,3.1,-11.8,-1.1,-10.5,-4.5,3.7,1.6,0.1,4.5,2.1,8.5,-0.2,0.0,2.5,-6.4,5.1,1.5,-0.3,1.2,1.0,6.1,-0.6,0.3,0.1,-2.2,-0.1,7.8,0.4,-2.6,-3.1,-0.1,4.0,-2.5,-2.7,7.2,-0.6,2.4,0.2,2.1,7.7,0.2,-5.6,1.1,-0.9,-0.7,-4.3,-0.4,-1.3,-3.6,3.4,2.8,-4.4,3.8,3.0,7.1,4.7,-4.1,3.3,0.3,-6.9,-0.9,2.7,-0.9,-1.9,-3.0,-1.5,-1.8,-1.3,-11.3,-3.4,6.3,-0.3,-0.8,1.2,3.1,-1.0,4.2,1.3,1.4,2.2,-2.8,-2.2,-1.3,5.0,-7.0,-3.6,1.6,-0.2,-2.0,2.5,-1.2,3.4,3.6,9.4,7.8,-1.0,1.5,0.0,1.1,-2.1,-0.5,0.9,4.5,2.5,3.1,-0.9,7.9,14.9,-1.7,1.2,0.6,-2.0,-0.3,0.0,-3.8,-1.3,-3.0,0.5,0.9,0.2,0.4,6.1,9.5,-0.1,0.2,-7.5,-2.5,-4.0,-1.3,2.1,-0.6,-3.5,-2.1,0.9,0.5,1.6,6.2,1.5,-5.7,1.4,1.1,1.6,1.9,0.7,1.6,2.6,-3.7,-0.3,1.1,-2.2,0.0,3.1,4.5,2.5,-2.7,-0.6,4.6,-3.7,-3.5,-7.7,1.4,-6.7,2.9,0.2,7.4,3.3,2.1,3.1,-1.8,-1.3,-6.3,1.8,1.5,0.7,2.7,1.0,3.5,0.1,0.5,-11.1,4.6,1.3,-1.1,3.0,0.3,-2.9,1.2,-2.8,-0.3,-1.1,2.2,-1.0,-0.9,0.6,1.1,1.0,2.9,3.6,0.1,-0.0,2.3,-10.6,-0.5,-4.5,1.5,2.3,2.0,-0.8,4.6,3.9,-4.7,-0.8,1.1,1.4,-3.3,-1.2,-1.0,-3.2,-2.8,-1.5,0.6,-4.2,-1.8,2.3,6.0,2.4,3.3,4.5,2.3,6.2,4.9,-0.7,-0.1,-2.6,1.5,-2.8,-1.7,-1.7,-4.0,8.5,1.6,1.5,3.0,-4.4,0.2,2.2,4.5,-5.6,-9.1,-1.2,7.1,-6.1,1.9,1.9,0.3,-1.1,1.3,0.6,4.1,0.7,-1.8,-2.5,9.8,6.0,2.7,1.3,0.9,-2.3,-4.7,0.2,4.1,1.4,13.2,-3.6,-4.7,-2.1,-1.8,-2.7,1.1,-2.8,-5.7,1.3,0.1,-1.5,-1.8,0.3,9.1,-0.3,3.5,-2.1,1.7,0.4,-1.5,0.8,2.4,-4.2,5.1,-2.5
2015-11-17,4.2,-3.0,-0.6,5.2,-2.9,3.1,4.5,-1.4,-0.1,-4.2,8.7,-7.7,-2.9,2.4,4.1,2.0,-5.1,5.4,-0.2,-2.0,-13.2,-4.4,-2.2,3.1,0.8,0.8,13.9,-1.8,-0.9,-5.9,0.6,-5.8,2.8,-2.3,2.4,-0.6,-8.3,-6.7,-4.6,-2.5,-4.9,2.1,2.8,-2.3,-2.0,-0.1,-8.3,-2.2,-1.4,0.0,-0.6,-2.7,-2.6,3.5,2.1,-2.8,-2.2,-2.6,0.9,-3.7,-2.8,-1.9,-0.8,-2.0,1.3,-9.1,-0.8,-1.1,-0.7,-7.5,-6.8,-3.6,-5.5,-0.3,-2.4,-4.4,-11.1,1.5,-3.7,3.4,-12.2,2.1,1.9,2.3,-0.0,2.8,4.7,-10.8,1.0,-4.4,-3.7,-2.7,-1.2,-2.5,-4.2,-5.7,-2.8,2.6,0.2,4.3,-5.8,-6.8,3.5,-4.1,10.6,7.6,-9.5,2.6,3.1,-1.9,-5.4,3.6,-1.5,-0.6,-6.0,7.5,-17.0,4.2,-12.4,-6.9,-3.2,-2.5,4.9,-1.2,-1.1,-0.1,-1.6,-10.8,2.9,-0.6,-0.8,-5.3,-1.5,-12.2,-2.9,-4.9,5.3,-2.3,-0.4,-1.8,0.2,6.6,-0.2,1.1,0.2,-0.1,2.5,-3.3,2.0,-0.8,-6.2,7.3,5.5,-4.2,-1.8,-2.7,-0.9,-3.7,-1.2,2.5,-6.5,-7.6,2.3,-4.1,-3.4,0.5,-1.3,-0.8,-2.1,-2.2,-1.2,-0.6,2.2,-2.6,-2.0,-1.6,-4.7,-1.0,-4.7,-3.0,-1.4,1.0,-8.2,-3.2,-3.2,3.2,-2.6,1.7,3.5,1.5,-0.3,2.6,2.2,1.3,0.5,0.1,-3.4,-0.3,-0.9,-1.1,0.4,-1.6,0.9,0.7,4.8,-3.8,2.2,-3.8,-1.9,4.2,-6.8,-2.2,-4.9,-0.7,-0.2,-1.1,-3.1,-1.0,-2.6,2.8,-0.3,-2.5,-3.0,6.8,-5.3,1.7,-1.6,-5.5,-2.5,-3.2,-0.4,0.4,-0.7,-2.9,-2.2,0.8,1.6,0.1,4.0,-8.0,-5.4,3.5,-1.2,-0.8,-3.0,3.4,4.3,5.1,-3.0,2.0,2.5,-0.7,-1.9,0.8,3.8,-8.7,0.8,6.3,5.7,-0.6,3.5,12.3,3.9,-2.8,0.8,-1.8,9.8,-0.5,-2.5,-1.9,-0.7,3.5,4.4,-1.0,1.1,-0.9,9.4,0.2,1.1,-4.3,-0.4,0.7,1.9,2.8,-3.7,0.1,-4.4,2.6,0.0,-4.0,0.1,1.4,-2.3,-4.7,-1.6,-2.4,-2.5,2.3,7.5,10.0,1.9,1.8,2.1,-8.1,-2.5,-2.2,-1.9,1.6,-0.9,3.2,3.4,2.2,4.0,2.4,1.6,-1.9,-4.5,-0.7,-1.4,-3.0,-1.0,1.1,-3.7,-0.7,-5.5,6.6,6.2,-0.0,0.2,2.5,3.6,6.3,5.7,2.5,3.9,-5.4,0.8,2.6,-5.9,-3.3,-11.8,2.9,-7.4,2.8,5.2,1.5,-6.4,-1.6,5.2,-0.9,-3.9,-4.5,3.8,-16.6,-11.9,1.7,0.1,-1.2,-1.0,-1.1,4.0,-3.1,-5.5,-3.8,9.9,2.3,-0.5,3.3,-1.3,-2.0,-2.6,0.1,6.8,-6.9,11.1,-1.9,-1.9,9.4,-1.5,-2.6,-1.2,-2.2,-4.4,-1.0,1.1,-0.5,-1.2,0.8,-8.0,-0.7,-1.0,-1.5,2.0,11.3,-1.1,-2.4,-2.7,0.1,4.7,-4.2
2015-11-29,3.1,-2.9,6.8,2.0,-5.3,3.3,2.0,-4.7,4.2,-0.6,5.9,-2.1,-4.1,2.2,3.2,2.5,2.6,11.9,-1.7,0.7,-9.2,-5.0,-1.0,2.8,3.0,-5.0,-0.6,-3.2,-1.6,-3.7,-3.0,-2.4,-1.2,-1.9,0.3,-7.4,-1.0,-7.4,-2.7,-5.4,-4.8,0.3,-3.6,2.4,-3.9,8.6,-10.0,-5.8,-1.8,-2.0,-11.1,-4.8,0.4,-2.6,-3.2,-3.8,11.2,-6.5,-8.2,-2.8,-0.5,-0.9,4.2,0.7,-2.8,6.4,-0.0,4.1,-2.2,-9.2,-4.6,-1.6,-3.9,-1.4,-2.4,2.8,10.0,-2.9,-4.0,-0.3,5.7,0.0,-4.0,-1.1,-0.8,-0.1,10.3,-9.4,3.6,-3.0,-2.6,-1.4,4.4,-1.6,-1.6,0.9,-3.6,0.7,-4.1,0.1,1.3,2.0,0.5,-4.7,-5.6,1.9,-5.7,0.7,-1.9,-9.7,-4.4,2.5,5.2,1.7,0.9,-11.7,6.5,-8.2,3.0,-5.3,-1.8,-1.0,1.7,-1.8,-2.3,-1.8,1.9,-7.6,3.8,-0.1,-1.0,-5.7,-7.1,-4.8,3.0,-5.0,3.5,-4.4,0.9,0.2,-1.7,0.6,-1.8,-5.5,-1.2,-3.2,1.4,-2.8,0.8,-0.2,-6.8,-1.2,0.3,-2.6,0.6,3.4,6.7,-0.6,-3.3,2.2,-6.9,1.8,0.5,2.1,-1.7,1.5,-3.2,-0.8,-2.4,-5.7,1.2,-0.6,8.1,-1.6,0.2,0.4,-0.3,1.0,-0.9,-3.9,-2.0,-4.1,-6.3,-2.9,-4.2,3.0,0.5,3.7,-2.2,3.8,-0.5,2.6,7.3,-6.0,3.3,-1.2,-1.9,0.1,-1.1,0.2,1.9,-4.9,-1.8,-0.4,-1.6,-1.0,-4.9,3.4,-0.5,4.0,4.7,0.1,0.8,-6.2,-0.5,2.5,-2.6,-0.7,1.9,0.9,1.4,-2.6,5.6,8.2,6.2,-3.8,-0.4,-7.3,-1.1,-3.5,-4.1,-0.3,0.2,-3.9,-2.3,-0.7,3.0,7.2,2.2,-1.3,-5.4,1.4,0.9,-1.5,0.4,-1.3,2.7,-1.9,-8.1,1.1,1.0,-0.7,-4.2,0.9,4.8,-1.6,-4.3,2.1,4.4,1.0,1.6,-10.8,1.3,-0.5,-0.5,1.4,10.1,0.7,1.6,5.3,-0.8,1.3,1.7,-0.2,1.9,-12.1,5.6,1.2,-3.5,5.9,-1.4,-0.3,-1.7,5.4,0.2,0.0,1.5,-2.1,0.1,-3.0,0.8,2.9,6.9,2.2,-2.4,-1.0,-1.3,1.6,3.3,6.4,0.7,-1.7,-0.2,6.2,8.7,-0.6,-2.7,-0.9,-2.4,6.6,-7.0,0.2,-1.7,-0.5,-1.6,2.3,3.7,1.0,-1.6,-1.6,-0.8,-0.6,-8.9,-1.7,-1.6,6.0,-6.9,-1.4,0.3,-2.8,0.7,4.1,5.4,0.3,2.1,-5.6,-0.9,-4.0,2.9,0.9,-3.3,3.4,0.2,-7.1,1.3,-2.2,-2.6,-0.2,-9.5,-2.6,1.3,-4.4,5.5,-12.1,-0.7,5.1,-3.9,-1.3,2.3,-1.5,2.7,-0.3,-8.8,-2.4,20.2,9.4,1.6,4.3,-3.6,-1.6,-2.2,3.5,3.2,0.8,9.9,3.0,-2.7,-0.0,-3.9,0.4,0.2,3.6,0.7,0.7,2.2,4.4,-2.8,-2.1,-3.6,0.6,-1.8,-0.3,-0.4,-0.4,-0.6,-1.2,-3.3,1.3,-1.4,-2.2
2015-12-11,1.5,0.1,2.3,-0.3,-3.4,3.4,4.9,-0.6,-2.9,0.5,8.2,-2.7,-1.9,1.1,1.2,5.2,1.4,10.9,1.8,-2.8,-8.1,-1.0,1.9,3.3,1.6,-1.0,-4.2,-0.6,-1.8,-2.4,0.8,-3.8,5.2,-0.9,-0.3,0.2,-3.5,-8.6,-4.1,-1.2,-5.6,7.6,-1.8,-0.4,-3.2,-5.7,-6.8,-1.5,-0.5,-1.3,-2.0,-0.9,-0.1,-0.4,-2.8,-4.4,8.2,-1.3,-1.2,2.0,-4.3,-3.7,4.3,2.2,5.0,1.2,-0.7,7.3,0.3,-2.3,-4.2,-1.1,-3.2,2.2,-5.0,4.2,-0.3,-2.4,1.2,0.3,3.7,-1.9,1.6,2.4,0.7,1.6,-8.7,-2.7,2.1,-4.3,-1.9,-1.8,5.1,0.5,-2.9,3.3,-0.6,-0.4,-6.6,3.4,-13.5,2.2,2.2,-5.2,2.7,-3.9,5.7,0.7,-0.7,-4.3,1.0,7.5,2.3,-0.2,-0.4,-0.7,4.6,5.5,1.8,-2.1,4.7,3.6,-0.8,-1.9,-0.4,-2.5,2.4,10.1,-1.4,-1.5,11.1,-2.2,-2.5,-1.9,-2.3,1.1,1.9,3.8,4.2,0.9,2.4,-0.3,1.3,-6.5,4.4,-2.8,5.9,-3.6,-1.8,3.5,-3.1,-4.0,13.5,2.5,2.8,2.1,8.0,1.3,-1.8,3.9,7.8,-8.0,10.1,1.4,2.9,-0.4,-5.5,-0.0,0.8,-0.0,-6.4,2.1,1.2,-1.4,1.8,0.6,-3.5,-0.3,-1.8,-2.9,-2.8,0.2,-1.6,2.4,-3.2,2.6,-0.6,2.1,-1.0,0.5,-1.3,5.1,2.1,-2.6,0.4,-3.9,-4.0,0.3,0.1,0.6,0.8,-1.8,0.1,3.6,5.0,0.6,-14.6,4.8,-3.7,0.2,2.7,1.8,-1.0,-3.4,-0.1,-0.6,-4.8,1.2,1.5,1.7,2.6,-0.2,1.2,9.1,1.7,0.7,-0.7,-5.4,-0.8,-4.3,-4.1,2.5,-1.9,-0.9,-2.7,-0.8,4.1,4.2,10.0,0.1,-1.8,3.4,1.8,-0.3,-2.6,1.9,6.4,8.6,-7.1,2.6,2.4,-0.7,-0.7,1.8,8.2,-0.2,-7.0,-4.1,-11.8,2.6,2.0,2.1,1.3,-1.0,3.4,0.3,11.6,-1.2,0.1,5.5,1.2,3.9,5.6,1.9,1.6,-2.1,7.0,4.9,0.3,4.5,0.6,1.4,1.3,-0.5,3.0,-2.8,-0.1,0.2,0.7,-0.6,4.3,-2.2,-1.9,4.8,-1.5,0.6,-2.3,3.1,3.7,6.4,1.3,-2.2,0.9,0.7,-1.3,0.4,-0.8,-0.1,0.7,0.3,6.8,-0.0,-1.7,2.0,1.8,0.4,1.8,-2.4,-0.7,-2.1,-0.9,-0.2,-3.9,-3.7,1.7,5.8,4.5,3.5,-4.4,2.0,2.8,3.2,6.4,-0.8,2.1,-2.0,0.2,-2.5,-3.3,5.0,-4.5,8.0,2.1,-8.9,2.3,-9.5,-0.9,-1.3,5.4,0.1,-0.5,-3.2,7.8,-11.3,-9.0,4.0,1.1,0.2,6.6,-0.2,3.8,-2.3,-0.6,-1.8,17.8,3.9,5.6,3.4,0.6,-1.9,-2.6,-2.9,0.0,6.6,13.7,0.7,-1.8,6.7,-2.7,-6.2,-1.8,0.6,-2.0,2.8,3.9,-4.6,1.2,2.1,7.1,2.0,5.6,2.0,2.6,13.7,-0.9,1.3,1.4,-1.2,6.0,-3.3
2015-12-23,0.1,6.4,8.0,0.6,-2.3,3.4,7.0,5.5,2.1,-1.0,7.6,1.1,1.5,4.0,6.0,3.6,2.1,9.3,4.4,0.2,-5.1,-1.3,4.3,4.3,0.5,-0.5,10.6,2.4,-0.6,1.1,1.6,-0.6,7.5,4.9,-2.6,2.3,-3.4,-6.1,3.0,0.3,0.7,6.9,-2.1,4.7,-0.6,-1.9,-2.2,-2.4,1.5,-0.4,0.4,2.9,0.1,4.8,0.5,-1.2,9.3,1.6,0.5,1.0,0.1,1.8,3.5,4.3,-13.3,0.0,3.7,1.7,1.1,5.6,-4.3,-0.4,-4.2,3.1,-8.2,8.6,6.4,4.4,5.4,-0.4,3.4,-13.7,-3.6,2.1,1.1,4.1,6.1,-2.0,3.3,-2.3,0.4,-4.2,5.4,2.4,0.2,3.2,-0.5,-1.5,-8.2,0.3,-0.8,3.0,5.4,2.5,6.9,5.2,-5.0,-0.1,0.3,-3.4,-1.2,4.0,1.6,-0.6,-3.1,6.9,0.0,6.9,-1.0,1.7,6.6,4.5,1.0,1.0,4.0,9.0,3.9,7.4,-1.4,-3.1,3.3,-2.0,-0.7,1.0,-0.7,3.8,-2.8,0.9,5.4,0.1,7.0,0.9,0.0,3.9,2.7,-5.9,6.0,-12.8,0.5,3.6,-4.1,-10.9,5.9,-0.9,4.4,4.3,9.0,4.5,3.3,3.7,3.7,-9.9,9.8,0.6,-2.4,-5.0,1.4,-0.9,2.8,4.0,1.5,1.0,13.3,2.6,3.7,2.2,3.6,-1.4,-0.4,-7.7,-6.6,1.0,1.1,1.0,-2.2,0.3,4.2,-1.4,0.4,1.1,-0.2,-15.6,-0.8,-8.2,4.0,4.8,1.7,0.1,2.5,1.2,1.5,0.6,-1.2,2.7,1.8,-2.5,-7.2,1.8,-0.3,3.8,7.9,3.0,-1.2,-2.8,2.0,7.9,-1.2,2.3,-1.1,4.3,1.8,-9.4,3.1,8.3,0.4,-0.3,1.0,-4.1,-2.3,-3.3,1.8,0.0,1.7,-6.7,-3.9,-0.2,3.1,2.7,4.6,3.6,-6.7,3.1,1.4,0.5,1.4,1.8,-2.7,8.0,6.4,3.2,2.9,2.2,-1.4,0.4,4.6,4.3,6.5,-2.7,3.8,-2.5,2.0,11.7,1.8,-0.1,3.8,1.4,-10.4,-2.6,-2.2,11.1,7.6,0.7,2.6,-2.2,3.0,4.6,5.2,6.3,-3.0,3.9,1.6,-0.3,-2.4,0.8,4.7,4.8,-2.2,5.1,2.9,-2.3,7.2,5.2,4.6,2.3,-0.7,2.2,-5.0,6.6,2.8,4.6,4.2,1.5,2.8,2.2,10.8,-1.1,1.2,-4.1,2.7,-0.7,6.8,-3.0,2.7,2.9,2.2,6.3,2.9,-0.5,0.2,-0.5,0.6,0.7,-3.7,-6.4,-5.9,6.8,-0.7,7.9,5.1,4.0,5.1,6.0,5.5,1.5,0.8,-3.0,-1.4,0.3,-6.8,3.4,-1.5,5.3,4.8,5.0,6.7,0.9,-3.4,2.2,1.3,1.4,-7.0,-3.6,9.6,-13.5,3.9,6.3,1.0,-0.3,1.8,0.8,6.1,-0.5,-3.0,-1.1,15.3,9.9,-0.4,3.7,2.2,-0.7,-2.6,1.8,5.1,4.4,12.7,-0.2,7.3,20.5,1.6,-2.3,-0.0,5.5,4.9,5.6,2.7,-0.3,-2.3,-1.0,1.7,2.5,6.1,-0.0,1.5,10.7,-1.1,2.4,6.7,-4.1,6.8,-1.4
2016-01-04,-7.3,-0.9,-0.2,1.7,-5.5,4.3,6.3,2.8,5.5,2.9,1.6,1.8,3.0,5.4,10.1,2.5,1.8,3.0,6.5,2.2,0.7,2.0,1.8,-4.2,-0.4,-2.9,8.8,-10.7,7.7,-5.8,-0.4,0.4,2.7,3.5,4.4,6.6,-11.4,9.7,-5.4,0.5,-3.6,-11.9,-4.5,-0.2,-6.0,-4.9,7.2,-14.7,2.4,-4.3,0.0,3.9,0.3,9.6,-6.8,1.8,-6.6,0.2,5.3,0.8,0.4,5.5,7.6,2.1,0.6,-0.7,-0.0,8.2,1.3,-7.6,-0.6,0.8,-1.0,5.2,8.7,5.8,4.1,-0.2,-3.5,1.5,4.0,8.5,-4.9,-12.7,2.4,4.3,6.5,-1.3,3.3,-0.7,0.5,0.9,-0.0,6.5,-2.0,6.5,1.4,2.3,7.2,2.6,-1.8,6.0,1.6,10.8,-2.4,-1.8,-3.6,1.6,0.1,-3.9,0.8,6.1,3.8,-1.1,4.3,6.8,-5.4,5.0,1.2,-5.6,6.2,1.3,4.4,1.1,3.2,1.9,-4.4,10.9,-9.6,-1.3,8.0,0.1,-2.6,-4.8,-2.6,-1.6,5.2,-13.8,3.5,3.1,-13.9,0.3,0.6,-2.3,-1.0,2.0,8.5,2.0,4.5,0.5,1.4,-15.6,13.7,1.7,7.1,7.5,3.7,1.3,-1.1,4.3,-3.3,3.5,5.8,3.3,2.2,3.3,3.2,2.9,3.7,-0.9,6.5,-6.1,2.2,2.2,2.8,2.6,-1.8,1.9,0.5,-0.4,-3.6,0.5,-4.7,-1.1,-0.3,5.2,4.9,-10.7,1.3,-2.0,0.6,1.9,-4.3,-0.2,1.5,-6.4,-3.4,4.6,1.0,1.6,3.5,-1.6,3.9,-7.9,4.2,5.8,3.3,3.0,-5.1,5.7,-2.8,-3.4,-0.2,1.3,1.2,7.6,-0.7,6.1,-5.3,5.5,5.5,-0.2,0.1,6.0,1.6,0.6,6.4,-2.7,8.1,-15.1,-17.4,-3.9,1.8,-12.8,-11.2,-1.2,3.0,4.3,5.5,-0.5,-11.5,-2.3,-1.1,0.1,0.4,2.2,1.6,5.5,1.2,-1.9,-3.2,0.4,-2.2,2.1,2.5,1.8,-3.3,-1.0,-0.8,1.4,2.2,2.7,-2.2,-9.3,1.6,4.8,8.0,1.8,4.6,5.3,2.9,-0.7,-3.2,4.9,4.0,-8.7,-11.5,13.0,-3.0,4.8,-0.4,-17.2,4.3,-0.6,-2.0,3.2,3.3,3.0,5.1,3.5,-8.5,5.1,7.8,-3.1,-1.1,-12.1,-2.3,-1.1,-2.8,1.3,-4.8,-3.6,0.7,3.6,-0.3,2.4,-3.0,-1.6,2.4,-3.1,2.8,1.2,1.1,6.4,-0.1,-2.9,2.3,3.7,-0.8,0.7,0.3,1.2,-4.6,-3.4,-1.6,4.9,0.7,2.4,0.0,2.8,0.6,-0.0,2.5,3.5,4.7,0.6,0.5,0.1,-8.3,12.8,-1.4,3.1,-0.1,-0.7,-1.2,-0.9,1.5,0.7,12.1,-4.5,7.7,-4.1,3.4,1.5,-6.0,0.2,0.8,-3.9,-10.1,-2.2,5.2,1.5,-1.0,-0.5,12.3,9.3,3.0,-0.1,-6.0,-2.5,-2.8,-3.6,-10.0,1.4,13.8,1.0,6.7,16.5,0.2,-1.5,3.4,0.8,-6.9,6.9,2.7,-0.6,-4.9,-0.9,1.6,2.8,0.3,-0.4,0.0,8.5,-1.5,-2.7,-1.1,-2.9,-2.2,-8.2
2016-01-28,3.5,3.8,-11.4,-0.1,-0.2,1.3,3.1,4.4,7.9,-1.9,14.7,0.2,-1.1,4.4,3.2,1.1,3.1,-6.9,1.8,1.9,-6.5,-2.2,3.5,4.2,2.1,-6.5,6.9,-2.5,-1.7,2.8,-4.8,1.0,1.3,2.5,-2.8,-8.0,-3.1,-6.3,2.1,-1.7,-0.7,1.7,3.9,7.4,-1.8,-9.0,-1.8,0.7,0.4,-0.4,0.8,0.4,-0.4,5.7,1.6,-3.4,4.3,0.1,2.2,-0.7,0.2,-1.7,0.6,-0.0,6.3,5.1,2.0,7.5,-2.6,2.3,-5.9,-1.7,-5.5,1.9,-7.3,2.1,-0.3,1.1,0.1,1.9,7.0,-3.6,-2.8,-15.7,2.7,3.9,-1.1,-0.1,1.0,-3.6,-1.4,-6.2,4.7,0.3,-3.0,5.2,2.2,0.7,-9.4,4.8,-10.5,1.9,3.1,0.4,5.8,7.8,0.1,2.5,4.5,-2.5,2.8,5.9,1.8,-0.7,-3.6,-0.4,1.5,6.4,0.5,-0.5,4.6,3.4,0.0,-3.3,2.0,2.5,6.8,-12.6,-1.3,-3.0,6.9,0.2,-0.5,-9.8,-1.7,-6.3,-6.8,2.1,4.7,0.6,7.3,4.1,-2.3,4.1,2.1,2.8,8.0,-13.2,4.2,2.7,-5.1,10.6,12.3,-3.0,4.1,4.3,10.8,1.5,4.8,3.2,4.1,8.1,8.4,10.1,-10.6,-4.2,0.2,1.2,1.9,1.4,-2.1,0.7,8.1,-1.4,1.9,3.0,7.0,-1.2,-3.3,0.7,-1.0,3.8,0.1,3.0,-1.1,3.5,1.7,2.6,0.7,-15.7,0.4,0.0,3.0,9.0,3.1,0.2,-2.5,1.2,3.0,0.8,3.5,1.2,1.3,6.6,0.8,0.0,6.4,0.8,-0.7,3.7,4.7,-0.1,1.3,-0.5,1.4,-2.1,0.7,5.7,-0.7,1.8,2.9,-7.5,3.5,6.1,7.1,2.4,-14.7,-4.0,-1.1,-2.8,-2.8,1.5,1.6,-2.6,-3.2,-2.3,8.7,4.2,6.2,-3.7,-4.9,3.7,0.3,-4.3,2.1,3.4,2.9,5.0,12.9,3.3,3.2,0.1,-3.7,-5.4,4.3,-2.1,-0.7,3.5,3.1,1.2,-0.9,-5.7,2.2,1.1,1.7,1.8,-9.0,0.1,-0.3,9.0,6.4,1.8,3.9,0.9,2.1,-3.6,5.1,6.1,-1.7,1.6,1.0,2.0,-2.8,1.1,-4.2,6.7,-0.3,4.5,2.9,-0.7,0.3,3.6,3.2,2.6,2.5,1.1,-0.8,4.2,2.7,4.4,3.9,-0.0,1.5,2.2,-2.7,-3.2,-1.1,-0.6,-1.3,-3.7,-4.5,-3.2,5.5,5.5,4.4,11.3,6.3,-0.8,0.0,2.6,0.2,1.0,-5.3,-3.9,3.0,1.8,-1.6,5.5,-9.1,0.5,4.4,4.7,5.5,-0.8,4.1,-4.4,-1.9,-0.6,-6.1,6.7,3.2,6.0,2.5,3.4,5.6,3.4,-2.1,3.2,-5.5,0.0,-3.4,-4.9,7.9,-12.9,-2.5,3.7,-0.6,1.8,-2.0,0.6,5.0,-2.9,1.4,-0.2,9.5,7.4,-0.8,4.5,-4.5,-0.7,-1.8,-0.6,6.2,7.9,13.1,5.1,1.4,13.4,-0.1,-1.2,2.7,9.2,5.3,2.9,3.6,3.8,-2.6,-0.2,-0.1,2.2,-1.5,-2.3,-2.6,2.8,-1.0,1.6,-4.2,-3.9,4.1,-1.5
2016-02-09,3.0,2.0,9.1,-1.0,-2.6,-0.2,0.3,-0.8,3.6,-5.9,4.8,8.5,-4.1,1.6,-2.5,-0.8,10.2,4.5,-1.4,-3.0,3.4,1.0,0.7,4.6,1.8,-5.7,12.7,-0.3,-3.1,-1.8,-0.3,-0.4,1.5,4.0,-7.3,-0.2,-5.3,-1.8,-3.9,-2.5,-0.1,1.2,4.0,4.3,-4.3,-5.9,1.4,1.5,0.6,-0.1,-2.8,-1.9,0.0,3.6,1.3,3.6,-2.2,-1.0,3.8,1.2,-1.9,1.8,3.8,3.0,-2.8,0.1,0.2,7.5,-1.0,0.2,-4.8,-1.5,-5.9,-1.3,-0.5,2.6,2.2,1.0,-3.7,-3.1,3.8,1.3,-5.3,-16.1,1.5,-0.1,-0.3,-2.7,1.7,-3.1,-1.1,-2.4,1.7,-1.8,-1.9,4.7,-2.6,1.4,-14.5,2.7,-8.0,1.3,2.5,5.1,-2.2,-0.8,-1.7,-0.6,0.3,-5.9,-4.2,7.7,-11.0,1.9,1.8,-0.5,1.3,7.8,1.0,-4.5,5.5,1.5,1.0,-1.4,2.1,5.0,4.2,-13.3,-1.7,-4.1,1.6,-2.0,-2.6,4.9,1.9,4.1,-3.2,1.7,2.7,-2.0,10.0,0.2,-1.2,3.0,-3.9,-2.7,1.0,-2.1,0.4,-0.7,-3.7,-3.9,14.3,-1.7,3.7,4.7,8.8,1.9,1.6,2.3,1.4,0.7,1.9,4.2,1.4,-0.6,-2.5,-1.5,-2.1,3.1,-1.9,2.1,0.9,-5.0,-0.7,0.4,-12.4,-0.9,4.6,-3.2,-1.3,1.9,-0.3,-2.4,-3.7,0.9,1.7,-4.1,-0.3,-5.5,-0.3,3.0,1.9,3.2,5.1,2.2,-2.0,0.3,1.6,0.4,-0.4,0.3,1.1,3.9,2.8,-0.1,-1.6,1.2,3.1,4.8,3.1,-0.4,-1.4,-3.8,-1.7,-14.9,-1.5,2.4,2.9,-4.0,1.5,-5.2,2.5,7.5,3.9,-0.0,1.5,-7.6,-2.5,-4.6,-2.9,1.6,4.3,-4.8,-2.8,-0.0,4.1,4.6,-4.6,2.5,-3.2,2.0,0.3,2.1,-2.2,-0.8,1.8,5.3,-4.3,1.0,1.7,2.3,-2.7,4.5,4.4,-4.7,2.5,-0.9,1.7,0.7,0.5,-0.5,1.0,-0.9,2.5,3.6,8.9,0.5,0.1,-3.4,4.2,1.5,4.3,0.9,2.1,-1.2,2.0,6.1,-1.6,2.4,0.9,-2.3,1.6,1.4,5.6,1.5,0.5,2.5,2.7,-0.7,2.4,4.1,2.3,-1.9,-1.6,1.2,-2.0,4.0,2.8,1.9,3.7,0.7,0.7,1.7,-8.9,-2.5,1.9,0.5,1.1,-0.6,-1.8,-0.5,3.1,5.0,2.1,3.1,9.0,-2.4,0.1,-5.9,-1.7,0.5,-1.2,-7.4,5.2,-2.2,-1.1,2.9,-1.5,1.9,3.3,4.4,6.7,-4.0,5.5,-6.6,-2.5,-9.1,-3.6,5.8,6.6,9.1,2.8,3.6,4.3,-7.0,-1.7,2.8,-6.2,3.3,1.2,-1.5,7.5,-9.1,-3.6,3.6,-2.8,-3.5,-0.6,-0.4,3.8,2.5,-4.3,-4.2,-6.1,11.0,2.1,5.1,-2.3,-1.9,-1.3,2.3,4.7,2.4,7.4,5.1,4.1,-6.2,-0.7,5.1,3.0,9.7,5.6,4.3,2.9,7.1,-2.5,-0.9,7.5,1.8,8.3,0.0,2.9,2.0,-12.2,3.3,8.0,-5.8,10.7,-2.5
2016-02-21,4.9,4.5,4.0,3.4,-6.0,2.3,2.2,-5.4,4.6,-7.3,8.8,-4.0,-1.1,5.2,0.5,-0.9,-3.1,14.3,1.0,-1.6,-4.2,0.9,-0.6,2.7,3.2,-10.3,7.9,-2.3,-2.9,0.0,-2.4,-3.1,-8.6,7.3,-14.5,-0.3,-7.7,-0.5,-2.1,0.0,-11.5,1.0,-0.9,3.8,-5.1,-14.7,-1.8,0.8,-1.7,-0.2,0.3,-1.8,0.2,2.4,0.9,-2.5,5.8,-5.6,0.3,-3.6,-2.0,4.2,2.3,-1.5,-1.4,2.8,3.4,8.1,0.2,4.7,-4.9,-2.9,-4.0,3.1,-6.0,1.2,-1.6,0.2,1.9,0.2,3.7,3.7,-2.1,3.2,0.1,3.0,3.9,-4.1,0.5,-4.6,-2.6,-1.8,4.9,4.2,-0.1,1.6,0.4,-0.5,-10.6,6.8,-4.3,0.1,0.9,3.5,-0.2,1.5,-17.2,0.7,-1.5,-1.2,2.1,1.8,-7.9,-1.8,-2.1,4.2,5.2,-0.1,-5.0,-4.6,6.0,-0.1,0.2,-1.2,0.1,3.3,2.3,1.7,0.0,-4.9,6.7,-1.8,-2.1,-12.0,-3.2,-7.0,2.8,1.8,1.9,-0.3,4.6,0.3,-1.1,-2.1,-1.3,-1.4,4.0,-1.3,0.6,-3.6,-4.3,5.6,-3.2,3.7,3.6,6.9,-1.5,-0.5,1.1,2.0,-4.0,0.9,-0.6,1.2,-1.9,2.3,-1.8,-0.7,0.5,0.9,-10.1,0.2,5.6,-5.1,-3.1,-3.1,-1.0,1.4,-3.6,-15.2,5.2,1.0,-1.3,-1.9,-4.8,2.5,-5.0,-1.9,-2.8,6.0,-5.1,-2.9,-7.4,-2.7,3.5,3.5,-1.9,-0.8,-2.0,0.5,0.9,-4.0,0.1,5.0,2.2,-1.0,2.4,3.2,-0.4,4.6,3.6,-0.1,-5.2,-4.1,-1.9,-1.6,-2.1,3.6,3.7,0.3,-0.5,-6.0,1.7,6.3,1.5,-0.1,3.1,-6.3,-4.2,-4.1,-9.1,-7.6,1.4,-7.0,-4.4,-6.5,3.6,3.9,1.7,-8.9,-1.6,2.9,0.9,-0.5,-6.3,2.5,3.0,2.9,-6.5,1.7,1.4,-5.4,-2.6,2.2,3.9,-2.7,-1.9,-1.6,-3.2,2.2,-0.2,-7.6,0.7,-0.5,1.3,1.0,6.5,-1.5,-1.0,0.8,2.4,-2.6,-0.5,-2.1,1.9,-10.8,5.9,3.4,-2.1,1.1,-0.1,-5.9,-2.3,-11.4,1.2,-2.1,-2.0,1.9,1.3,-3.7,-1.1,1.7,0.7,0.6,-4.8,2.5,-1.9,2.9,4.1,6.3,-0.2,-1.2,0.4,2.9,11.2,-3.9,-1.9,-4.2,-2.9,-7.0,-0.5,-1.1,5.6,0.4,2.9,-7.9,3.3,0.5,-1.9,-6.2,-1.6,-0.7,-10.0,-2.2,-0.1,2.9,-11.2,0.5,-4.8,-1.7,1.7,2.7,2.8,1.0,2.7,-1.8,-0.5,-6.6,5.3,7.3,-1.6,4.6,6.5,1.6,5.2,-1.4,-1.9,3.6,3.8,-7.8,-0.4,-1.7,5.6,-7.2,-10.0,2.8,-2.9,-4.6,1.8,-1.5,3.6,-0.0,0.7,-4.5,14.2,15.4,1.9,3.3,-4.5,-2.2,0.8,0.9,5.2,8.0,10.9,0.2,-1.1,1.0,0.3,-4.6,-0.7,8.0,4.3,4.0,1.9,1.8,-2.4,-1.7,-1.7,0.3,-2.5,-0.8,-0.7,6.5,-1.2,-2.5,-4.5,-5.1,-2.6,-2.4
2016-03-04,2.4,1.8,-4.6,-1.1,-1.7,2.9,2.8,-1.8,11.5,-4.6,3.4,-12.6,-1.2,1.5,0.9,-2.1,-0.2,2.7,2.4,-5.1,-5.9,-1.2,-0.4,-1.0,-1.6,-8.1,-2.8,-6.7,7.6,-0.3,-3.9,-4.2,-2.7,3.1,-8.3,0.9,-8.1,-3.2,0.0,-2.1,0.2,2.0,-10.2,3.2,-5.7,-8.8,-3.6,-1.9,-0.9,-2.7,-2.6,-3.3,-1.1,3.0,-2.3,-2.5,-0.1,-1.2,-9.2,1.2,0.2,-0.3,3.0,-0.9,0.3,-0.6,3.4,6.9,-1.9,4.5,-5.4,-2.4,-9.9,-0.6,-2.4,-3.3,1.7,2.0,1.3,0.1,3.6,3.9,-0.6,3.0,-0.1,-0.4,2.1,-8.0,-1.2,-3.3,-3.0,-3.2,9.7,-1.6,0.8,6.2,-2.0,0.6,-6.6,6.3,-5.2,-4.7,-4.0,2.3,-2.0,0.0,1.5,0.2,-4.1,-3.0,-0.2,2.2,1.6,-2.0,-3.3,3.5,-1.8,5.6,-6.7,-7.0,1.1,-1.8,12.8,0.7,0.1,-13.5,4.3,5.3,2.5,-1.2,-5.5,-0.4,-6.2,-10.9,-3.6,-3.9,5.5,-7.8,-0.2,-5.0,-9.4,-0.1,-1.2,-9.2,-7.3,-1.3,-1.8,0.4,-0.6,-1.1,-0.9,4.1,1.4,-8.4,3.7,-10.8,-3.7,-5.5,-8.7,3.3,-9.3,0.1,-2.3,-4.2,-0.9,1.9,-2.8,-2.7,-3.8,1.5,2.8,0.6,-0.0,-1.6,-1.7,0.7,-5.0,-2.9,-1.9,-1.2,-4.2,-1.7,1.4,-6.2,-0.9,0.9,-2.9,-2.7,2.7,-4.5,-4.8,8.4,-3.3,-6.7,1.6,-2.3,-2.7,-2.4,-1.0,-0.7,-0.8,-1.7,1.0,0.9,-3.8,-3.7,-3.4,0.2,-0.9,6.0,-0.7,1.0,-3.4,-5.0,-1.4,-2.3,-3.2,-0.3,-5.2,0.2,1.2,-4.6,-0.8,8.7,-1.8,-1.4,-1.1,-8.0,-2.8,-4.1,-5.3,-0.9,-0.1,-3.9,-2.2,-2.0,-1.6,0.4,2.8,-0.8,-1.4,1.4,2.8,2.4,-7.5,-0.8,-3.8,3.7,11.8,0.1,-0.5,2.4,1.3,1.7,5.2,-7.8,-3.3,-3.7,0.8,-0.9,-1.2,-4.3,0.6,-4.0,-2.0,1.9,11.8,-0.5,4.2,-1.4,-3.8,-1.9,1.5,0.2,0.2,-0.9,5.9,-8.7,0.2,0.7,-1.6,-0.4,1.0,-8.5,-8.6,-1.5,0.6,-0.5,1.2,-1.2,3.2,-1.1,1.1,-1.9,-3.1,-1.9,-3.0,-0.4,-0.4,7.3,-1.8,-0.9,-1.0,0.1,-10.5,-2.3,-3.3,-3.1,-0.3,-3.6,-0.9,2.1,4.2,1.6,2.2,-8.7,1.8,-1.7,-2.3,-3.5,-3.4,-1.7,-5.3,-4.8,-3.7,1.2,-1.7,-3.1,-3.5,0.4,1.5,3.2,4.0,1.8,7.7,-3.2,-0.4,-3.7,-3.1,-0.4,1.7,5.5,-10.5,6.4,1.8,-4.8,-0.7,-1.4,3.0,3.0,-4.7,-6.5,8.1,-14.1,-5.4,1.2,-2.3,-4.0,2.6,-3.2,1.4,-4.1,-1.1,-2.1,16.6,4.8,1.3,2.6,-2.1,-3.8,-2.8,-0.2,3.0,5.8,10.8,-0.0,-3.7,-4.4,-1.6,-4.4,-4.0,8.1,0.7,-2.0,-0.7,-0.8,-6.9,-1.1,-2.0,-1.4,0.7,-4.6,1.7,8.2,-4.0,-4.1,-4.6,-3.6,4.8,-2.5
2016-03-16,2.6,1.2,-4.7,-1.3,-5.6,2.4,1.7,-5.2,-14.2,-5.2,4.7,-7.3,-0.8,1.9,1.8,-1.0,4.0,6.7,0.6,0.8,-4.0,1.8,2.3,-1.3,3.2,-4.8,3.1,-5.9,-7.7,0.5,-3.2,0.7,0.6,1.6,-7.6,-11.2,-7.2,-2.5,-1.6,-3.0,-1.2,4.7,2.0,2.3,-3.4,-3.1,-0.1,0.5,-1.4,-2.0,-6.4,1.9,-1.0,5.7,-3.0,-4.3,5.7,-2.4,0.0,3.3,-1.5,0.9,4.6,0.4,-11.4,-2.2,-1.6,-13.1,0.6,10.3,-4.2,-2.0,-4.7,2.0,-2.5,-0.1,1.5,-0.1,0.7,1.3,2.5,2.3,0.1,5.4,-1.3,-1.8,0.2,-5.7,4.7,-3.4,-2.8,-1.8,3.6,6.2,-10.5,9.1,-0.9,-1.5,-10.1,5.1,-1.1,-1.9,0.2,-0.2,-1.0,1.8,-4.1,0.0,-0.5,-3.9,-0.7,3.3,2.8,-1.9,-4.6,1.8,3.6,8.5,-3.1,-4.4,-2.2,-1.6,9.9,0.9,0.2,3.9,6.1,3.8,-3.0,-2.9,-1.3,-0.4,-2.1,-4.5,-3.8,-2.2,6.0,-4.2,-1.3,-6.2,-10.8,0.7,-2.1,-8.9,-2.1,-0.7,-0.3,-0.1,0.8,-3.1,-3.4,-12.0,1.0,0.7,-3.7,-9.3,-3.2,-8.6,-7.2,5.5,-7.7,-0.6,-2.8,-1.9,6.4,3.8,-0.4,-1.1,-1.3,1.9,-8.3,0.1,1.6,-2.7,-1.2,1.6,-8.1,-2.0,-3.4,2.1,3.2,-1.3,1.4,-2.0,-0.5,-0.6,-4.2,-0.8,3.4,-6.5,-4.6,4.7,-0.7,-4.6,1.3,-6.5,-0.8,1.7,-2.2,0.5,-1.0,-1.4,1.1,0.9,-3.5,-3.9,2.0,0.2,0.2,3.2,-4.8,2.9,-2.5,-1.0,-2.0,-4.0,-1.4,-0.1,-2.4,-2.2,-0.4,-1.4,4.6,10.7,0.7,-1.7,-0.8,-6.7,-2.2,-3.6,-2.8,-0.1,1.1,-3.1,-1.3,-1.9,5.7,1.3,-0.2,0.3,-3.3,3.8,2.4,2.8,2.0,1.5,-0.8,4.1,-1.9,1.5,2.2,5.5,-1.8,0.0,6.2,-10.6,-3.8,-1.7,5.1,-0.5,1.1,0.6,2.1,-3.1,-1.4,3.6,10.5,0.3,3.6,0.3,-2.7,-0.2,2.3,1.0,1.0,-0.7,-9.8,-5.3,-0.7,6.2,-0.3,-1.5,1.3,-3.2,-4.8,1.0,0.5,-3.2,1.5,-3.1,-2.3,-0.3,2.0,-0.9,-4.4,-0.5,-3.7,3.6,-1.9,14.5,-0.7,0.9,-0.2,3.3,-6.4,-1.2,-1.9,0.1,-2.0,-5.7,-0.7,2.9,5.4,2.6,3.1,-0.4,0.1,4.2,-0.9,-3.1,-3.0,-0.9,-5.3,-0.8,0.8,5.2,0.9,-3.7,-1.4,-3.4,1.7,5.2,5.6,-0.1,9.9,1.2,-0.2,-0.3,-14.3,-3.3,2.9,3.9,-4.1,4.0,2.6,4.2,-2.0,-2.6,11.3,-3.9,-6.9,-4.6,4.7,-2.7,-2.8,1.7,-1.8,-1.8,1.4,-2.0,2.3,-2.0,-1.6,-2.3,14.5,10.0,1.0,0.1,-1.1,-1.5,-3.1,1.7,5.0,3.4,11.4,-1.5,-0.7,-3.3,0.5,0.4,-4.2,9.9,-1.1,0.6,1.3,2.6,1.2,2.5,-4.2,0.9,4.5,-3.7,2.2,5.6,-9.8,-1.7,2.5,-6.7,12.8,-3.4
2016-03-28,5.0,-0.1,-0.5,2.8,-4.8,3.2,2.7,-0.1,6.3,-5.1,6.6,-11.0,-1.1,3.9,1.2,-2.1,-10.3,7.9,1.3,-7.1,-0.7,2.8,2.0,-1.5,2.6,-2.0,-7.0,-3.4,0.8,-6.8,-0.4,1.7,3.1,-1.9,-6.2,-8.2,-2.6,-3.4,-6.9,-1.2,-3.6,3.1,5.6,1.8,-3.5,-9.2,-1.6,3.1,-0.3,-2.1,-2.3,-0.1,-0.7,3.1,-4.5,0.0,1.0,-0.8,-1.3,-5.7,-2.5,-0.8,4.6,0.4,-4.7,-3.7,0.1,-5.4,0.1,-1.1,-3.8,-1.5,-5.6,-0.6,0.5,0.7,0.5,-0.9,-3.7,-0.0,-3.2,1.3,2.0,-1.7,-0.9,-1.5,6.8,-1.8,7.6,-3.5,-3.2,-2.6,0.8,-2.2,0.8,2.3,-1.3,0.4,3.2,0.4,-12.0,-0.7,-0.5,-0.0,-0.6,1.5,-5.9,-1.0,2.4,-3.1,-7.6,1.7,16.2,-2.5,-0.6,4.7,-5.4,4.4,-4.5,-15.8,-0.8,-0.7,-3.9,0.6,1.1,0.8,5.4,5.6,1.7,-0.6,-2.6,-1.8,-4.2,5.1,-3.9,2.8,6.3,-2.0,0.1,-0.7,9.7,1.0,0.2,-6.2,-1.6,-2.9,-1.1,-0.1,-1.0,-1.9,-3.1,-1.0,1.2,9.8,0.0,1.4,-2.2,-5.7,-5.7,4.5,-7.3,-3.0,-2.4,-1.8,0.7,2.1,-4.1,-3.1,-2.0,1.0,-4.3,-1.2,2.9,-1.6,-2.0,0.9,-8.7,-3.7,-3.0,-0.8,-0.8,-3.7,-0.8,-2.3,-1.3,0.3,-6.7,-3.4,4.0,-13.0,-6.7,0.1,-5.8,-2.4,3.3,0.0,0.6,-0.2,-0.5,-1.1,-0.2,-2.6,-0.3,1.0,-1.8,-0.8,-1.1,0.5,0.6,8.0,-4.6,3.8,-5.0,-3.9,-2.1,-0.7,-2.4,-0.5,-3.1,-3.0,-1.0,-1.0,-5.4,10.1,-2.4,-1.3,-8.4,-10.2,-0.7,-3.6,-1.6,-1.4,0.3,-1.9,-0.7,-1.7,9.0,2.3,3.1,-0.5,-6.0,2.8,3.9,-8.1,0.6,1.9,9.4,7.2,7.6,0.8,0.6,4.9,-1.8,1.5,5.3,-11.4,-3.1,-2.2,2.1,5.4,1.7,5.3,1.4,-7.6,2.3,1.3,8.4,2.9,0.8,4.4,-1.1,-5.4,-17.4,0.6,1.8,-0.4,-7.2,-6.4,3.9,-7.6,0.8,-6.7,1.5,0.9,-5.0,-0.1,-0.4,-0.5,0.7,-2.4,1.9,2.0,1.8,0.1,-2.4,1.1,-3.5,0.1,-0.0,2.0,1.4,3.1,0.7,-10.3,2.4,-5.8,-0.1,-1.2,-1.7,-3.6,0.3,1.3,-2.7,0.2,2.8,4.1,-3.6,0.6,-1.0,-2.2,-3.6,-1.4,-1.0,-5.7,-2.9,1.7,5.0,0.3,1.7,-2.5,4.8,7.2,5.2,3.4,4.7,-4.3,-1.6,-3.6,-1.0,2.2,-1.1,6.5,-11.6,6.6,3.1,5.1,-2.1,0.6,-2.6,2.0,-2.7,-2.5,7.2,-7.2,-9.0,1.1,-1.4,-2.4,1.7,0.0,3.1,6.3,-2.8,-3.2,14.4,2.9,-1.3,-0.4,-2.8,-2.5,-4.7,4.1,4.6,3.6,8.6,-2.9,0.8,11.4,-1.6,-2.2,-3.9,15.3,4.8,1.4,-0.1,0.8,-3.3,-2.1,6.1,-1.8,2.6,-5.0,-2.8,2.4,-2.3,0.2,0.9,-7.7,-12.4,-3.5
2016-04-09,4.1,-4.9,6.4,1.1,-10.2,1.9,1.3,0.6,-0.4,-8.2,2.8,-8.1,0.6,-0.5,-2.6,-7.4,-2.8,2.0,1.8,-5.5,-9.3,-3.3,-1.7,-1.9,-0.1,-7.3,3.1,-4.3,-6.4,7.5,-9.0,0.0,-3.3,2.9,-6.6,2.4,-12.0,-2.7,-8.1,-4.9,-12.0,0.5,-7.0,10.6,-5.1,-6.9,-5.5,-1.9,-5.2,-6.1,-5.7,-1.1,-3.6,0.9,-11.0,-5.7,5.6,-6.1,-2.0,-3.4,-4.7,-0.5,2.7,-0.0,2.2,-8.6,1.9,3.2,-1.2,0.2,-5.5,-3.3,-5.6,-3.3,-6.1,2.5,-0.9,0.3,0.5,2.0,-6.6,-2.7,-0.9,-4.7,-0.9,0.6,2.0,2.1,-0.1,-5.2,-5.1,-4.8,0.1,-5.3,-1.3,-1.9,-8.0,-8.8,-7.1,-0.2,-2.6,1.6,-0.8,5.3,0.8,-0.2,4.6,-0.6,-10.2,-4.1,-7.7,-0.4,2.7,-4.6,-3.9,0.9,3.5,0.1,-3.5,-7.8,2.8,-3.2,5.3,-3.1,-3.0,-0.7,2.7,-3.3,4.6,-8.9,-1.5,-5.2,-6.2,-5.6,-8.1,-6.5,5.1,-8.1,-3.1,-4.5,-1.4,-5.3,-3.5,-11.7,-3.3,-0.4,-1.3,-4.1,-2.6,-3.0,-6.2,-12.3,0.4,-7.4,-1.5,3.5,0.7,-2.3,-9.2,0.0,-7.1,-4.2,-3.6,-1.1,-5.7,-0.6,-9.7,-5.3,-3.8,-3.7,4.6,-3.3,0.6,-5.0,-2.6,-5.0,-2.2,-2.8,-4.7,-2.4,-2.0,-3.8,-3.5,-2.7,0.6,-2.8,-8.9,-2.2,-11.1,0.0,-7.6,2.5,3.1,-1.0,-0.5,-2.1,-2.7,-0.3,1.1,-2.6,-3.4,7.3,3.4,0.8,-3.3,-1.5,-2.9,-0.6,3.8,2.2,-6.2,-1.7,-4.7,-5.7,-3.4,3.3,-7.7,-1.7,-0.6,-5.1,-1.9,-5.1,-7.0,4.8,0.3,-4.3,-4.2,-11.1,-8.1,-7.3,-8.4,-8.6,-14.0,-7.6,-3.6,-11.9,0.9,1.5,7.5,-5.3,-5.0,2.1,-1.1,-1.6,1.0,-1.7,-0.4,3.6,2.2,-1.2,-1.6,-2.2,-5.3,0.5,4.2,6.0,-1.7,-1.5,2.5,1.9,-0.8,-1.7,-1.6,-4.1,-1.1,-1.1,7.3,-1.8,1.2,-0.5,-4.6,-3.5,-4.2,1.4,0.8,-12.1,15.2,-2.5,-4.0,-0.1,-3.2,-3.1,-0.7,-6.2,-4.3,0.4,-1.9,-4.4,-3.6,-2.4,-4.6,-3.8,1.6,0.0,-3.5,3.1,-3.9,0.9,2.7,8.1,-4.2,-1.1,-5.0,-8.3,-0.7,-4.4,-2.4,-2.2,-3.5,-5.8,1.4,3.1,5.5,-6.5,0.3,-0.7,-7.2,-3.9,-4.5,-2.8,-5.1,-3.4,-11.5,-0.3,-3.0,-0.1,-3.7,-1.1,-0.1,-3.0,-0.3,2.7,3.6,-0.1,2.5,-8.4,-6.7,-8.2,-14.0,-4.6,-2.7,6.3,-9.6,3.3,0.2,-3.0,-6.4,-4.6,11.7,-4.8,-1.5,-4.2,2.5,-4.1,-6.6,1.5,-5.4,-4.9,5.6,-3.3,0.8,-1.2,-9.8,-4.4,8.8,1.8,-0.3,1.1,-10.0,-6.0,-3.4,3.1,2.6,8.6,6.1,-1.4,-3.8,5.9,-7.3,-6.3,-6.9,5.5,10.7,-1.8,-1.1,0.6,-4.4,-3.3,11.9,-2.5,-7.4,-4.2,-1.9,9.2,-5.0,-3.3,-1.7,0.9,-7.4,-4.6
2016-04-21,6.9,2.0,4.3,2.6,-7.2,4.8,3.0,-1.9,-0.1,-0.8,10.8,-6.9,-2.6,3.4,-1.9,4.7,7.4,12.1,1.7,-3.8,-1.6,1.0,-0.8,10.6,0.6,5.6,1.4,-2.5,-8.4,1.8,-2.5,0.3,11.2,2.5,-3.7,-0.3,-2.2,5.8,-1.4,-4.5,-2.6,5.5,-3.9,-0.9,-2.6,-2.2,4.3,4.1,1.8,-1.2,-0.8,-0.1,-1.0,4.9,-4.1,0.8,2.0,-0.4,-1.0,4.3,-4.4,-1.1,3.5,3.9,5.4,0.5,-4.1,0.5,0.4,-1.9,-4.2,0.2,-1.4,5.5,-2.1,1.8,-13.5,3.6,-0.1,3.0,6.3,2.3,3.3,-1.6,-1.0,0.9,-4.3,-3.1,1.6,-2.7,-1.7,-0.7,1.6,1.9,-7.2,-1.7,-10.6,-6.0,-6.3,4.5,-5.3,1.3,2.6,-0.5,2.8,-0.4,-2.7,4.8,2.8,-2.3,1.4,-1.9,4.1,-1.8,-1.6,-3.2,3.6,10.4,-1.3,-5.3,8.6,2.7,-1.4,-1.5,-1.7,-0.0,0.8,2.2,-12.6,3.6,-1.3,-0.5,-3.8,-8.2,2.9,7.1,10.2,2.2,4.8,-3.5,0.3,-0.9,-0.6,4.4,-0.3,2.1,3.1,3.4,-4.2,0.9,-1.5,3.1,11.1,-2.2,5.8,7.6,6.7,1.2,2.0,2.0,3.1,10.3,4.4,6.7,-16.2,5.7,-1.1,-3.8,0.1,2.8,4.1,3.0,4.0,-2.1,-0.2,-0.3,-0.9,-3.4,-16.4,1.0,0.4,-1.2,0.4,-1.7,-0.7,3.2,-8.7,4.3,0.9,-0.2,-3.7,5.9,-0.9,-0.3,3.4,5.5,-0.8,-0.5,2.0,-0.6,-0.6,0.4,1.5,0.1,3.5,4.7,-3.8,4.6,0.7,3.8,3.8,1.5,-0.6,1.4,0.5,-1.8,-1.9,1.2,0.7,3.3,5.2,-2.1,-0.5,7.5,5.8,4.1,1.6,-7.9,2.4,-6.0,-2.4,-0.4,2.8,-9.0,-4.3,-0.9,-4.7,3.0,2.1,3.7,-3.8,1.9,2.3,3.9,1.4,1.9,2.4,8.5,5.5,0.6,-0.7,-0.1,-0.1,5.1,5.8,10.0,-3.8,-1.5,6.4,7.4,3.7,2.6,0.4,-2.4,4.1,0.1,11.7,1.4,1.4,0.2,-1.9,1.8,1.5,2.9,2.3,-1.6,7.9,8.8,5.2,10.3,2.0,2.5,4.4,3.0,2.8,-1.0,-0.2,-1.8,1.8,1.1,1.2,0.7,5.5,-0.1,-0.2,1.8,1.9,3.4,5.9,3.9,7.1,4.5,4.6,8.1,-2.0,0.0,1.8,1.1,0.1,1.7,3.2,1.9,1.0,-0.8,3.5,2.7,9.4,-0.1,-1.3,0.6,-1.5,-0.4,-0.2,-4.0,1.8,1.1,-3.9,1.8,4.4,2.5,4.8,7.1,5.1,1.6,3.3,-13.4,1.8,0.2,0.8,9.1,8.1,13.1,4.5,1.6,5.5,-5.5,-11.0,0.7,4.2,-0.4,9.3,-0.7,8.9,-12.3,-3.0,1.0,-0.6,-0.7,2.3,-0.2,4.3,3.0,2.3,0.1,18.1,13.5,0.2,0.0,-2.9,-1.2,-3.1,0.4,5.2,-8.0,11.3,0.6,2.8,10.8,-0.9,-4.6,-2.3,11.8,6.2,4.1,0.1,0.9,-13.3,-6.2,4.5,-3.1,3.2,1.5,-3.6,3.1,1.9,4.3,-0.4,-0.4,3.9,4.1
2016-05-03,3.8,-4.1,7.5,0.2,-4.2,5.1,5.3,2.0,2.8,2.0,12.3,-5.7,-2.2,5.0,5.4,-0.2,2.9,15.5,0.1,1.8,-0.9,0.7,0.8,-4.9,-3.7,-3.1,9.0,3.9,-0.7,1.1,-2.6,-5.4,2.3,-4.6,-9.6,-2.6,-3.2,3.9,-3.6,-3.8,-7.9,4.3,4.9,5.8,-0.8,-3.0,5.9,8.3,1.9,-0.9,-8.7,-4.0,-1.2,-3.5,-5.9,-0.8,-15.5,-4.6,-2.5,-1.2,-3.4,1.4,3.5,3.7,-0.1,-0.9,2.9,-5.3,-0.3,1.9,-3.6,-0.8,-2.5,1.9,-3.5,5.1,-7.7,-2.8,-2.3,2.7,2.5,4.0,0.6,1.6,0.2,1.4,1.8,-2.9,4.3,-3.9,-1.7,-2.4,1.7,-5.2,-3.0,-2.0,-2.1,0.2,-0.9,3.1,-1.9,4.4,0.6,8.2,-0.6,0.8,-5.4,4.8,3.7,-4.2,-3.2,-1.9,10.0,-2.4,-2.9,5.9,7.2,6.2,-2.1,-2.3,7.4,1.4,-3.5,-2.2,-2.6,-1.9,0.9,1.3,1.3,-2.1,-5.3,2.9,-1.1,4.6,-2.8,-10.8,6.5,-1.3,2.6,-1.5,2.3,-3.1,0.8,-0.3,0.1,-0.8,-1.7,-2.3,-4.5,2.7,0.4,-3.9,13.0,-3.1,3.7,1.5,5.2,5.7,0.5,5.4,2.7,4.9,0.2,-2.0,0.2,2.1,-15.9,-4.3,-2.9,-1.4,-8.8,-0.1,7.2,-1.3,1.4,0.6,4.1,-0.4,-1.5,-2.3,-0.8,-4.5,-1.3,1.4,-1.7,5.6,2.2,12.1,-3.6,3.3,-2.4,-6.8,10.5,-7.6,7.3,6.3,1.8,0.8,3.8,0.0,-0.7,-7.5,-1.7,2.7,8.1,5.3,-8.7,3.1,5.2,8.4,3.1,3.4,-4.0,3.0,0.2,8.6,-3.0,1.4,2.5,4.9,6.0,0.0,2.2,10.6,0.5,2.9,3.4,-1.4,10.6,6.1,-13.6,-5.8,0.5,-10.6,-15.0,-7.8,1.3,1.6,7.2,1.3,-4.2,1.9,4.0,1.3,-1.6,1.2,2.4,11.8,14.9,0.8,0.2,-13.5,3.7,4.8,2.5,5.4,-1.5,-3.5,6.7,6.1,4.6,-2.7,-0.5,1.8,4.9,-7.1,8.8,5.8,0.7,-2.4,1.3,-1.9,-2.4,-2.9,2.7,-7.2,4.9,4.5,1.9,3.7,1.5,-4.9,3.4,-0.5,-2.1,1.6,-1.0,4.5,1.7,-1.5,3.7,-1.4,6.6,0.3,-5.7,-1.2,4.7,2.3,3.7,3.6,2.8,0.7,3.9,2.4,2.8,-3.8,-1.8,1.4,-0.8,-3.2,1.7,1.0,7.1,3.3,2.3,3.3,11.7,-0.3,-2.0,-6.3,-1.5,-0.9,-10.3,-2.5,0.1,0.3,-7.0,2.2,2.5,-2.1,8.1,6.4,4.9,2.8,3.1,-9.1,-1.1,-0.1,4.8,9.3,-8.8,7.0,4.4,7.8,2.3,-2.3,-3.6,0.6,4.4,-5.9,7.4,3.8,5.9,-5.9,-1.5,2.9,-6.3,-2.8,4.9,-1.1,2.5,4.1,-9.4,-1.6,20.2,8.8,2.8,3.9,-7.7,-5.2,-6.1,-11.7,-0.2,-6.5,9.2,2.5,0.7,8.3,-4.9,-4.9,0.0,10.8,3.5,3.7,1.8,5.6,-0.5,1.9,6.8,2.1,4.6,-1.5,0.5,3.0,-1.7,-0.8,4.0,-6.2,9.5,2.1
2016-05-15,7.4,-0.5,2.9,-1.4,-5.4,4.0,2.3,-5.4,-5.1,-9.6,7.4,1.1,-2.2,-1.7,-0.3,-2.8,-4.4,5.5,-0.9,0.3,-2.4,-2.9,4.5,0.9,-0.8,-3.8,-7.5,-4.6,-5.9,-1.5,-2.4,-2.0,5.0,-2.8,-5.2,-1.6,-11.0,-2.4,-4.9,-3.0,-7.1,3.9,-5.9,-3.5,-5.1,-3.5,-8.9,-6.7,-1.7,-3.3,-3.0,-0.5,-2.9,1.7,-6.5,-4.2,2.4,-1.7,0.4,-1.6,-4.5,-3.0,0.3,4.7,-5.9,-8.4,-1.9,-9.4,-2.3,-1.7,-5.4,-0.8,-5.0,-4.4,4.4,-1.4,-2.9,-3.1,-0.5,2.1,-7.7,-1.8,-0.3,-0.8,-1.3,-0.1,1.2,1.7,3.5,-4.0,-3.9,-3.5,2.2,-6.0,-3.7,1.3,-4.7,-6.3,-1.9,-0.3,-6.9,-3.9,8.8,2.4,-4.3,-5.4,-3.9,0.9,1.7,-1.5,-2.1,-3.3,-0.3,-3.6,-1.6,-0.0,-10.7,2.3,-4.3,7.9,-0.6,-2.5,-1.0,-3.1,-1.8,0.1,-0.2,1.7,4.6,-13.2,-2.1,-3.3,-6.4,-5.4,-4.8,-4.3,-1.0,-0.7,-3.1,-3.6,-0.1,-2.2,-5.0,-6.0,-3.0,0.0,0.2,2.9,-7.4,-6.4,-4.4,-3.5,6.7,-2.4,-9.0,-3.6,4.5,-5.2,-7.0,0.3,-5.1,0.9,0.3,2.6,-2.9,-0.8,-6.0,0.3,-5.7,-7.2,-3.4,-1.2,0.1,-1.9,-2.1,-0.8,-3.3,-2.3,5.6,-7.8,-0.8,7.0,-5.2,-2.7,-0.1,2.3,-5.4,1.8,-2.8,-7.9,-4.8,2.8,1.7,-4.6,3.7,-6.4,-15.4,-2.9,2.1,-0.5,-0.5,-7.3,-3.3,1.1,-1.2,3.3,3.2,-0.9,-1.6,8.4,-0.4,3.8,-3.3,6.9,-1.3,8.7,-4.3,-2.4,-2.0,-0.9,2.6,1.1,-1.7,11.7,0.0,3.1,-3.1,-7.3,-14.1,-6.4,0.0,-3.4,-2.3,-12.6,-3.0,-5.9,1.4,1.8,2.7,-5.3,-3.4,0.5,0.2,-1.6,-3.3,1.8,-2.0,9.0,2.5,-1.0,-0.4,-3.4,-1.1,-0.2,0.4,-6.5,1.0,5.2,1.7,4.5,5.3,2.9,-0.4,-6.7,6.8,-3.5,2.8,7.5,1.2,1.6,-0.1,-2.7,-3.8,2.2,1.3,-1.3,0.7,5.3,-0.5,8.7,0.3,1.7,-3.9,-5.2,-5.0,-2.9,-2.1,-0.3,0.1,-1.1,1.2,-0.7,2.9,0.0,-1.7,0.2,-3.3,2.0,1.4,-2.3,5.2,2.1,1.8,8.1,2.6,2.8,-2.1,-0.4,-2.6,-6.5,-1.8,0.4,-2.4,-1.2,2.1,0.5,5.4,0.7,-2.0,-2.3,-3.3,-1.6,0.0,4.0,-3.0,11.4,11.7,-2.9,0.9,-2.3,3.8,4.5,6.4,-6.8,-0.8,-15.4,-0.7,-1.7,-1.4,-1.4,-2.0,3.4,2.6,5.7,1.5,-2.4,-8.4,-0.1,6.2,-0.5,4.5,-2.6,3.8,-4.0,-9.5,2.4,0.7,1.3,2.7,-2.7,0.5,1.2,-4.7,-2.9,10.3,6.6,1.1,5.1,-2.8,-1.1,-4.3,1.9,-1.0,-10.1,9.3,1.8,1.0,-4.2,0.7,-3.7,-0.4,1.7,-1.7,8.8,2.6,0.0,-1.5,1.3,2.9,-7.9,3.0,0.0,3.6,1.1,-0.5,2.1,2.6,1.4,1.0,-0.3
2016-05-27,2.2,-4.2,2.6,-4.4,-1.4,2.5,4.6,0.4,-1.3,-3.6,7.9,-1.6,-2.5,-4.2,2.3,-4.0,-11.1,7.9,-1.0,-6.2,-4.2,4.1,-11.9,-8.7,-0.7,-0.2,-2.3,0.4,-4.9,-4.2,-5.4,4.3,8.1,3.0,-3.8,-5.7,-11.6,-1.8,-8.3,-5.1,-5.5,5.7,-6.5,6.8,-3.3,-0.0,-8.0,-3.1,-0.2,-2.6,4.0,-1.0,-0.7,-0.4,-5.6,0.8,5.0,-1.3,-0.6,2.0,-3.7,-1.2,3.3,2.5,-6.0,-3.1,4.1,-3.5,-1.6,-0.0,-4.3,-1.5,-5.8,0.8,-3.3,3.3,-0.9,2.7,1.4,10.1,1.7,2.9,0.6,-0.1,0.4,2.6,1.5,4.5,2.7,-3.2,-4.7,-2.4,2.2,-2.7,-0.2,-2.2,-0.4,-1.7,-1.6,2.1,-6.1,1.0,3.4,3.9,2.0,2.9,-3.2,11.2,-4.9,-1.1,0.1,-0.7,-2.7,-1.8,-1.9,3.1,-5.8,2.1,1.4,-14.9,8.5,1.5,-7.3,-6.5,-2.2,1.0,5.1,13.5,11.0,-2.7,2.6,-6.3,-4.1,-11.6,-2.9,-2.3,4.4,1.4,2.2,-1.2,-1.4,2.8,-1.7,2.2,1.7,1.2,7.9,0.6,-3.0,1.0,-3.0,0.4,2.6,-6.0,3.1,1.6,-5.4,-2.1,-4.3,3.4,3.4,13.4,9.1,0.8,-0.8,1.5,-3.6,-3.5,-7.2,-9.3,-4.5,1.3,9.7,3.0,0.1,0.6,1.3,-3.2,4.1,0.0,-3.4,-4.9,-13.9,-2.6,-1.1,6.8,-5.1,7.5,-5.2,-0.4,-6.3,-1.8,-1.8,0.4,5.9,0.3,-1.3,1.0,-1.2,0.9,-3.1,-8.3,0.2,2.8,0.3,1.6,-1.1,-3.1,7.9,14.5,-1.3,2.1,-1.7,-1.8,-0.7,-1.8,-2.3,-3.4,-3.7,1.5,2.8,2.0,-3.6,8.6,0.2,0.4,-8.1,-8.3,-8.9,-7.2,2.0,-2.6,-5.6,-12.5,-5.7,-4.1,5.3,3.3,6.6,-4.0,-2.5,2.9,5.2,3.1,-6.0,2.9,-3.3,12.0,4.9,0.6,1.4,-0.4,1.0,2.9,-2.4,-4.9,-4.0,-0.6,-7.5,8.4,-1.4,3.7,1.9,-5.6,5.7,-2.7,15.2,-0.4,-3.0,3.2,-1.9,-2.2,-5.9,1.5,-0.1,-0.3,5.9,6.2,2.9,5.3,1.5,5.6,1.6,0.7,-2.7,1.1,-2.0,-1.9,-1.8,-1.9,-1.9,1.3,0.7,-2.3,-3.7,-0.4,-3.9,6.7,8.6,4.4,5.1,4.0,3.6,3.3,15.3,-15.6,4.8,6.7,0.9,-0.3,2.0,2.4,7.9,-6.7,-1.7,0.4,-12.8,-1.2,-2.2,-5.7,-14.5,-4.9,-0.2,-4.8,-0.5,2.1,-13.7,0.5,5.1,2.0,8.6,9.0,6.1,5.5,2.1,-9.1,0.2,-5.1,-5.7,11.8,-0.4,5.3,4.3,4.3,6.9,-0.6,-10.5,0.9,1.3,-6.0,3.4,5.9,5.3,-10.7,-3.7,-0.2,-0.5,1.0,0.3,-0.1,0.1,2.8,-7.2,-2.2,10.8,8.0,1.2,-2.7,-4.8,1.1,-2.5,-2.0,-1.9,-6.1,6.2,0.0,6.5,14.4,0.7,-4.4,-1.9,4.3,1.5,4.7,1.0,-1.2,-1.3,-0.8,7.8,0.8,0.4,-1.7,1.0,5.9,-4.7,-2.6,0.1,-0.7,-2.5,-7.4
2016-06-08,1.0,-3.2,1.5,0.3,-2.8,2.5,4.8,-1.1,-4.8,-3.6,11.3,-6.1,-5.4,-2.1,4.0,1.5,2.7,13.7,-4.3,-10.2,-3.4,1.4,2.7,1.3,-0.1,-2.0,3.7,-2.3,-5.3,0.8,-2.2,-1.4,4.9,2.6,-6.2,-2.0,-3.9,-11.3,0.3,-4.2,-4.0,5.3,-0.8,2.2,-3.4,-3.7,10.9,1.5,1.0,-1.6,-5.2,3.0,-3.1,-3.6,-3.8,-3.1,8.1,0.8,1.7,-0.5,-8.1,-5.0,2.4,3.7,-13.6,-2.6,-0.5,-6.1,4.9,-1.7,-5.4,-1.5,-4.5,-1.0,4.2,-0.1,-1.5,0.5,5.2,3.5,6.5,-3.3,1.2,0.3,-1.9,2.2,4.8,0.3,1.8,-3.1,-2.8,-3.0,2.0,-2.3,2.9,0.0,-6.0,-6.1,-3.1,0.5,-8.2,-1.4,7.9,-13.2,-4.4,4.2,5.2,3.9,1.6,-2.1,0.3,1.4,13.5,9.4,-2.2,4.5,-6.2,5.7,9.3,-4.9,8.3,3.7,6.7,-1.5,-0.1,0.7,4.9,10.2,2.4,-3.0,0.7,-6.6,-2.9,4.8,-18.6,-2.9,4.1,2.8,3.4,7.8,1.0,-1.8,-6.7,-2.5,-7.1,-3.3,2.8,1.0,-3.1,0.8,-4.6,-9.8,5.4,-3.7,4.6,3.9,5.7,-5.0,-3.0,2.2,-7.0,-1.6,10.2,-0.9,1.3,1.7,-1.9,-5.4,-10.7,-10.4,-11.1,1.7,4.1,-2.3,-0.1,0.9,-8.4,0.4,-0.4,1.2,1.1,-4.7,10.0,3.6,1.4,2.0,-0.4,8.8,-5.0,-2.6,-3.0,1.3,0.3,1.3,10.2,-4.1,-0.8,-1.3,1.1,-0.7,-2.5,-8.3,0.1,0.6,0.4,2.7,3.5,0.1,-14.7,13.9,-0.9,4.0,-1.7,3.6,1.8,1.7,-2.3,-0.6,-1.4,-0.6,1.4,-1.6,-0.1,14.5,1.4,4.4,-1.3,-7.6,0.1,-4.7,3.2,-1.6,-8.0,9.4,-2.8,0.6,0.1,1.6,6.2,-1.8,-5.5,5.7,3.0,-1.4,1.6,2.7,0.9,9.2,2.6,2.1,3.4,-0.0,-3.0,-3.5,-3.2,-5.5,-6.5,3.3,1.4,1.1,1.8,1.2,4.0,-8.9,4.4,-1.1,5.1,0.1,2.4,0.2,-0.1,-4.4,-7.9,-2.8,-0.1,0.5,5.6,11.7,4.3,6.4,2.1,-9.9,5.3,0.7,-2.0,-1.0,1.3,-0.3,-1.1,-4.5,1.3,2.2,2.2,0.1,-1.9,0.5,-1.1,6.9,9.7,6.0,7.2,5.8,4.5,8.7,5.3,-7.2,0.4,-0.1,3.5,3.2,2.4,2.6,-2.5,-5.1,1.8,1.0,6.9,1.4,-2.3,-2.9,-0.7,-0.2,-0.8,-2.1,2.0,3.6,-16.0,1.5,-1.8,4.8,9.6,8.7,9.5,3.4,4.1,-16.9,0.4,-2.0,-6.9,9.9,3.3,1.6,6.0,2.3,8.1,2.8,-16.2,-0.4,3.3,-6.2,6.7,-7.0,5.4,-6.5,-6.2,2.7,3.3,2.7,-0.2,-0.2,-3.4,-1.5,-5.9,-2.1,12.9,8.2,1.6,4.5,-2.5,-1.9,-3.7,-3.8,-2.9,5.5,9.4,0.0,0.4,14.3,-1.2,-0.7,2.0,4.7,2.3,6.0,1.7,-1.7,0.1,-0.1,5.9,14.4,-1.8,-0.7,1.3,0.6,2.0,-2.5,-1.9,-1.4,-2.9,6.4
2016-07-02,-0.6,-6.5,3.7,-4.3,-2.4,1.7,3.7,2.7,-7.9,4.2,12.9,-4.7,-6.8,-2.9,1.1,3.4,3.4,11.6,-7.0,-2.2,-4.6,0.9,0.3,-0.9,0.0,-6.2,-2.0,-2.9,-5.9,-15.5,-6.0,-11.9,3.1,-1.8,-11.3,-2.9,-8.7,-3.6,-11.6,-6.9,-12.0,1.2,9.3,4.3,-7.4,-7.8,-7.1,-10.5,-4.9,-7.5,-11.7,-5.5,-4.4,-0.9,-12.1,-5.8,9.2,-8.6,-2.5,4.0,-6.7,-4.1,1.5,-2.0,0.1,-0.1,-4.2,-3.0,-1.7,-1.6,-6.0,-4.0,-4.4,-5.0,-4.9,-1.3,9.1,-12.5,-2.0,2.6,5.6,-0.7,-6.5,-8.9,-4.1,-2.0,-10.8,-2.4,0.9,-7.6,-5.1,-5.5,1.1,-6.4,-2.5,-2.0,4.9,-8.4,-7.8,-0.7,-17.7,1.3,-1.8,0.5,0.2,6.2,-2.7,-0.7,0.1,-4.2,-9.0,-3.4,-1.5,-5.8,0.1,-7.3,-18.7,1.9,-1.2,-0.2,9.0,0.3,-6.4,-6.7,-4.0,0.6,-1.1,0.9,-3.9,-2.8,4.0,-4.2,-5.8,1.5,-5.6,-6.1,8.2,-2.8,1.4,-3.7,2.7,-4.8,7.7,2.6,1.0,2.5,6.3,-3.3,-7.0,-1.0,-5.0,3.6,2.5,-3.3,2.0,-0.3,6.0,7.6,2.7,-1.1,2.3,12.5,3.6,-13.3,1.8,0.7,-8.2,-9.3,-7.1,-7.2,-13.3,0.5,6.1,-1.6,1.4,-1.0,2.3,-6.2,-14.4,-2.3,-3.1,-14.2,-9.6,2.3,4.7,3.7,-1.2,9.6,-6.9,-0.2,-6.5,-6.3,4.1,-4.2,-3.3,-4.3,-10.6,-2.8,2.4,-1.4,-6.6,-8.2,-4.4,-2.6,2.4,1.6,-2.1,-0.9,-6.0,-3.2,-1.6,-4.7,-0.7,-9.1,-4.1,10.9,-4.9,-2.6,-3.1,1.9,2.6,-1.6,-0.0,4.4,3.1,-8.4,6.3,-10.4,-9.0,-8.9,-7.9,-8.8,10.8,-7.0,-4.9,-11.4,10.7,2.0,4.9,-1.1,-4.7,-4.1,0.3,-12.9,-7.6,-3.3,-2.6,5.6,2.4,-4.3,-3.5,-13.0,-7.2,-10.8,-0.7,0.0,-6.3,-1.2,1.1,2.2,1.0,5.0,-4.8,-10.6,-7.6,-3.8,-2.5,3.1,2.1,11.4,-0.8,-3.4,-7.2,-4.2,1.2,-12.2,2.4,-6.6,1.2,0.9,-2.7,-17.3,-1.5,-3.4,1.6,-1.3,0.4,-3.8,0.6,-7.4,-2.2,2.9,2.0,-4.7,-6.2,1.4,3.1,3.0,2.9,2.1,-3.2,0.2,0.5,-0.5,8.0,-4.2,-2.6,1.1,-1.6,-6.5,2.1,2.4,-10.1,-1.5,2.7,1.5,3.1,3.7,-4.0,-7.0,-1.5,-2.9,-11.8,-3.3,0.1,-0.7,-11.6,7.5,1.4,0.0,5.5,7.5,6.3,0.5,1.3,2.7,-0.4,-5.6,6.1,12.8,4.2,1.6,0.4,8.0,5.0,-3.9,0.2,-0.6,6.3,-6.8,3.1,-10.9,2.4,-5.0,-4.8,1.5,-3.1,-4.5,-6.3,-5.6,-1.5,-8.2,-12.6,-3.2,9.7,4.2,0.6,2.9,-9.5,-7.9,-5.9,-3.6,-3.2,1.0,9.2,-1.6,-3.6,3.8,-9.7,-2.2,-5.0,-0.8,-2.3,-3.4,-1.8,-1.6,-3.6,-2.5,1.1,-7.7,-3.3,-3.5,-1.3,-2.1,-3.7,-8.8,-7.8,-2.9,-2.9,-5.2
2016-07-14,7.1,2.9,10.7,3.1,-7.1,7.6,4.5,-0.6,5.9,-0.2,14.2,-3.7,5.4,0.7,2.0,4.3,-0.3,14.3,7.7,-1.6,2.2,-3.2,-3.0,-2.9,-3.4,-3.4,5.2,0.6,-2.9,-10.2,-1.3,-2.9,3.8,-0.6,-11.8,-8.7,-11.9,-0.9,-9.4,-2.5,-1.7,-0.3,9.2,2.5,-3.1,-3.2,-1.6,-0.3,-0.4,-3.4,-5.3,4.6,-5.1,1.3,1.9,0.2,3.0,-7.5,-3.1,12.5,-1.7,-7.6,1.2,1.1,3.3,-8.2,-12.2,-9.7,0.7,0.1,-6.3,-2.3,3.0,-3.0,16.4,2.6,12.3,-10.2,1.0,2.8,12.1,-4.0,-4.4,0.0,-1.2,2.6,6.4,-5.8,1.6,-6.3,-2.7,-1.0,8.3,-0.1,-2.8,2.4,-2.0,-1.9,-4.6,4.4,5.7,-4.4,-0.2,0.7,-0.7,2.9,2.0,2.1,-0.2,-3.0,-7.4,-6.5,-2.4,-4.2,1.9,7.4,3.8,0.5,-0.5,-2.7,-4.4,0.4,-3.7,0.0,0.6,3.2,2.0,7.6,-7.5,-2.7,-3.4,-1.3,-3.5,12.5,-6.3,-16.0,10.0,-2.6,-0.6,-2.8,4.4,-1.3,-8.7,0.8,0.2,-2.5,0.2,0.1,-3.9,-0.4,-2.1,1.2,3.6,-5.5,-1.6,-1.4,8.9,-3.7,1.4,4.1,9.7,-6.6,3.8,9.5,-2.2,0.3,-4.1,-5.0,-1.3,3.0,9.9,-1.2,11.0,4.6,-3.2,-7.2,-4.5,-4.6,-15.6,-4.0,-2.8,-4.8,-9.2,-2.1,-3.2,11.0,7.6,7.9,12.1,-6.2,-3.9,-0.9,2.8,-6.1,1.6,0.1,1.9,-8.8,-2.1,-1.0,-3.0,-6.9,-3.7,-0.4,2.2,11.1,2.3,1.2,-5.3,1.1,7.8,7.7,-0.5,-11.7,-0.5,-4.3,-3.2,-2.5,-1.8,3.7,7.9,-2.9,9.8,15.2,4.3,-6.0,-2.7,-6.7,-0.3,1.1,-6.6,-2.2,0.9,1.4,3.1,0.8,-5.0,-0.6,7.7,-8.9,-0.7,2.1,-4.2,-1.6,-2.1,2.6,2.6,4.4,-6.7,-0.1,-1.0,-6.7,-2.6,-1.1,1.2,-0.9,0.6,1.9,1.1,2.4,1.1,-5.5,-2.0,0.1,2.3,1.0,5.3,1.3,1.3,6.4,-0.3,-1.6,-9.9,-10.8,2.8,-11.3,-8.6,1.2,3.2,1.8,0.2,-1.9,-4.3,-0.7,-0.7,3.4,-2.6,4.3,2.7,-18.9,-1.5,3.0,3.5,1.9,-8.6,4.2,-1.5,3.0,2.2,-1.1,7.5,3.0,2.5,-1.0,7.1,8.7,-3.6,-10.5,-3.7,-2.0,5.6,-0.6,3.7,3.7,2.1,1.6,8.0,-1.2,-1.2,-15.5,-3.8,-0.5,-8.4,1.6,-3.3,0.1,-10.6,-0.9,-3.1,-3.3,5.8,8.3,8.1,1.8,4.9,9.5,-3.4,-6.2,-16.4,18.9,-0.6,-2.0,1.2,3.1,5.3,-0.9,-3.1,0.1,12.5,-0.8,9.4,-1.5,1.7,-10.3,-3.9,4.8,-6.1,-2.6,9.7,-0.1,3.1,1.6,-6.4,-3.2,13.3,4.0,0.6,6.2,-15.4,-14.5,-11.5,0.3,-1.5,-9.0,8.4,1.0,-1.5,5.6,-13.4,-11.3,-4.1,4.2,-4.3,3.1,3.9,0.3,-1.7,0.7,10.3,3.5,-2.7,-0.7,2.7,8.1,-2.9,-0.2,-3.7,0.6,-2.4,-2.5
2016-07-26,8.5,0.7,1.1,-1.7,-6.0,7.0,7.0,-6.9,0.8,-8.4,13.6,0.4,2.1,-3.0,5.1,-4.4,-4.3,4.5,2.2,-3.6,1.1,1.1,1.6,2.4,0.9,2.1,4.7,-4.4,-2.1,-0.2,-0.8,-0.4,9.5,5.2,-4.7,4.0,-0.4,1.1,-2.7,-1.4,3.7,-0.7,3.7,-0.2,-7.2,-10.2,-1.9,3.0,2.1,-1.1,-4.6,-2.2,-6.0,1.7,5.5,4.1,0.1,-1.9,-8.4,0.1,-7.4,-7.6,-5.6,-8.9,-2.9,-2.9,1.2,4.2,-5.8,-5.2,-2.6,6.1,5.8,11.6,4.6,2.0,1.7,0.3,-6.1,8.9,0.7,8.5,5.0,-5.0,0.1,2.1,-1.1,-5.9,-0.7,-1.6,-15.4,5.8,12.2,-0.4,-12.1,-2.8,-3.1,-2.4,2.6,4.5,-5.5,1.5,3.3,-0.2,0.9,1.8,1.2,3.1,-1.6,5.2,-3.3,-1.5,2.7,-4.0,-3.1,-2.7,-3.8,-0.3,0.2,-4.6,-3.0,-0.8,3.2,10.0,1.1,-5.2,-1.5,0.2,-1.0,-1.8,-11.0,-1.5,-1.1,-1.2,-6.5,-5.4,6.9,-4.8,-1.3,1.2,-2.9,3.9,1.9,-0.4,-1.8,4.0,13.9,4.3,0.3,-0.1,-3.9,3.9,6.0,-4.7,5.3,-5.0,8.8,5.1,-1.6,5.3,-1.3,10.8,11.0,1.3,-7.1,7.2,-4.6,-2.7,-2.9,3.2,-1.4,-1.1,3.9,-2.6,0.3,6.1,4.6,7.4,-2.8,-3.6,-6.6,0.7,-0.1,-4.1,-7.0,2.6,-2.5,3.9,-0.8,-3.2,-6.1,2.0,-2.1,-3.2,-5.5,-8.2,-9.5,1.8,-3.8,-5.7,-0.4,-7.4,-0.1,5.1,1.1,2.4,-8.9,3.1,-7.1,-4.8,-5.6,3.4,-4.3,-1.5,-2.6,-6.5,-8.1,1.5,1.3,-0.3,5.3,-1.5,9.4,-7.0,10.6,0.1,-2.7,-4.1,-3.1,-2.4,1.6,9.9,-3.3,-5.3,-1.3,-5.4,6.4,0.8,0.7,-8.3,-11.6,2.0,1.3,1.4,-0.8,1.8,-0.0,6.1,7.5,4.5,-2.5,2.5,0.3,3.5,3.7,-0.2,-8.2,1.3,4.3,5.3,5.9,8.1,-2.1,-6.9,1.2,-0.5,2.9,6.4,5.0,-5.3,-2.1,-2.8,-6.1,-13.8,0.5,-4.2,1.4,8.5,4.6,6.1,-0.5,-7.3,-3.4,-4.2,7.8,-1.9,1.1,1.0,1.9,-1.9,-4.2,2.6,4.7,-3.3,-2.4,2.9,-13.0,4.1,5.6,3.9,5.0,3.9,2.0,2.5,3.7,-1.3,0.3,0.8,9.1,-6.3,10.1,-1.8,-0.3,0.1,2.4,2.4,3.7,1.7,-2.9,-0.9,-6.3,-2.5,0.8,-10.1,1.7,2.4,-0.4,-1.2,12.6,10.7,7.2,11.7,10.3,-4.7,-2.7,2.9,1.5,-3.1,-4.0,2.9,1.9,2.7,3.5,7.6,8.9,2.9,-2.3,-3.7,2.3,-9.2,0.3,-8.9,5.2,-10.0,6.5,5.6,-2.9,-4.7,4.0,-1.7,-4.3,-3.4,-0.1,-3.9,8.4,5.1,1.2,4.0,-10.2,-7.3,-5.7,-0.2,-4.6,-7.4,5.8,3.0,0.1,6.6,-6.1,-1.4,-2.4,0.4,-1.7,3.9,5.6,-0.4,-2.8,-0.6,-1.5,7.3,5.7,-3.8,-2.7,-0.6,-5.8,-3.6,3.3,-12.9,-8.2,-9.2
2016-08-07,2.4,2.0,4.9,1.1,-5.1,3.4,3.6,0.4,1.8,-1.9,9.9,-7.6,5.7,-1.3,2.0,6.0,4.4,10.8,0.4,0.1,2.7,1.4,3.7,-1.8,0.0,1.0,-1.9,-2.7,-5.3,-2.8,-2.4,-3.3,4.9,0.1,1.5,-5.5,-5.1,-0.7,-4.0,-6.4,-2.0,7.9,0.3,2.1,1.7,-1.0,-2.6,-1.4,2.6,-3.4,4.3,-0.7,-2.8,-0.5,-1.8,-0.6,-10.1,-0.5,3.6,-0.8,-3.2,-1.4,5.1,7.7,-3.8,-2.7,-5.4,2.1,0.4,-0.6,-3.8,-0.1,-1.7,2.1,3.0,0.0,-0.5,0.7,0.4,5.7,-1.8,-1.5,0.7,-2.5,-1.1,-2.3,-0.9,-1.8,1.2,-3.9,-2.8,-1.6,5.9,1.3,1.9,3.6,-3.6,-1.9,0.6,2.3,-5.7,-1.8,4.2,-1.0,1.3,5.9,-1.5,6.9,5.2,-0.6,3.5,2.5,5.0,0.0,-0.5,3.6,-1.8,11.8,-11.8,-1.5,2.2,-0.4,-4.6,-2.4,-0.7,-1.4,5.2,6.8,-2.3,-1.8,0.4,-1.4,-3.0,3.6,0.0,5.3,13.1,5.0,0.1,-3.0,0.3,1.3,-2.7,2.3,1.1,-7.0,3.6,1.9,-5.0,2.3,-1.1,1.3,16.2,0.9,0.4,0.3,4.4,4.7,-0.0,3.3,-2.0,-5.8,5.1,2.5,1.5,3.0,-2.8,-3.6,-0.7,6.2,-2.1,2.9,4.3,3.3,4.4,3.0,-0.3,-5.3,-0.1,-0.2,-4.1,0.4,4.8,0.4,5.1,2.8,0.7,7.3,-0.6,-2.9,-6.0,0.3,-0.1,1.6,1.4,-0.3,3.5,1.0,2.3,-2.5,0.6,-8.6,4.3,-3.8,4.6,3.4,1.8,-3.4,-3.8,2.1,0.1,6.7,0.4,4.9,-0.6,1.5,-3.0,-1.7,-1.6,3.1,5.3,2.4,0.2,12.7,5.4,1.7,0.3,-7.3,-12.9,-8.0,2.4,0.9,-3.7,-8.9,-3.6,2.4,-8.2,1.9,7.2,-11.1,-3.1,6.4,0.1,-3.6,-1.8,6.1,-1.6,12.0,2.8,1.2,-2.4,-0.4,-3.5,-2.5,0.7,-5.8,-2.2,3.2,-0.0,1.6,4.5,3.3,-7.5,-11.6,3.9,2.3,4.6,2.9,-1.7,4.5,0.5,2.1,3.9,1.9,2.7,0.1,5.3,10.5,3.4,8.5,1.0,-3.9,2.4,-0.7,1.2,5.6,0.0,1.0,3.8,-1.0,3.3,-3.3,7.9,-2.0,-3.0,1.4,-2.0,7.4,10.6,7.7,8.1,5.0,4.5,5.5,3.7,-1.5,-1.2,0.4,0.9,-3.0,2.0,2.9,2.7,2.4,3.1,0.4,6.2,-2.4,-1.2,-3.1,-0.5,0.5,-0.4,-2.2,0.4,5.5,-12.7,0.9,1.0,2.3,9.4,8.8,9.1,1.9,-0.0,10.2,0.2,-2.5,-3.3,9.8,0.8,6.3,2.2,3.9,8.2,-1.7,7.7,-0.2,1.7,-1.6,3.8,-4.6,6.5,-15.0,-12.4,3.0,2.5,-1.7,1.2,-0.4,2.8,-3.3,-13.3,-3.0,9.5,6.6,-1.4,8.9,-2.6,-0.2,-3.5,-0.1,-1.8,-17.2,18.6,0.5,5.7,14.4,-1.3,-4.3,-2.0,-2.9,-3.8,0.8,-3.0,6.7,-4.1,-1.2,6.1,-2.8,4.7,-1.2,-3.4,0.8,1.6,10.5,6.5,-0.8,4.2,2.9
2016-08-19,8.4,3.2,6.8,2.1,-4.3,4.7,3.7,-3.7,-2.2,-8.6,3.2,-6.3,4.7,1.7,1.1,0.4,-4.5,-2.8,3.1,2.7,1.3,8.4,3.8,-3.6,-0.5,2.9,-0.3,-3.0,-4.4,1.5,0.1,-2.2,3.0,-1.6,-2.1,-0.7,-9.4,-5.4,-2.1,-4.5,-5.4,7.6,-5.3,-0.4,1.5,-2.6,-7.7,-5.9,1.7,-2.5,-2.8,-3.2,-4.0,-0.3,-1.8,-3.0,2.6,0.1,-4.9,1.8,-3.5,-3.7,2.6,4.9,-3.0,0.9,-0.6,5.0,-3.2,-2.8,-5.6,-2.3,-7.7,1.5,5.0,3.8,-0.8,-0.6,2.4,5.8,4.0,-0.7,2.0,-1.5,-0.5,1.4,3.4,-10.8,2.6,-3.9,-3.8,-6.7,4.6,1.0,7.6,8.8,0.3,0.3,-4.8,3.7,-2.3,3.7,3.7,4.9,3.7,3.0,0.7,6.0,8.0,1.4,3.3,-4.9,6.8,-2.6,0.9,3.5,-4.8,-1.4,5.0,-8.5,3.4,0.3,3.0,-3.8,-4.3,-3.5,9.0,14.1,3.2,-1.3,-12.5,-1.0,-1.6,1.1,-2.4,-1.4,7.2,2.4,0.4,0.8,0.4,0.4,-3.4,3.8,1.0,-4.0,4.5,6.8,-8.3,1.5,-2.4,-0.7,8.9,1.8,2.0,0.8,8.8,10.0,3.6,1.4,0.7,-6.3,6.7,1.0,2.0,8.2,-1.9,-7.1,-1.9,0.4,-1.6,5.4,8.1,1.9,2.7,0.9,7.4,-2.1,-4.2,-4.5,-8.5,-2.3,-3.1,1.6,0.6,5.6,4.7,9.6,-2.6,-0.6,-2.9,5.6,-4.8,-0.8,-1.7,0.8,-0.1,0.1,2.6,0.1,3.8,-10.0,0.1,4.4,2.5,5.2,0.5,3.3,-3.8,-5.7,1.5,3.4,1.0,4.2,1.7,4.1,-1.8,-0.1,0.7,2.1,6.3,1.1,2.2,12.5,4.1,3.9,-3.3,-8.6,-8.9,-8.2,0.8,-1.1,-3.8,-6.3,-6.3,-2.5,4.8,2.8,5.7,-1.7,-1.2,0.9,0.4,-0.1,1.8,3.7,2.8,13.1,7.7,-6.9,10.7,-4.1,-3.0,0.6,3.8,5.0,-3.6,1.8,-1.6,2.2,7.3,5.8,10.0,-2.5,10.0,-2.9,6.6,8.2,3.5,3.2,1.0,-1.7,-0.4,-0.7,2.3,-0.8,8.3,8.4,6.2,10.3,2.7,-5.3,4.8,1.0,0.3,1.3,2.6,0.9,2.9,-2.8,6.3,-0.1,8.3,2.6,1.3,0.3,-4.1,8.3,9.4,4.7,7.1,5.9,5.9,7.2,9.9,-2.2,5.1,7.1,4.1,-0.0,-0.7,1.5,2.6,6.0,10.8,3.9,11.7,0.7,-1.0,-0.4,0.8,0.8,-0.3,-1.8,5.8,1.7,-6.5,-1.6,7.7,5.8,15.3,10.5,10.3,1.4,1.2,-15.3,2.4,-3.2,-5.3,16.4,-7.3,2.7,4.6,8.9,10.9,-15.9,6.4,3.1,3.3,-10.4,10.1,2.4,7.6,-3.1,1.8,4.5,3.1,1.7,2.4,-0.8,1.9,5.6,-9.8,-2.0,7.1,7.5,2.7,4.6,-1.5,0.6,-3.3,2.2,-1.4,-4.8,8.9,-0.5,3.0,5.1,2.2,0.5,-0.3,2.0,0.1,0.1,1.9,0.7,1.9,0.8,11.3,2.3,2.5,3.1,3.7,-5.6,0.8,9.4,2.8,0.8,3.0,-1.5
2016-08-31,7.9,7.0,9.4,1.9,-0.6,2.2,15.7,-7.7,-0.2,-0.3,11.7,-0.1,-2.7,2.7,-1.3,4.5,6.0,14.8,2.2,1.7,8.3,6.0,0.5,-5.8,-0.8,8.8,-3.4,-0.5,-3.8,5.6,3.6,0.7,9.2,-3.3,-1.6,-3.8,-10.1,-7.1,-6.3,0.9,-1.8,11.9,-1.1,-0.3,2.3,-4.1,-8.0,-2.7,2.8,-0.7,-1.2,-0.7,-1.2,0.8,1.2,3.5,-1.0,2.6,1.7,1.9,-1.2,-1.1,3.7,7.0,10.0,-1.0,2.2,3.1,-4.7,-1.5,-3.9,0.2,-6.4,2.9,0.7,1.0,-0.3,1.4,1.5,6.1,1.7,3.8,1.3,3.4,2.1,3.6,8.0,1.0,2.8,-2.0,-0.2,-4.2,4.8,2.2,3.5,4.3,-1.9,1.7,0.9,3.9,-6.2,-0.9,5.8,6.1,4.0,3.6,-0.9,9.3,-1.6,3.3,-1.3,-2.0,9.5,0.8,4.5,5.0,-3.7,5.1,-1.7,-1.8,5.0,3.1,1.1,-1.1,-0.4,5.1,3.8,12.0,7.4,-0.3,-15.1,3.8,0.1,5.8,0.6,3.4,16.5,2.8,4.0,0.0,1.7,0.6,0.7,1.1,4.0,-16.6,11.7,4.5,1.2,-4.4,1.6,0.5,-7.2,3.5,3.6,3.4,8.7,-15.1,3.8,4.4,3.1,9.7,8.1,-3.0,-6.1,10.3,6.1,3.3,0.1,3.0,-1.2,1.6,3.7,0.9,5.2,2.1,0.8,-5.4,-5.1,-3.3,-6.6,6.3,0.4,1.1,-0.1,4.5,4.6,9.7,-2.8,0.6,0.6,0.5,3.7,-0.5,1.6,1.4,1.0,4.3,2.1,1.8,2.8,-8.4,9.2,-0.4,8.5,7.9,7.2,0.6,-0.6,-0.5,4.9,4.5,1.5,-1.4,3.1,4.7,4.2,0.5,0.7,3.6,4.8,-0.1,1.9,11.4,6.7,4.3,2.8,-10.1,10.4,-8.2,-0.1,3.8,-10.5,-4.2,-3.1,3.9,2.1,2.4,5.1,-4.4,-1.5,5.8,-0.6,-0.3,2.9,0.7,1.3,14.9,-11.7,-7.3,2.8,-1.9,-2.3,-2.6,5.8,-2.2,-2.1,4.1,5.2,13.3,6.5,6.0,8.6,-2.8,7.4,5.9,7.9,11.1,4.6,-2.4,3.5,0.7,2.2,-2.6,3.8,0.5,11.4,6.2,4.9,11.3,4.3,-2.5,4.2,0.9,6.7,5.4,4.2,3.7,6.3,-1.3,7.1,-1.1,7.0,1.0,0.1,2.3,-4.6,13.4,8.5,8.5,4.6,7.1,7.8,7.5,13.3,-2.0,5.4,7.3,4.3,6.9,-9.9,2.6,3.0,10.3,6.5,15.0,12.8,-0.4,0.2,-1.2,0.3,1.0,0.5,-3.2,-8.1,4.2,-5.0,3.6,10.9,5.8,9.4,7.9,7.6,8.2,3.5,-16.9,-1.2,-1.8,-4.3,9.7,-0.8,5.7,5.6,-8.2,7.5,0.7,4.6,3.4,0.6,-4.8,0.3,-2.3,9.0,-1.3,5.3,9.4,3.9,3.0,1.7,4.6,2.1,1.4,-5.3,-1.0,12.4,7.8,3.0,9.2,-0.5,0.9,2.2,2.0,0.5,-6.8,16.5,3.1,6.2,17.0,0.8,-1.6,2.8,3.7,2.2,7.6,4.1,9.1,-0.7,4.3,9.4,5.8,7.6,1.9,5.4,-4.0,4.2,9.6,7.6,1.0,-15.2,-12.7
2016-09-12,-2.6,4.2,7.5,1.8,-1.4,2.5,1.1,-1.3,1.4,-4.5,12.3,-5.4,-0.5,0.7,-0.8,-2.2,-2.3,14.7,3.2,1.5,2.6,9.0,-1.5,-3.1,-0.8,3.0,3.4,-1.6,-2.9,-8.0,-0.6,-12.0,2.7,-9.4,-4.1,-0.2,-6.2,-6.6,-6.3,-1.5,-3.4,6.3,-4.7,1.0,0.4,-5.2,-9.5,-7.3,2.4,-2.9,-3.5,1.1,-4.7,0.0,-1.3,2.7,-2.1,-0.9,2.4,-0.3,-7.3,-7.7,1.0,-1.0,-2.3,-0.6,1.6,6.5,0.5,-8.1,-6.0,-1.4,-8.6,-1.6,-0.8,2.3,2.1,-0.9,-1.4,6.4,4.6,0.7,0.8,-1.9,-2.3,2.0,6.4,7.1,3.2,-2.4,-6.4,-5.5,2.4,1.8,-2.6,-1.2,-4.9,-2.7,-1.2,0.1,-8.0,2.9,5.1,5.0,0.2,-0.3,-4.0,5.0,0.0,-2.0,-5.5,-5.2,5.8,-1.8,-5.8,7.1,-8.8,3.5,4.9,-11.2,5.4,-0.5,-8.6,-7.0,0.2,0.8,-6.4,2.3,-1.8,-1.9,-4.3,-0.7,-2.3,-0.8,-2.8,-1.0,10.1,6.2,-0.5,-2.7,4.6,-0.7,-2.9,-9.9,-1.9,-1.4,0.6,-1.2,-3.4,4.9,-1.6,-3.1,16.2,11.0,7.8,4.9,9.7,-6.0,-6.8,0.0,-4.5,3.1,1.4,0.5,4.2,4.5,-14.4,-3.3,-3.5,0.2,0.4,0.8,2.3,-1.5,2.0,1.1,-0.1,0.9,5.1,4.6,-2.6,1.1,-2.2,-4.2,-3.7,1.5,1.1,12.1,-0.7,-3.0,-4.9,-2.7,0.2,-3.8,0.9,-1.3,-0.6,0.1,-1.2,0.2,-1.0,-5.8,-1.1,-3.0,-10.5,5.6,-1.9,-2.1,-3.0,3.5,0.5,2.9,-1.4,-3.4,-1.1,0.0,-1.3,-3.7,-4.1,0.3,3.8,-11.4,-1.6,9.2,4.9,1.3,-1.9,-19.4,6.2,10.0,-12.7,4.1,-11.3,6.3,-2.1,2.8,-10.7,-1.2,9.4,-8.6,-2.8,12.0,-2.9,-8.1,-10.3,-1.3,-1.1,9.2,2.7,-6.8,-9.6,0.1,-3.7,-6.3,2.0,0.9,-8.8,1.2,2.7,4.8,1.8,8.0,-11.5,-4.4,0.6,2.8,4.3,4.4,-1.3,1.2,-0.4,-3.8,-6.5,-2.2,0.4,-1.0,7.1,5.2,4.9,14.3,0.5,-10.4,5.3,0.9,-3.3,0.9,0.3,0.6,2.1,-3.3,3.0,-14.8,3.9,-1.0,-3.9,-0.0,1.1,5.2,9.9,5.7,6.7,7.9,5.0,9.6,5.6,-5.3,2.7,5.6,2.9,0.4,3.7,2.6,-0.1,5.8,5.7,9.5,8.5,2.1,-1.9,-5.8,-4.4,-1.2,-0.5,-1.7,0.0,2.9,-11.5,-2.7,7.6,3.9,10.8,9.5,7.5,5.0,8.7,7.4,2.6,-6.0,-7.1,16.3,-3.3,5.3,2.8,-7.2,7.2,2.5,7.3,1.1,2.6,-4.9,6.5,-7.1,7.4,-13.8,-8.3,2.9,1.5,0.6,-0.5,0.7,5.3,-1.9,-8.9,-2.8,12.2,3.6,0.7,5.1,-3.6,-0.6,-6.5,-2.3,-3.1,-11.5,13.9,0.0,-0.2,14.3,-3.7,-0.8,0.8,5.3,1.3,2.6,2.2,-0.1,0.2,2.0,5.5,6.0,-12.0,1.7,3.0,11.2,-0.3,10.8,-6.1,-0.6,-3.0,0.9
2016-09-30,3.8,-2.1,7.1,1.7,1.4,4.4,7.7,4.9,0.2,0.1,12.4,-1.8,-0.3,1.6,7.2,1.8,-1.2,13.4,2.7,0.3,-3.4,1.9,-2.5,4.1,2.5,1.8,2.5,-0.8,-2.1,2.9,-1.3,-0.5,7.9,-0.4,-1.4,2.6,-4.0,-4.3,5.0,-4.2,1.0,7.9,2.8,3.4,0.6,-4.3,-3.5,0.6,2.8,-1.3,0.1,-1.0,-1.1,0.3,-0.9,2.5,-3.8,2.7,-4.3,4.1,-4.2,-2.2,2.6,-0.9,-2.9,0.4,8.2,3.8,1.0,-3.5,-5.4,-2.0,-5.9,1.8,0.9,7.3,4.5,2.4,-2.1,8.1,5.4,5.0,1.8,-3.2,-2.2,4.5,5.4,5.7,2.7,-4.4,-2.5,-4.6,3.2,0.4,0.9,0.5,4.5,3.1,-1.2,1.0,-3.5,5.2,4.3,2.7,2.9,5.1,-3.9,7.4,3.9,1.7,-1.0,-0.1,4.6,-5.7,4.2,8.3,1.0,10.8,-11.4,-9.5,6.0,3.6,-1.2,-3.3,-2.9,1.2,4.1,6.5,10.5,6.9,3.1,3.5,-0.6,-5.2,-5.3,5.0,7.0,2.5,3.3,-3.3,2.2,4.4,-1.1,-0.2,-1.3,1.2,10.6,3.9,-3.5,0.7,2.5,2.4,10.0,8.8,1.2,0.6,10.8,-12.9,0.6,1.6,0.4,11.0,8.5,0.0,3.6,7.4,-5.6,-1.3,-0.5,0.1,-2.5,1.8,7.7,1.6,3.5,2.1,1.4,-2.7,-3.9,0.1,-2.4,4.7,-1.8,-4.0,-3.5,3.6,3.3,7.7,-1.8,-2.6,-1.5,-2.1,5.0,-0.9,-2.9,-2.7,-4.6,3.1,-2.3,2.2,-1.1,-6.8,-3.4,-2.1,1.2,2.3,3.4,1.2,-5.9,-5.1,1.6,-0.1,-3.5,2.1,0.7,-1.4,0.3,-1.3,-2.9,1.1,4.8,-2.2,3.4,8.2,-0.4,1.1,-0.9,-11.4,8.3,-9.2,3.0,1.8,0.2,5.7,2.5,4.2,6.1,2.2,6.4,5.2,-0.9,4.0,0.1,2.9,4.0,0.5,8.8,13.6,5.9,-0.3,2.7,-4.5,-2.1,-0.2,2.3,3.3,3.8,1.9,-9.3,9.7,5.0,3.4,1.9,-3.2,3.0,-1.1,7.8,-5.8,2.0,1.8,1.1,-2.6,-1.1,2.3,3.2,0.7,2.7,5.0,3.4,7.4,1.9,-3.7,3.4,2.2,3.9,0.9,1.9,0.5,1.1,1.6,6.5,0.5,-4.5,-14.7,-4.3,2.8,-6.7,13.8,7.7,8.4,1.4,7.9,5.4,6.0,13.1,5.4,2.5,-12.8,4.6,2.3,1.1,2.3,0.5,-0.1,5.3,12.8,2.8,-0.5,-1.1,-2.7,2.3,0.3,1.0,-5.4,2.3,8.3,-9.1,-7.0,3.2,5.9,8.2,8.4,10.0,6.4,2.8,0.2,-1.2,-1.0,-4.4,11.3,-3.2,4.3,3.2,3.8,8.8,-0.2,-1.0,5.0,1.7,-2.5,6.2,-4.9,7.3,-15.9,-10.4,8.5,-1.6,0.3,0.3,-0.1,3.3,-0.4,-15.6,-0.1,12.2,11.0,2.1,9.2,-4.9,0.6,-3.2,-0.3,0.3,4.2,14.6,1.3,5.6,15.8,-1.9,-3.3,0.4,6.0,1.0,3.3,4.1,-2.6,-3.7,1.6,9.4,5.8,5.0,0.3,2.3,6.6,1.2,1.5,5.9,-2.7,5.7,0.9
2016-10-06,5.6,0.0,7.8,1.6,-12.9,1.2,2.3,0.2,-2.2,-3.7,8.1,-6.9,-1.3,1.1,1.8,0.6,2.5,8.3,-0.7,-3.1,4.1,-2.1,4.3,-0.4,-6.7,-7.0,-1.6,-6.4,-7.6,-1.1,-4.7,9.1,3.0,-2.5,-14.6,-2.7,-9.3,-6.2,-2.3,-4.7,-8.5,3.6,8.8,10.5,-1.5,-6.8,-3.6,1.4,-0.1,-1.7,-4.8,0.9,-2.3,1.3,-3.3,-0.1,-11.2,-8.3,1.4,-0.7,-3.2,-1.7,3.2,5.6,0.1,-2.7,2.9,1.2,0.2,-6.0,-4.9,-2.1,-8.2,0.1,6.6,7.9,8.3,0.6,-1.8,5.9,2.6,2.7,-1.0,-5.6,1.6,4.6,5.2,1.3,2.6,-3.7,-4.2,-3.6,4.3,-0.9,-2.3,-0.1,-1.2,-1.3,-7.6,3.8,-5.9,-4.6,-0.6,3.0,0.0,3.3,-1.0,6.1,0.9,-0.2,-8.8,0.9,2.8,-1.3,-4.2,5.1,7.4,14.2,-4.0,4.3,6.6,0.8,-2.9,-0.3,0.0,3.1,1.7,5.7,7.1,-4.6,-0.4,-4.0,-4.8,8.2,-2.4,-5.3,10.9,10.5,0.3,-1.7,3.6,1.8,-2.4,-6.9,-3.0,-2.2,2.3,2.4,-2.7,0.8,-2.7,1.8,11.7,2.0,-3.1,1.6,5.0,-2.0,1.2,3.2,5.1,7.3,4.1,-1.3,2.0,1.7,-6.4,-2.8,-5.7,-2.2,-5.3,1.7,0.1,-1.0,2.8,-1.6,-2.5,-5.9,-1.8,-5.2,-9.2,11.1,-3.1,-6.8,-4.4,-0.5,2.4,4.0,-8.3,-9.5,-4.5,-1.5,3.9,-9.7,-2.6,2.3,-4.3,0.6,0.9,0.1,-4.0,-9.8,-0.1,-0.7,4.1,3.1,5.4,-0.4,-5.5,-1.3,1.9,0.1,-1.7,-1.4,-1.1,1.2,-2.4,-0.1,-0.6,3.6,3.0,-9.8,3.0,8.0,3.0,5.3,2.1,-12.8,-2.4,-4.4,-4.7,-8.5,-0.2,-4.6,-2.0,-5.7,11.4,0.3,1.0,5.0,-1.6,2.7,1.9,-2.2,-5.8,-3.9,-3.8,12.1,4.6,-0.5,-1.6,-1.1,-1.6,2.4,3.8,-4.0,-1.5,3.6,5.8,0.5,5.9,3.9,-2.6,-3.9,-4.9,1.4,-1.1,2.2,-1.9,-3.6,-2.7,-2.0,-13.7,-5.6,1.9,-10.1,2.5,-5.4,-0.7,2.7,-1.1,-13.4,4.1,3.7,0.1,-0.4,-0.5,-1.5,0.8,-4.2,-1.8,3.8,3.2,-1.6,-2.1,2.6,-3.2,3.9,2.3,1.0,-3.8,-1.5,1.1,-1.4,7.2,-16.5,-1.8,-9.9,3.2,6.3,-0.8,-1.3,-0.4,2.1,0.5,17.2,-1.6,-1.1,-1.3,1.8,-1.1,-1.3,-8.3,-1.5,-2.2,-6.8,-9.7,1.1,-6.4,9.0,1.2,1.1,5.3,-3.4,2.0,-2.8,-2.4,6.2,-0.5,4.6,-6.2,3.4,1.9,3.4,5.1,-1.2,-1.7,3.9,9.7,-6.2,0.2,-3.1,6.6,0.5,-6.0,6.3,-2.6,-3.4,4.8,-3.4,0.8,-1.5,-3.3,-3.2,12.4,9.7,1.1,5.5,-8.9,-5.8,-4.8,-1.4,0.9,5.7,10.9,-3.4,1.2,8.1,-6.7,-4.7,1.9,8.5,2.0,2.3,0.4,-6.5,-1.2,-0.8,1.8,-0.6,-3.0,-1.2,0.5,-0.6,-3.0,-3.8,-1.0,-1.2,1.7,1.4
2016-10-18,2.6,4.3,6.8,1.6,-0.2,2.8,2.8,-1.3,-4.2,-1.4,12.2,-7.3,2.0,2.1,4.0,3.1,-1.4,15.0,4.0,-1.9,4.1,3.2,4.9,-0.6,-0.8,4.1,2.8,-3.3,-4.1,0.9,0.4,-1.8,3.8,3.4,1.8,-1.7,-4.3,-3.1,-0.2,-1.1,-3.4,6.0,-3.5,0.8,-2.3,-4.9,-1.8,-1.2,2.8,-0.4,-12.1,-3.5,-3.0,0.7,1.0,1.8,-6.9,-1.0,3.0,1.0,-0.8,0.4,1.7,2.5,-1.4,-0.4,-3.5,-7.7,0.0,3.1,-4.2,-1.1,3.8,0.3,3.6,4.0,-0.3,2.1,-6.8,4.0,2.4,1.2,0.5,1.5,0.5,1.4,3.7,-1.4,-0.3,-2.8,-2.3,3.9,4.5,-1.0,0.2,3.3,-2.3,-3.4,-7.0,3.1,-2.6,2.6,3.4,4.5,-8.1,-3.6,-5.3,4.8,-1.6,2.1,-4.5,-1.2,3.3,-0.5,-2.0,6.4,-2.3,3.0,1.3,2.9,4.7,3.4,3.1,-0.8,3.9,3.3,2.8,7.7,-4.5,-2.7,8.1,-3.3,-2.4,1.0,-1.3,1.6,0.9,1.5,2.6,-1.3,9.6,0.6,1.1,-7.4,1.3,-10.8,6.2,0.9,-2.8,1.2,-1.8,1.8,-6.3,5.0,6.3,2.9,6.4,3.8,-5.8,3.6,4.6,7.3,4.7,0.3,-0.1,7.9,-5.7,-4.1,-2.7,5.7,1.8,0.4,3.3,-1.0,1.8,0.9,2.3,-4.0,-13.5,2.0,-7.4,-0.7,-0.1,-3.5,-3.6,2.3,2.9,6.5,-0.5,-0.8,-1.5,2.4,1.6,-2.5,2.4,3.8,2.7,2.6,1.2,1.8,-0.6,-8.3,1.1,-0.7,0.4,2.8,-2.4,1.2,3.6,2.2,6.1,2.5,1.1,1.8,1.1,2.4,-9.4,-0.4,0.0,1.1,5.7,-7.0,4.8,7.6,9.4,4.8,1.2,-15.1,5.9,-2.2,-4.5,2.2,-0.6,8.8,-10.7,4.4,3.0,5.3,1.8,-1.6,2.0,-3.0,2.7,2.6,4.8,-1.5,-3.3,5.1,2.4,-1.8,1.5,3.7,-0.2,1.2,4.1,-3.0,-2.8,0.0,12.7,-0.1,0.5,0.0,-0.4,-2.9,3.7,5.3,5.2,3.9,1.5,3.5,0.9,2.3,7.1,1.4,1.9,-1.9,6.8,-4.3,-1.1,2.6,1.3,-8.4,4.2,3.4,3.1,1.8,1.1,1.5,0.7,-2.1,2.8,1.2,0.6,-2.1,-3.8,1.1,-4.1,3.5,4.5,3.2,-3.4,-8.9,1.4,2.4,3.1,-1.7,0.7,-2.5,1.1,-4.9,5.8,2.8,-0.2,-2.7,2.5,12.4,7.8,-1.6,-1.5,-5.8,-2.3,-1.2,-2.2,-5.9,2.4,5.6,-16.0,-0.3,-6.8,1.3,4.8,-3.8,5.4,-0.8,2.1,1.5,-0.7,-3.6,-3.4,8.9,-14.5,3.2,1.7,8.7,4.3,-3.0,-5.9,1.5,2.4,1.4,6.0,-3.2,8.6,-10.5,-3.9,7.4,4.8,1.4,4.6,-0.6,3.2,1.8,-4.0,-0.6,13.8,9.6,3.2,8.9,-6.9,-4.0,-8.0,2.6,-0.4,-2.9,13.0,1.9,2.1,13.9,-5.4,1.4,0.6,2.9,1.6,0.9,6.3,2.4,-1.1,-1.2,7.5,-9.1,3.3,1.1,2.5,10.0,-1.4,-2.0,6.3,6.8,1.9,0.4
2016-10-24,0.0,2.0,9.6,-0.7,4.7,3.6,4.5,-2.0,-5.3,-1.4,11.4,-9.5,-0.9,0.0,3.8,-0.2,-0.5,12.5,1.2,-2.9,-3.7,1.3,4.0,-0.8,-0.7,-1.3,5.8,-1.7,-3.9,-5.5,-3.5,-3.2,3.9,5.7,-5.5,-1.7,-7.7,-0.8,-3.6,-4.9,-2.8,4.6,-5.0,-3.8,-2.6,-7.0,-0.7,-3.2,1.5,-1.0,-3.5,-1.8,-3.4,0.2,0.4,0.3,-1.1,-0.2,1.6,1.4,-2.9,-0.9,3.9,0.8,-2.8,-5.1,-0.8,5.7,-1.7,0.8,-4.1,-2.0,-2.6,-0.5,-0.4,4.5,0.5,0.0,-7.5,4.1,-9.9,1.9,1.0,0.9,-1.0,3.5,5.4,-0.6,3.3,-3.5,-2.7,-1.0,2.2,-0.6,-4.3,-2.7,-4.5,-5.4,0.2,2.9,-4.0,0.6,1.5,-5.0,3.5,-1.4,-7.7,2.5,2.9,-2.8,-7.0,-1.2,12.1,-1.9,-0.6,8.0,-3.7,4.2,1.5,3.6,0.0,-0.4,0.6,-2.3,0.2,1.1,2.7,0.8,-3.2,-6.1,1.5,-3.4,-3.6,4.1,-2.8,-0.7,4.6,-12.6,0.5,0.0,6.0,14.4,-0.1,-3.7,-1.7,0.4,4.1,2.1,-1.7,1.7,-2.7,-1.6,2.3,-10.3,4.8,0.0,4.8,1.7,-3.9,1.9,1.8,6.2,5.5,-2.9,-14.8,8.6,-1.9,-1.4,-1.3,0.4,-5.4,-1.2,2.8,-3.8,-0.3,1.3,-1.9,-5.3,-5.9,2.8,-3.9,2.4,-3.4,-1.5,-3.9,2.7,8.7,11.9,-2.4,-6.5,-4.2,3.6,-1.7,-3.7,1.3,1.9,2.6,4.7,-1.5,-1.3,0.6,-8.7,-2.2,0.3,-0.4,1.4,-0.2,1.8,-0.5,1.2,8.3,5.6,-1.6,4.1,1.1,-1.9,-4.4,-2.7,-0.7,-0.6,2.9,-3.1,-0.7,13.8,2.9,3.2,-1.1,-12.5,2.1,-1.0,-2.8,0.4,-0.7,8.8,-4.3,-0.6,1.1,5.2,6.9,-6.7,-3.0,-1.8,1.3,-1.0,0.3,-0.6,-3.7,4.1,5.3,-2.1,-1.9,-0.1,-2.2,-0.4,11.1,-1.7,-4.4,-4.5,8.4,1.6,1.1,1.6,-2.8,-3.1,-0.9,2.8,6.6,3.7,4.9,2.7,-1.7,-7.3,-9.8,-5.5,0.5,-3.8,5.3,-3.5,-0.6,5.3,-0.5,-8.9,3.1,1.2,-0.3,0.3,0.1,-1.9,-4.0,-2.7,-2.8,0.3,0.3,-1.8,-3.4,0.3,-9.2,5.3,7.0,3.6,-2.8,-0.1,0.8,4.5,4.2,-1.6,-0.5,0.6,1.2,-4.1,2.0,1.4,-1.1,-6.6,-1.1,11.6,-0.4,-0.9,-2.5,-5.5,-2.8,-2.5,-5.3,-10.2,1.1,-5.1,-3.6,3.2,0.4,2.7,5.3,-1.1,2.7,-1.2,-2.1,2.0,1.5,-5.9,-1.9,6.0,-3.0,3.7,-3.2,-1.9,2.5,-4.5,9.2,-0.9,-1.4,-2.6,0.6,-5.4,5.9,-15.8,-6.0,5.9,-5.8,-3.3,0.9,-2.2,1.5,-1.9,-7.5,-3.5,10.5,8.8,-1.4,5.6,-6.5,-4.3,-7.4,2.7,0.4,-3.7,5.8,0.1,-1.5,12.5,-5.5,-0.9,-0.6,5.7,0.4,-1.6,1.9,-6.5,-7.0,-1.8,3.5,12.1,-6.4,-3.6,1.1,0.0,-3.0,-1.3,11.2,-0.4,-4.5,-4.2
2016-10-30,-0.3,0.1,6.4,-1.8,-2.8,2.2,1.9,-1.8,-4.5,-3.9,3.9,2.5,0.1,-1.1,1.5,3.9,-3.1,3.2,3.4,-0.9,2.4,2.4,0.2,-1.7,0.0,1.8,1.8,-1.8,-2.1,-3.0,-5.3,1.9,7.6,4.9,1.8,-0.5,-6.5,-6.7,-2.8,-4.3,-18.7,5.2,7.0,4.9,2.1,-7.1,-4.7,-1.7,0.2,-1.5,-0.9,-5.8,-1.6,1.9,-4.1,1.2,-1.1,-5.4,-5.0,0.0,-1.9,-1.5,3.6,5.8,-0.4,-5.5,-0.7,1.3,-2.9,5.0,-3.4,1.0,-1.8,2.4,4.1,2.8,1.5,-1.7,-4.8,5.2,8.2,-7.6,0.1,-2.3,-1.4,1.8,8.2,0.3,2.4,-1.9,-0.6,1.5,6.5,0.8,0.8,0.0,-4.9,2.0,-0.5,1.9,-2.0,2.0,1.4,3.1,-0.2,3.0,-3.2,4.6,5.6,-1.4,4.9,-2.9,3.9,-3.5,-9.6,6.3,-5.3,1.9,2.7,4.6,4.2,3.0,1.8,-0.1,2.1,1.0,4.6,3.4,-7.9,3.1,-4.8,0.1,-2.6,2.1,-5.3,-0.7,5.8,2.4,3.8,-0.3,2.1,5.7,1.7,5.2,-2.8,-4.4,-2.4,9.0,-3.0,-1.4,-1.3,-2.3,-7.4,1.9,5.4,2.8,8.8,3.4,4.7,3.5,-0.2,2.0,1.1,0.6,1.6,-8.5,-0.9,-1.5,-5.4,2.8,-4.4,1.2,6.0,0.2,3.5,1.4,1.5,-4.1,2.0,3.1,-4.7,-14.9,-3.6,0.2,1.7,3.7,1.9,8.2,-0.8,-0.6,-1.9,2.7,3.0,-5.4,3.2,2.8,0.5,4.3,2.2,1.0,-0.8,-13.5,-4.0,2.1,-2.0,5.7,2.6,2.6,2.5,4.1,3.5,4.2,-0.6,7.3,2.6,4.1,-2.8,-0.6,2.0,1.5,4.5,-10.8,1.8,10.6,4.1,8.9,-3.1,-11.8,4.4,-3.6,-1.1,0.3,6.1,7.2,-3.0,2.0,7.8,4.4,11.2,-0.0,-1.9,-0.6,-0.8,2.5,1.8,-0.0,-1.2,4.2,4.4,-1.1,-1.0,2.0,2.2,3.8,7.9,4.8,1.5,3.0,4.9,6.7,1.4,2.2,-4.5,-1.4,-7.2,1.2,-9.3,3.0,6.4,5.9,3.1,1.0,3.2,2.7,3.9,-3.4,1.4,3.4,0.2,-1.0,0.8,-3.3,5.9,6.8,4.5,7.0,-2.2,1.1,2.2,1.4,-0.3,1.3,1.3,1.0,0.4,-0.3,1.7,-0.2,2.7,2.4,0.7,-0.7,1.7,0.1,3.2,-1.4,-0.1,4.8,5.6,8.4,-11.4,2.6,0.4,-1.5,4.0,14.4,2.8,-1.4,-1.6,-2.7,-1.8,-1.1,-3.5,-2.6,0.0,-0.1,-6.5,1.4,2.9,7.5,6.4,2.5,2.3,-0.4,0.4,-2.2,0.7,-6.4,-4.8,12.6,-5.5,5.4,6.3,9.8,3.5,-5.6,-3.3,3.4,3.7,1.4,6.2,-3.8,9.1,-6.6,-11.1,9.4,-0.1,-5.2,1.5,-1.5,3.3,-3.2,-1.9,-0.5,12.6,10.8,4.6,7.1,-7.5,-5.3,-3.9,3.0,1.6,-15.6,18.0,3.7,5.3,13.2,-6.1,-2.4,-1.3,4.2,1.9,-11.9,7.3,6.9,1.9,0.3,3.0,13.7,2.3,1.0,3.2,16.4,-1.3,-1.3,2.6,8.9,4.6,-1.8
2016-11-05,2.4,2.1,2.4,-10.6,-3.4,6.1,3.0,-3.9,-6.3,-3.9,7.3,-5.3,-0.3,5.4,2.2,-6.5,-1.5,4.8,4.3,0.6,-3.1,3.3,2.9,-0.7,-1.2,4.3,2.4,-0.6,-0.3,-3.7,-4.8,4.0,10.9,1.3,-1.7,-1.9,-6.0,-2.0,-3.1,-4.1,-6.0,6.2,5.2,4.4,-0.4,-5.2,-7.7,-1.1,-0.8,-0.5,-8.0,1.7,-2.1,-0.4,-0.8,2.7,-4.6,-0.9,0.2,0.2,-4.6,-7.4,6.1,3.2,1.1,-0.8,0.6,-8.1,2.4,1.3,-3.0,-1.3,-1.5,2.5,0.3,3.4,2.0,1.5,-3.1,3.8,13.0,-3.0,1.7,0.6,0.3,1.3,4.6,0.9,1.6,-3.9,-3.8,-1.4,6.0,0.7,-2.3,-0.7,-3.8,0.1,-6.3,0.2,-1.6,2.7,2.9,4.2,3.1,2.7,-2.4,3.3,3.5,-0.6,-3.7,1.8,8.0,-6.1,-3.3,7.2,-9.4,0.7,-3.4,-7.8,-0.5,0.3,0.8,-3.6,-0.4,4.2,0.8,1.4,1.4,0.6,-2.1,-1.5,-2.7,4.3,-8.3,-1.5,5.8,-1.0,-0.2,-2.7,1.9,-11.6,4.6,0.9,-3.0,-3.0,2.8,2.9,-4.0,3.3,-1.5,1.3,1.4,-0.4,-3.7,-7.5,3.4,-2.2,3.4,3.2,-8.1,2.0,5.2,0.8,-15.5,5.0,1.1,-5.3,-5.3,-4.5,-5.4,-0.3,5.5,1.6,0.4,1.4,-3.6,-1.6,0.2,2.3,1.8,-8.4,-4.2,-3.7,-5.5,2.1,6.2,4.3,0.8,-2.7,-1.1,2.8,-6.4,-3.5,3.1,9.1,5.6,1.3,-3.1,-0.1,-0.6,3.8,-1.7,6.7,9.8,0.4,-10.3,1.4,0.9,3.8,-4.1,2.9,-1.7,2.1,-2.1,-3.2,-4.5,0.6,2.5,4.8,3.7,-3.1,1.3,11.7,-0.2,3.1,-3.7,-9.4,1.9,-5.3,-1.4,5.3,1.8,-1.6,-3.6,-2.8,2.7,6.0,7.8,1.9,-2.2,-1.6,1.3,-1.6,3.8,-2.6,-0.2,6.3,2.9,-1.0,-1.1,-5.3,-1.2,-2.4,5.4,-3.2,-0.8,-3.2,4.5,4.4,1.5,2.6,0.6,-2.9,1.8,-3.8,6.6,2.9,2.7,0.7,0.4,-1.5,5.3,-1.9,2.6,-1.4,0.8,7.5,2.2,10.3,1.8,-5.0,3.3,-1.6,-3.3,1.9,-1.5,2.5,0.3,-4.8,0.3,0.0,0.5,-1.6,2.5,-0.8,0.7,-0.6,1.6,0.8,3.5,2.0,2.3,7.1,-4.3,-1.3,3.0,8.9,1.3,-3.7,0.6,0.4,5.7,-2.4,2.5,10.3,-0.4,-1.6,-0.6,0.6,-1.4,-0.8,-5.1,-0.7,-6.4,-2.9,-10.7,0.9,6.1,4.8,5.6,-1.0,3.4,-2.0,-2.8,0.2,1.9,-3.0,3.3,8.8,-13.6,3.7,5.2,10.3,1.2,-4.5,9.1,4.3,3.2,-15.2,6.6,-0.7,8.4,-12.9,-14.3,7.5,-2.2,-2.6,5.2,0.2,5.7,1.9,-6.3,-2.1,10.9,6.6,2.8,13.0,-3.5,-3.0,-7.6,6.7,4.4,2.0,10.8,1.3,0.9,12.2,-5.8,1.9,2.2,6.2,1.2,1.0,5.7,3.8,-2.5,1.6,6.2,11.6,5.7,-0.6,3.8,4.2,-1.2,1.3,-6.7,-3.0,5.4,-2.5
2016-11-11,3.2,4.1,-4.1,-1.4,-3.2,2.5,2.3,-3.7,-5.0,-2.3,6.4,-3.9,-0.4,1.7,6.0,4.0,1.5,4.8,2.2,1.8,0.1,0.5,1.6,-1.4,1.0,1.8,-3.7,-1.1,-1.8,-2.7,-2.3,-1.1,10.0,-2.6,-6.0,-4.8,-5.2,-7.4,1.8,4.6,-6.9,4.6,-2.7,5.0,-0.8,-6.3,-8.9,-0.7,0.2,-0.6,0.5,0.8,-2.9,2.3,-2.9,0.8,3.8,-2.5,3.0,0.7,-2.3,-7.3,4.2,2.7,10.9,0.5,-1.0,4.6,-1.3,-1.1,-4.0,-1.3,-2.8,1.5,2.5,2.9,3.0,3.2,2.3,4.7,4.5,-5.1,0.5,-1.8,-1.8,3.3,5.4,-0.1,1.7,-3.2,-2.2,-2.0,3.9,-0.8,-0.6,1.7,-3.5,1.6,-0.7,0.8,-3.1,0.1,1.9,1.7,-0.1,4.3,0.4,4.3,0.2,-1.3,-9.9,0.8,7.0,-9.0,-3.7,5.0,5.9,9.0,-5.9,0.1,1.4,0.2,3.8,-1.4,-1.7,-3.2,2.4,5.9,8.0,-0.2,-0.3,0.4,-2.0,3.7,-12.0,-9.4,9.5,-0.5,0.5,0.1,1.0,9.5,3.5,0.1,-0.9,0.0,1.9,5.4,-6.0,-0.3,-3.3,-0.9,-2.7,-2.1,2.3,-0.9,3.9,0.3,0.9,2.8,8.7,13.2,3.2,-2.3,-13.5,6.5,-1.5,-7.1,-2.9,2.0,-6.0,2.3,1.0,-3.4,-1.8,0.1,-1.4,-1.9,-4.8,1.8,-3.3,-10.2,0.2,-4.5,-3.3,1.3,-1.7,2.4,2.1,-1.6,-1.6,1.5,0.5,-3.0,3.0,3.9,4.5,-1.3,4.0,-2.3,-2.0,2.0,-1.6,6.6,-1.2,2.3,-0.6,3.8,-1.6,2.1,-1.5,4.1,-2.2,-14.1,0.2,3.9,-3.4,0.2,1.5,-1.5,0.9,-2.3,0.5,11.0,0.0,-7.3,-2.5,-8.5,-1.8,-4.5,0.3,-2.3,1.0,-3.6,-3.1,-2.1,1.2,2.9,11.2,-6.3,-2.7,-3.2,2.9,-1.0,-1.5,-1.5,-0.0,1.7,4.5,-2.1,-2.4,-2.8,0.1,1.7,3.5,10.0,-1.4,-4.9,8.9,1.3,-2.2,0.1,-1.5,-1.7,1.4,-2.3,2.1,1.9,0.8,0.6,0.3,-1.1,0.9,-0.5,2.8,-1.7,1.0,-3.8,-1.6,1.0,-0.4,-1.0,2.9,0.1,-0.9,1.0,-0.4,0.1,-0.3,-2.7,1.3,3.4,0.5,-3.1,-1.6,1.1,-2.7,-1.7,1.3,1.7,-4.1,-2.9,0.4,1.9,2.2,-1.3,1.1,-4.1,0.2,-1.9,4.4,0.1,1.0,-0.2,1.2,15.4,0.2,-2.4,-2.1,-2.8,-2.7,-1.5,-4.1,-2.5,-5.0,0.8,5.3,0.3,5.2,2.2,2.5,-1.9,1.4,-2.5,-3.3,-2.2,-2.1,-2.2,0.3,8.4,-11.3,6.6,-0.2,11.6,-0.3,-3.8,-4.8,3.8,5.6,3.8,6.9,-3.0,9.4,-12.8,-4.1,5.3,-2.4,-3.1,3.2,-2.3,2.5,-3.4,1.2,-1.3,13.1,10.8,-0.8,8.2,-8.4,-4.9,-3.3,4.9,3.9,5.9,9.9,2.7,6.9,11.3,-6.2,-0.5,1.1,-3.0,6.5,2.5,5.3,1.9,-8.6,-0.7,5.4,8.7,-5.3,-2.4,6.4,-5.4,-1.2,0.4,-3.5,-4.3,2.3,-1.2
2016-11-17,3.8,4.2,-0.2,-5.8,-0.3,3.1,3.0,-1.4,-3.2,-0.3,8.9,-4.0,-0.8,8.4,3.0,7.8,-2.9,7.5,0.6,1.2,3.4,-0.1,2.4,0.0,2.1,1.3,0.5,-0.9,-1.3,-2.9,-4.9,0.8,2.6,-2.4,-2.2,-2.8,-9.6,-4.1,-3.0,-12.6,-3.5,5.0,-4.1,-11.4,-0.9,-5.8,-7.0,-1.8,0.2,-0.4,-7.8,-5.6,-1.8,-6.3,-6.6,1.2,-8.4,-1.4,4.2,-1.6,-7.6,-5.4,5.1,2.6,11.0,-14.5,-1.1,3.6,-2.2,-2.9,-3.7,-1.2,-1.8,0.7,7.2,3.7,-1.2,1.0,0.8,5.1,11.1,-0.7,2.5,1.1,0.1,4.6,4.8,1.4,2.6,-3.7,-1.5,0.0,5.9,-1.0,-1.2,1.9,1.4,4.2,2.3,0.6,-1.2,2.0,-0.8,3.0,1.3,4.8,-4.3,3.3,2.5,-1.5,-2.5,3.1,4.5,-5.4,-0.7,6.8,-6.9,4.9,-3.6,2.6,4.3,1.2,2.1,-1.0,1.3,2.9,4.4,5.4,4.7,1.1,0.3,-3.0,-2.2,4.7,-8.6,-1.3,8.1,2.5,1.7,-0.2,2.8,8.7,3.9,0.3,-0.5,-2.8,1.8,5.7,-1.3,3.2,-3.4,0.6,11.7,1.2,8.1,0.6,2.8,2.2,-0.8,4.1,-0.7,1.8,2.8,-0.3,8.7,6.2,-1.9,-2.6,-0.6,4.5,-17.1,-0.2,2.7,-1.6,0.6,1.2,-0.9,-4.2,-3.8,1.3,-1.5,-1.1,0.0,-3.0,-1.9,2.8,-2.1,16.0,-0.9,-2.5,-3.4,6.6,-1.1,-3.9,3.8,4.4,4.2,1.1,0.1,0.2,0.6,-0.5,1.2,4.6,3.5,4.2,-3.0,4.9,-5.9,0.1,0.6,4.4,-3.4,-1.8,-1.6,1.0,-1.6,-2.9,0.3,2.6,6.1,1.3,3.2,13.0,0.3,-1.9,-3.5,-8.3,-2.1,-6.7,-12.0,-0.4,-1.2,-4.2,-4.8,-1.6,3.2,4.2,9.4,3.9,-4.1,-1.8,3.2,0.3,-1.7,2.5,2.6,6.8,8.7,0.2,-0.2,-1.0,0.7,1.7,7.2,-7.0,-0.4,-3.8,3.0,4.7,0.6,5.9,-0.3,-2.7,3.8,0.9,0.5,3.1,1.1,-0.3,-1.9,-1.0,8.8,-3.2,2.4,-1.8,6.6,7.3,0.9,4.3,1.0,5.5,4.2,8.3,1.7,0.0,2.4,0.0,2.5,-5.0,1.9,1.7,2.5,0.4,-0.7,1.6,-2.8,3.5,5.8,5.4,6.9,0.1,1.6,2.1,3.1,1.9,1.0,0.5,0.4,9.4,7.1,-0.7,1.3,2.8,4.4,12.5,-3.3,-1.9,-2.0,-2.1,-3.2,-1.5,-4.5,-4.8,1.2,6.2,-4.1,1.5,4.4,-0.2,4.2,-0.0,2.6,-1.7,0.8,-2.8,-5.8,-3.6,4.3,8.7,-2.7,5.0,7.6,5.1,0.9,-6.5,1.8,3.4,2.9,-21.6,1.9,1.5,7.4,-14.2,-3.0,6.7,-3.0,-1.4,2.8,-1.4,3.1,6.6,-8.8,-0.1,13.3,9.0,2.8,6.6,-9.0,-2.6,-4.6,-0.2,4.4,1.0,10.8,3.4,0.5,10.2,-5.0,-2.0,-1.5,-3.7,4.0,4.1,3.4,5.8,-2.7,0.7,5.1,4.8,1.0,-1.9,1.5,9.2,-0.9,-0.1,-4.1,-4.2,4.8,0.6
2016-11-23,4.5,2.5,1.3,-3.7,2.2,3.5,2.8,-1.1,-5.7,-2.7,13.2,-4.9,-0.1,-4.5,3.5,-0.3,3.5,14.1,3.0,1.6,0.7,1.6,3.3,0.2,0.2,2.7,2.5,0.8,-4.9,0.1,-3.8,9.0,1.0,-0.7,-1.1,-4.9,-5.2,-1.9,1.1,-5.6,-2.0,4.5,-2.6,2.9,-2.9,-4.3,-0.9,4.0,-1.2,-1.3,7.9,-8.3,-2.5,-3.5,-4.6,-2.1,-0.9,-2.0,-6.4,0.8,-5.8,-8.6,1.9,-1.9,-0.4,-4.3,-0.8,3.5,-2.2,-0.1,-5.2,-2.5,-3.9,-0.9,8.7,-0.8,-1.7,-1.4,-3.6,3.3,-1.8,3.2,4.4,8.9,1.0,1.1,-1.0,3.2,2.2,-3.9,-5.0,-1.9,3.3,-2.5,-3.0,-1.5,-6.6,3.0,11.2,2.3,-0.6,-3.9,3.0,-3.0,-3.1,-7.4,-3.6,3.2,-0.5,0.8,-4.0,8.8,1.8,-2.9,-6.9,1.2,-9.1,5.4,-4.4,-7.1,-2.0,-1.1,-0.2,-3.3,-0.4,1.8,3.5,3.8,12.2,0.3,4.4,-2.5,-3.4,6.3,-5.6,-4.0,9.3,0.7,-0.8,-1.7,1.9,3.3,-1.3,-4.4,-0.8,3.1,5.4,-2.6,-4.6,3.2,-3.0,-1.1,17.4,1.3,-1.3,-0.4,1.6,2.8,-6.1,1.7,2.9,10.6,6.3,-1.5,2.8,3.1,-3.7,-5.1,-3.4,3.5,-2.4,-3.1,1.6,-3.7,-0.2,0.7,0.6,-6.7,-3.0,1.3,-3.4,-1.0,-3.6,-3.3,-3.2,1.9,-11.2,-6.9,0.2,-7.8,-4.7,-11.9,1.8,-7.4,1.6,-0.4,2.8,0.5,-0.1,-0.3,1.1,-2.1,-0.6,0.9,-9.2,0.3,0.2,4.4,-3.9,-0.4,0.2,0.3,-1.0,3.0,-1.3,2.0,-2.2,-1.9,0.9,-1.2,1.3,-0.3,0.5,8.2,-0.1,-9.0,-6.7,-11.8,-3.4,-7.1,-2.5,-0.4,-1.4,-3.2,-4.9,1.3,-0.3,4.8,8.7,-0.2,-3.4,-3.9,2.7,-3.4,-5.1,-4.7,-6.0,1.7,4.3,-1.2,0.7,-4.6,-1.6,-0.5,-1.7,-8.9,1.2,-3.7,2.4,3.7,-1.0,2.8,4.7,-3.4,0.1,-0.7,-1.0,1.8,1.3,5.1,0.4,-1.6,-13.2,-4.4,1.4,-5.2,-1.5,2.5,-3.2,-1.6,-0.8,-0.5,-0.3,-3.5,-2.2,1.9,1.2,2.1,1.2,-6.0,-0.8,-0.1,-0.2,4.1,-3.8,-1.9,-3.9,1.3,2.7,0.0,1.0,-2.2,0.5,0.8,1.6,3.1,1.1,2.3,-0.5,-0.7,4.0,-2.1,0.5,0.7,1.0,12.7,2.7,-4.7,-2.3,-4.5,-3.3,-2.0,-5.6,-3.9,-1.3,-0.9,-3.6,4.1,4.8,1.9,4.3,-2.4,1.0,-2.2,-6.3,-5.3,-4.6,-3.9,-10.5,11.3,-5.9,3.2,0.6,8.3,0.5,-4.8,-5.7,0.7,2.2,-15.7,2.4,-9.3,8.7,-11.1,-13.3,6.8,-3.3,-5.4,3.0,-2.7,2.4,-4.5,-5.6,-4.9,2.9,4.7,0.8,8.3,-10.2,-5.2,-6.4,2.3,5.4,0.4,5.7,1.4,1.2,8.7,-6.3,-3.1,0.2,7.6,7.5,-0.1,4.3,-2.5,-4.0,-2.7,5.0,6.9,-2.7,-1.8,-0.4,7.4,-3.3,-4.7,-3.8,-3.8,4.1,-1.1
2016-11-29,4.5,2.5,8.5,-3.0,-2.0,2.5,6.3,5.1,-0.4,-10.9,11.1,2.3,4.7,3.6,7.7,-3.9,2.7,11.5,5.5,0.6,-1.5,3.2,4.0,1.2,3.8,2.6,2.5,2.8,-2.6,4.3,-2.5,5.5,2.5,1.2,0.4,-1.6,-8.8,-9.9,-3.7,-3.5,-1.1,7.3,-3.1,2.1,-0.8,-4.5,-4.0,1.0,4.1,0.5,-1.7,-0.6,-1.5,-0.8,-5.0,5.4,-0.6,-1.0,4.1,4.8,-2.4,-0.9,5.0,4.3,-2.8,-1.5,1.1,3.8,-0.9,-10.3,-4.8,-0.7,-3.2,3.9,3.8,4.1,1.9,3.6,-8.4,3.8,3.7,10.5,-2.2,4.7,3.0,1.5,4.3,0.3,0.8,-3.0,-0.2,-2.3,3.2,1.0,-4.4,-2.2,3.5,1.2,-2.5,3.1,-4.1,2.3,3.4,5.4,3.4,6.1,6.2,4.3,0.4,-3.7,1.2,7.7,8.0,-5.5,-2.0,4.7,-2.0,5.5,-1.3,1.0,5.1,2.5,1.3,0.0,1.2,0.5,1.7,2.6,-0.3,4.4,4.4,-1.0,-3.1,5.9,-1.3,0.7,-1.5,1.6,2.6,-2.2,4.4,1.8,-1.2,-0.3,-0.4,-0.2,3.3,5.6,-0.4,3.8,-1.8,-0.5,16.6,0.2,2.2,-0.1,8.2,4.5,1.9,2.6,1.7,5.3,1.9,1.2,-6.6,9.4,1.7,-1.8,1.4,5.8,-0.9,1.2,3.7,-0.9,3.7,1.4,0.3,-3.1,-2.6,-2.5,-4.9,-1.3,1.9,-0.5,-2.8,4.6,3.8,-11.3,1.4,1.0,-0.6,12.6,3.6,-3.3,4.0,2.7,-2.2,0.4,0.2,1.3,2.2,1.6,1.3,-3.1,-1.7,6.0,1.4,6.0,-2.6,1.9,5.9,1.5,-2.4,0.5,0.3,1.5,-1.5,-1.7,-0.1,0.1,6.8,0.6,2.7,6.7,-6.6,0.9,-5.3,-9.2,1.7,-3.6,1.2,4.2,4.7,5.4,-1.8,5.3,4.5,2.8,0.3,1.6,-2.1,1.5,3.3,0.2,1.3,-4.0,2.4,6.8,4.0,3.2,3.4,2.6,1.5,0.5,8.8,0.2,-0.4,-0.7,3.4,4.0,1.8,0.4,2.3,-2.4,-0.4,6.0,-2.3,0.9,1.4,2.8,1.8,2.3,3.6,-0.2,3.9,-0.6,1.0,1.4,-2.0,5.4,0.8,-1.6,4.9,6.8,8.6,9.7,2.1,1.0,3.6,-1.4,1.9,4.1,1.0,-0.2,0.3,2.2,-3.1,1.0,0.5,2.6,-3.4,2.4,0.1,4.1,5.8,0.9,-1.7,0.9,3.6,-7.8,-2.9,-0.1,0.7,2.5,-0.9,12.5,1.1,-0.3,-0.4,-0.7,-1.6,-0.5,-0.3,-1.5,2.8,8.1,4.9,2.2,1.2,3.1,2.8,1.5,1.5,2.1,4.9,1.6,4.9,-1.7,-5.4,13.6,-8.0,3.0,10.3,3.7,3.3,-3.1,2.4,4.4,1.1,-14.2,8.3,-3.6,8.7,-6.8,-3.8,13.3,8.1,-5.4,2.4,-1.1,2.9,4.8,-2.2,-1.7,16.6,14.3,4.6,16.4,-7.5,-2.9,-4.5,3.5,4.0,-0.7,11.7,3.6,4.1,10.0,-5.5,-2.7,2.9,7.5,5.4,0.2,0.3,2.9,-2.4,-2.0,2.3,-2.9,4.3,0.6,1.1,2.3,-0.0,1.9,2.4,-0.1,5.8,1.5
2016-12-05,1.8,2.4,-4.0,-0.5,-4.9,3.3,3.1,0.8,0.4,-2.1,8.0,-7.2,-3.1,3.5,5.4,5.1,-0.5,12.9,2.0,0.3,-3.3,-2.3,5.3,-0.6,5.6,-10.9,-1.2,-2.3,-6.4,-3.3,-6.4,-0.6,1.8,-0.7,-6.6,0.1,-8.9,-5.8,-3.8,-12.3,-3.0,4.5,-5.1,2.7,-2.6,-3.3,-5.1,0.9,5.9,-1.4,-8.2,-3.3,-2.5,-1.0,0.1,-14.0,0.9,-2.1,0.5,-3.1,-1.2,-2.4,1.6,2.6,2.9,-4.9,-1.5,-3.2,-0.8,-2.0,-6.0,-1.8,-5.9,-5.7,6.6,0.3,-2.4,2.5,-0.2,3.1,-0.0,2.2,2.0,2.1,0.9,8.2,12.0,0.3,-0.5,-3.7,-2.5,-0.8,5.0,-4.1,-0.9,0.0,-10.9,8.0,-7.3,2.4,-1.7,-2.4,1.6,4.7,1.0,0.9,-0.6,1.5,-1.3,2.2,-3.6,-2.4,3.5,-2.7,-3.9,4.8,-8.1,3.0,-0.1,5.2,-0.4,-2.0,7.6,0.8,2.2,2.7,1.3,3.3,-6.8,5.0,0.4,-3.8,-5.8,1.2,-7.5,-1.0,4.8,-2.7,0.2,-6.2,3.7,4.2,-1.6,-3.7,-2.2,-1.8,2.4,-3.0,5.6,1.2,-4.1,2.0,-4.2,4.7,1.9,5.3,-0.1,-4.1,-5.0,4.3,-6.1,6.8,4.0,-0.8,-4.7,-2.3,2.1,3.7,1.4,3.9,9.0,-2.0,1.3,-4.2,-1.6,0.8,-5.5,1.2,-5.9,-10.6,-0.6,4.6,3.3,-3.5,-1.6,1.8,-6.7,-4.6,1.0,3.9,-1.9,3.5,-1.7,-4.3,3.8,11.8,-13.0,-0.7,-0.4,-0.3,0.9,-0.1,1.2,-1.4,-12.5,-5.2,-11.9,3.0,-4.4,4.6,-10.1,5.7,0.6,4.9,-1.6,-0.7,-1.4,-1.9,-1.7,-1.5,-5.9,-2.2,-6.2,13.2,1.5,-3.3,-0.2,-12.4,-1.0,-4.1,-2.8,-2.0,2.1,7.7,10.5,-1.6,0.4,4.1,8.3,-1.4,-4.2,4.7,0.4,-2.3,-2.0,-5.1,-1.8,6.1,4.8,1.5,0.3,0.4,-1.6,-0.2,2.4,-7.3,4.5,-5.5,1.5,-4.2,0.9,1.3,2.8,-5.6,0.5,-2.0,1.5,2.1,0.7,2.4,1.4,-1.9,-4.8,-7.1,1.8,-4.0,-5.6,-1.4,-8.5,0.5,-0.8,-8.5,3.1,-0.3,-2.7,3.5,-2.1,2.2,2.2,-6.1,-1.1,-0.7,-0.1,-2.0,-0.9,-2.0,-5.1,1.0,-2.9,6.6,-2.7,-2.6,-1.3,5.6,-0.2,-0.2,-3.2,-0.6,1.9,-1.9,1.9,0.8,0.7,3.2,-1.3,8.3,-2.5,-3.0,-0.7,-2.4,-4.7,-2.2,-1.6,-4.2,-3.1,1.9,2.7,2.7,1.8,0.3,-2.1,-0.8,1.5,5.4,-5.2,-3.4,-5.2,-3.8,-5.4,6.3,-2.0,2.6,3.0,-9.5,0.3,3.0,-2.8,4.0,-0.7,-7.4,0.8,5.3,6.1,-6.6,2.4,4.7,8.3,-3.8,1.7,-1.7,3.6,-1.8,-1.5,-3.1,13.9,18.0,2.3,5.9,-10.1,-5.2,-10.1,1.6,6.6,-9.5,7.9,-1.4,4.5,10.7,-6.7,-7.0,2.2,5.8,6.3,0.7,4.6,0.7,-5.2,-1.2,1.0,6.3,-5.2,-2.3,0.0,2.0,-3.6,-1.5,12.2,-2.1,5.7,-3.0
2016-12-11,6.7,-0.2,6.7,-1.5,-4.7,2.2,3.7,1.8,-1.2,0.5,12.6,0.1,2.4,-1.1,4.4,6.1,1.3,9.9,5.9,-1.7,1.9,2.3,5.5,-0.2,1.7,1.2,0.2,-0.3,-1.6,0.3,6.1,4.7,4.3,2.9,-16.3,-2.3,-9.4,1.3,-2.1,1.2,-2.7,1.9,3.2,2.4,0.6,-0.4,-0.1,0.5,-1.3,-0.7,-7.5,-1.1,-1.7,0.2,8.8,-6.3,1.4,-2.5,1.0,-2.1,-3.7,-10.5,5.3,3.0,-0.1,4.7,6.2,6.3,0.9,8.1,-3.3,-0.7,-2.3,5.9,-9.5,3.1,2.3,6.0,-4.6,5.8,7.3,2.9,1.7,1.7,0.0,13.1,11.2,2.2,0.5,-3.4,0.0,1.9,9.3,1.9,-2.2,3.3,-1.5,5.8,3.0,2.4,-3.5,5.4,1.6,2.7,-0.3,1.0,-1.5,3.7,0.3,1.2,0.6,5.4,3.5,-8.7,-0.3,11.1,1.6,8.2,3.2,2.0,5.8,4.3,0.6,-0.4,3.7,7.6,3.7,5.5,2.1,5.9,5.8,-4.8,-4.3,1.5,-14.6,-1.0,3.2,2.4,3.4,0.1,0.1,6.1,-1.2,-10.5,0.4,2.0,6.3,0.3,-0.9,3.9,-2.4,1.5,2.1,0.2,0.9,1.4,11.0,10.4,5.4,4.4,2.7,7.5,4.2,1.8,3.6,2.5,-2.7,-2.1,-1.7,0.3,-10.1,2.6,4.8,-0.3,2.8,0.8,-3.0,-3.9,-0.4,4.7,-4.2,0.2,-2.5,-1.4,-4.9,4.3,5.0,6.2,4.6,-2.5,-2.6,2.8,0.5,-5.0,1.5,1.4,-5.5,5.7,-4.3,0.1,0.9,3.3,4.2,2.3,5.3,5.0,8.6,4.2,-2.7,3.2,5.6,2.1,0.6,2.7,-0.1,-8.7,-1.2,-0.8,0.7,4.6,7.0,3.2,4.6,8.1,2.0,0.3,-4.6,-7.1,-2.4,-2.7,5.6,-4.4,-0.8,-1.3,-0.5,-3.8,-0.5,6.8,7.2,-10.4,-1.6,3.9,4.0,-1.8,-1.7,0.7,-1.0,5.4,-4.5,2.2,2.6,-3.8,0.5,-1.2,6.2,0.8,-1.2,2.7,-0.7,3.3,0.5,-2.8,-0.2,-0.4,1.9,1.2,-1.8,3.6,2.1,-0.6,-1.3,2.3,-7.7,0.9,4.4,-11.7,-0.1,1.2,1.3,-0.9,1.7,-1.0,4.0,-0.6,4.3,1.2,2.1,0.5,4.8,-1.8,2.8,3.2,4.2,3.0,-1.1,1.2,-0.9,0.8,1.5,1.9,0.6,2.5,1.2,6.8,10.7,1.0,1.1,6.3,-1.0,-3.6,5.1,2.1,2.1,7.6,3.5,14.3,5.7,4.9,-0.5,-1.0,-1.4,-0.5,-9.9,-2.8,3.4,0.3,-6.8,7.6,6.4,-1.4,5.2,-1.2,3.3,2.0,1.5,6.4,5.0,-2.8,-20.0,12.0,-11.5,5.0,2.2,2.4,0.6,-3.5,-6.1,4.3,3.3,-5.9,8.4,-0.6,6.9,-7.3,-3.5,10.1,-10.5,-6.4,0.2,-0.6,4.1,3.5,-6.7,-1.1,15.3,10.2,3.0,10.2,-9.6,-6.4,-3.3,-1.8,5.2,0.9,12.3,8.4,-0.6,10.3,-6.9,-11.8,3.1,5.8,4.6,3.8,3.6,-15.3,-2.7,1.4,4.8,4.1,-0.2,0.6,4.6,8.4,0.1,-2.2,2.1,1.1,4.6,-1.9
2016-12-17,2.4,1.8,-8.6,1.5,-7.1,2.4,2.6,0.6,-2.6,-1.7,9.4,-6.3,1.0,2.5,1.2,6.1,-2.3,6.9,4.2,-3.4,2.8,-1.4,4.3,-1.5,1.8,0.7,-4.0,-0.7,-1.5,-1.7,-6.1,2.4,2.7,-4.7,-4.9,-0.3,-8.5,-1.1,-1.9,-10.0,-3.3,4.5,-0.1,11.4,-2.4,-4.7,-1.3,6.2,2.0,-1.4,7.8,12.5,-1.3,-6.9,-4.5,1.4,3.4,-0.8,-3.9,2.8,-2.9,-1.5,0.3,1.7,-1.1,-0.7,0.7,2.6,-1.1,-4.4,-5.4,-1.5,-3.5,-3.1,1.9,1.6,-1.9,0.9,-5.5,3.1,3.7,4.0,0.5,1.0,2.2,7.2,10.8,0.0,1.4,-4.0,-2.1,-0.5,5.1,-2.4,0.4,1.7,-4.3,4.6,-1.2,0.5,-2.2,-0.5,-4.2,0.1,5.2,3.1,-17.9,2.9,-1.0,0.3,-6.8,8.8,4.9,-1.0,0.1,13.0,-7.3,-5.7,-1.4,-1.4,2.0,0.9,0.6,-1.0,1.0,3.5,3.7,4.1,0.0,4.0,5.1,-2.9,-5.6,-2.2,-1.6,-6.0,4.3,-1.7,0.7,-3.0,4.0,7.2,-1.0,-2.6,-3.7,-1.1,5.0,1.3,-3.7,5.4,-1.9,-2.0,5.7,-0.5,1.1,0.9,4.6,-5.4,-4.6,2.2,-2.8,5.2,4.6,-2.0,-2.2,3.1,0.4,-1.7,-2.5,4.5,-0.2,-1.1,4.0,-3.6,-0.9,0.9,-3.9,-1.1,0.7,0.9,0.7,-0.5,-3.3,-1.5,-0.6,2.7,-2.5,2.5,0.4,8.9,-1.7,-12.2,-0.8,-1.9,1.8,1.2,0.5,-0.1,0.9,-5.5,1.8,2.4,0.6,-0.5,8.5,1.4,5.9,3.0,-4.6,3.0,4.0,0.4,-0.8,2.3,-1.2,0.3,-11.1,-1.5,-2.9,1.0,2.6,-2.5,3.5,8.7,4.8,1.5,-11.5,-12.8,-1.2,-3.3,-0.5,-4.6,-1.8,3.9,2.4,-1.8,5.8,8.3,16.4,-8.7,-3.6,7.0,3.0,1.3,-7.3,-0.2,-0.2,2.1,-2.2,0.5,-1.9,0.0,2.2,4.4,4.0,-2.7,-1.5,-2.9,9.5,-3.1,-0.9,-0.5,-7.0,-4.7,1.9,-2.0,-0.5,2.2,1.3,0.6,-0.1,0.8,-6.7,-3.1,1.4,-4.5,4.3,-2.4,-4.1,-1.7,-0.6,-1.7,-0.0,-6.1,-1.4,4.1,-0.2,1.9,4.4,-6.9,0.1,2.6,7.7,-4.0,-0.1,-1.8,-4.0,-0.2,1.5,6.0,-4.3,-3.6,-0.4,2.2,2.6,-4.5,-3.3,0.2,-1.1,-5.4,7.6,4.0,2.0,8.4,1.6,9.5,2.3,-1.3,-1.2,-2.5,-2.5,-1.9,-3.2,-4.8,-2.0,3.7,-0.1,0.1,-2.3,3.3,-0.5,-0.2,3.1,-1.7,-0.0,1.3,-0.9,-2.5,-6.0,8.1,0.1,4.9,5.5,-0.7,1.2,0.3,5.8,1.0,2.3,-9.8,3.3,-1.0,8.8,-6.5,-2.5,6.3,9.6,-3.0,1.8,-2.7,2.6,-2.1,0.4,-0.4,14.9,16.1,0.8,6.6,-10.3,-3.5,-5.8,1.9,5.1,-3.7,10.8,-0.7,4.1,10.8,-7.8,-1.1,0.3,10.2,7.3,5.1,3.4,0.8,-5.7,-1.1,2.0,-6.1,-3.3,-1.9,1.3,2.4,-2.1,-2.5,-4.4,-1.6,0.3,-0.6
2016-12-23,1.2,1.6,-2.6,0.4,-4.9,2.9,1.2,0.6,-5.6,-2.3,7.6,-3.5,-0.9,1.4,3.6,1.5,-0.8,8.9,1.3,-2.0,0.6,-0.9,5.1,-0.6,2.2,-1.8,-1.1,-1.9,-3.7,-0.5,-5.8,1.1,4.2,-0.2,-0.5,-2.3,-6.7,-4.6,-1.6,-5.8,-0.1,5.7,-0.8,5.9,-3.2,-5.5,-5.9,-0.1,3.0,-0.1,-5.7,3.8,-3.2,0.0,-2.0,5.7,0.7,1.5,4.6,1.2,-3.8,-1.6,4.5,3.8,7.5,-1.9,-1.1,5.0,-0.1,-2.9,-3.9,0.9,-4.1,-2.8,1.6,1.5,2.9,2.5,2.2,5.9,0.7,-0.2,0.7,5.9,0.6,0.3,0.7,-1.1,2.3,-0.1,0.1,0.4,4.4,-2.1,1.5,-0.8,-4.5,7.0,2.7,0.4,-2.0,-0.6,1.7,0.3,6.4,6.6,1.5,3.0,-0.2,-1.0,-3.8,3.0,4.7,-1.9,0.4,3.2,5.5,0.1,0.0,-0.6,3.5,0.6,-14.3,1.4,2.0,4.1,3.0,3.3,-7.0,4.1,2.3,-2.1,-4.9,-1.2,-4.8,-0.4,7.5,2.8,0.7,-3.6,5.1,-3.6,-7.4,0.2,-3.6,-2.4,3.5,2.2,-4.1,5.7,-2.7,3.4,18.8,1.1,0.3,2.2,-0.4,-1.3,-0.2,1.4,-1.9,5.9,3.5,2.7,1.9,4.1,0.2,-1.0,-2.7,0.6,6.1,3.0,1.7,-2.1,0.1,2.1,-3.2,-5.2,-4.8,2.6,0.0,-1.0,-0.4,-2.5,0.3,1.5,-6.5,-0.6,5.3,-16.1,-4.1,0.6,-1.1,-4.5,3.4,6.9,-5.5,0.3,1.4,-2.5,-1.3,4.4,2.0,8.5,2.2,2.4,4.8,5.3,-5.1,2.9,6.2,4.8,-1.4,2.0,-1.7,-0.9,-5.6,3.4,-4.3,1.1,5.1,0.1,5.0,12.1,3.4,1.7,-11.5,-9.1,-3.4,-5.1,3.1,1.4,0.1,-3.3,-3.6,1.1,4.5,5.4,12.1,-1.9,-1.8,7.3,4.4,-0.5,0.3,-1.6,1.9,2.0,-0.0,3.2,4.6,8.9,2.4,0.9,5.1,-5.8,-0.3,0.3,2.3,3.1,-0.2,1.4,8.1,-2.7,1.7,4.7,6.9,-1.2,0.4,-0.4,2.6,0.7,-7.4,-2.9,2.6,-3.0,4.2,-0.2,-7.5,-0.1,0.8,-5.2,4.2,-0.6,-1.4,2.1,-0.4,4.7,4.5,-5.4,-2.0,1.4,5.5,-2.4,-0.7,0.7,-2.6,-0.1,-0.0,5.9,-1.7,-2.7,-0.3,-5.8,6.4,-1.0,-1.7,-1.0,3.4,-2.5,-0.8,-0.8,3.2,9.2,1.0,15.5,3.2,0.1,-0.4,-0.5,0.4,-0.7,-1.0,-4.9,-1.9,4.2,5.6,-0.2,1.6,7.5,3.6,0.1,3.6,1.9,0.8,-0.8,0.4,-1.8,-5.3,10.5,-3.7,7.7,6.7,-0.1,2.8,0.4,-2.4,6.5,1.9,-12.9,5.0,3.6,9.6,-9.6,-5.0,9.0,10.6,-6.9,3.0,-0.8,4.0,-10.0,-2.4,-0.9,13.2,9.4,3.6,9.4,-11.2,-3.6,-2.7,2.1,5.7,4.7,13.4,1.8,-0.1,10.0,-6.4,-3.0,2.8,9.2,5.1,1.0,3.5,-0.8,-2.4,-1.9,5.1,-3.7,1.2,-0.4,0.7,4.3,-1.1,0.7,-1.2,-1.2,3.8,-1.9
2016-12-29,0.4,-0.2,-2.7,0.4,-5.6,2.9,1.7,1.8,-5.4,0.3,14.7,-2.4,-0.9,3.2,2.1,1.6,0.9,13.4,2.0,-1.7,0.0,1.4,2.9,1.9,4.7,-8.4,-12.0,-1.1,-4.1,-2.9,-8.3,2.0,-0.7,-5.2,-5.9,-2.2,-9.5,0.6,-2.6,-9.8,-2.5,5.6,-0.8,-14.3,-3.5,-5.8,1.0,0.4,-1.9,-0.2,-5.8,-0.2,-2.1,-2.2,0.2,-2.8,4.0,-1.3,0.7,1.1,-0.2,-2.0,0.8,1.7,-0.2,-0.2,-0.3,4.1,2.1,-0.6,-5.2,-2.2,-4.1,2.8,5.1,2.2,-0.2,1.7,-2.9,3.4,4.1,3.5,0.8,1.9,1.6,2.6,0.9,-1.4,1.3,-4.0,-1.2,-0.7,4.5,0.4,-2.0,0.3,-6.5,3.7,7.1,1.9,-2.3,0.7,4.7,-1.3,3.5,-1.6,-3.3,3.6,2.1,-1.5,-5.4,12.4,10.0,-1.7,0.9,2.0,-10.6,1.3,2.3,1.3,2.4,0.5,0.3,-0.5,2.9,6.3,1.2,3.3,-3.7,3.8,3.0,-2.2,-4.0,2.9,-4.9,-14.6,7.3,2.1,1.0,-3.9,6.5,4.2,-3.9,-2.9,0.4,-1.4,3.5,2.1,-1.0,3.3,-2.6,-2.6,19.1,1.7,1.9,3.2,4.7,0.7,-1.6,2.7,5.1,1.5,1.7,0.2,-15.5,4.4,0.9,-1.3,-4.4,2.6,-6.0,0.7,6.3,-2.2,1.5,0.6,-1.6,-0.5,-4.0,6.0,-2.2,-0.3,-0.8,0.6,-1.6,6.6,1.6,6.7,1.3,1.5,4.0,-13.8,1.5,-4.4,3.4,4.3,-1.7,2.4,0.1,0.5,2.9,4.6,-0.6,0.9,-0.5,2.2,-1.5,4.6,-2.2,4.7,5.5,-0.5,-0.4,-1.2,-2.7,-3.5,-0.8,0.8,1.7,0.2,5.0,-0.8,4.5,11.6,3.7,0.2,-1.6,-6.2,0.2,-1.0,-1.8,-3.7,0.3,5.7,2.2,-0.9,1.8,1.6,13.6,-2.5,-4.4,6.3,2.8,-0.8,0.3,-3.8,-7.5,6.9,0.3,0.5,2.9,6.8,1.3,-1.4,4.6,-5.8,-0.6,-1.0,0.2,-9.0,1.3,1.1,9.4,-2.8,1.1,4.1,7.7,-0.8,1.7,9.8,2.2,0.6,4.4,-7.6,2.4,-2.7,1.5,1.8,-4.7,-0.3,0.4,-10.5,3.6,0.9,-0.0,4.1,0.6,3.1,3.1,-5.7,1.9,2.9,6.9,-2.8,-2.6,-0.3,-3.9,1.4,2.4,4.3,-2.6,-3.8,-0.4,0.3,6.0,-8.7,-2.8,-0.1,1.8,0.6,4.8,0.8,3.3,6.5,1.1,3.8,2.0,-0.3,0.1,-3.2,-2.0,-1.1,-0.1,-5.1,0.4,5.1,6.0,1.7,0.6,3.6,0.7,2.0,1.7,1.5,2.4,1.0,-3.5,-1.3,-4.5,9.9,-3.4,1.6,9.8,0.7,1.8,-3.2,0.1,5.8,4.3,-15.4,3.7,-6.6,9.2,-5.4,-6.1,9.9,4.0,-0.4,4.6,0.8,5.9,-2.2,1.7,0.0,5.2,13.9,3.6,9.5,-5.0,-0.9,-2.4,3.4,8.2,-3.9,12.8,1.6,4.0,10.8,-4.6,-2.0,2.7,-12.0,7.8,2.8,3.2,1.2,-3.6,1.2,2.9,-0.2,12.0,-0.7,3.8,4.6,-3.0,2.4,1.6,-2.8,2.5,-1.4
2017-01-04,1.4,-1.9,7.4,-1.4,-5.0,2.0,1.1,-2.8,-3.6,-2.6,4.2,-6.9,3.9,1.0,4.0,-1.2,3.2,7.7,2.8,-2.9,-3.2,0.4,2.9,0.8,4.8,-1.7,-5.8,-1.9,-5.5,-1.5,-9.7,-1.0,0.9,0.7,-1.1,-3.6,-10.7,-3.1,-3.2,-9.4,-1.7,4.4,-9.3,-5.5,-2.7,-8.2,-15.3,-1.8,-0.9,-1.1,-8.7,-0.8,-5.5,0.3,-3.9,-1.3,-0.2,-2.8,-2.6,1.7,-4.2,-2.8,3.6,2.0,-1.7,-6.0,-0.6,7.2,-0.5,-2.2,-4.6,-1.4,-1.4,-0.8,2.1,2.2,-2.9,1.5,-7.2,3.3,-3.4,-1.1,-0.3,1.7,0.6,0.6,0.8,-2.4,2.2,-3.5,-2.1,-0.2,5.8,-1.7,-0.7,3.3,-4.4,4.4,-5.9,1.2,-4.9,-0.5,0.9,-0.9,-4.7,0.9,-9.6,1.2,-1.9,-3.2,-4.6,13.2,6.9,-1.5,-6.4,1.9,-10.8,0.0,0.6,-5.1,-0.8,-1.0,8.0,-0.4,1.6,4.5,2.0,5.3,7.7,2.6,0.4,-3.7,-4.3,0.9,-4.2,-3.6,7.9,3.3,-0.8,-3.4,4.4,6.9,-5.0,-5.5,-8.4,1.6,2.4,-1.1,-2.4,-1.6,-3.8,-3.3,13.7,3.9,-0.7,3.2,0.5,-3.3,-6.7,1.8,-6.8,5.8,1.1,-3.7,-9.0,3.0,-0.6,0.1,-5.4,5.8,-5.4,0.8,-0.6,-3.7,-1.9,3.2,-5.3,-2.4,-3.2,8.2,-3.0,-7.4,-2.9,-6.2,-6.7,0.7,-4.3,1.8,5.4,1.3,-1.6,5.9,-2.6,-4.5,-0.6,1.0,-8.2,3.6,-1.7,0.9,1.2,2.0,1.1,3.1,1.6,0.8,5.0,6.0,-1.8,3.7,12.6,-1.8,-2.1,-0.1,-1.5,-2.3,0.8,2.0,3.5,2.4,2.7,-2.6,2.7,9.3,1.3,1.2,-2.8,-8.1,-3.0,-4.0,2.0,-3.1,-3.7,-4.2,-2.6,2.7,-1.3,5.1,8.7,-1.3,-4.6,7.5,1.3,-2.6,-1.7,-3.0,0.2,-2.8,-0.3,3.0,5.4,4.9,-0.5,0.0,-2.2,-5.6,-3.5,1.2,0.9,2.7,-3.0,3.2,8.3,-3.1,3.3,4.9,9.7,0.1,-0.7,-0.6,-2.7,-2.6,-16.3,1.4,1.6,-2.5,3.2,-1.5,-6.3,-2.1,-0.2,-4.5,1.4,-3.4,-4.6,-2.3,-0.4,-1.0,1.0,-4.0,0.0,0.7,5.2,-4.6,3.9,-0.8,-2.6,-1.2,-1.1,5.1,-4.5,-4.5,-1.8,-4.3,5.5,-2.6,-4.0,-5.7,-0.4,-5.5,1.1,-3.0,1.9,5.1,-0.2,13.0,0.9,-6.1,-2.8,0.9,-4.2,-2.6,-6.3,-4.2,-5.4,2.6,1.7,0.6,-2.2,2.8,2.6,0.3,2.1,3.2,0.6,-4.1,-6.5,-3.6,-8.0,10.2,-13.7,6.5,-1.8,-10.0,1.6,2.2,-3.7,2.8,-1.6,-15.3,3.6,-2.6,4.6,-11.0,-7.0,8.7,-4.7,-3.3,0.3,-2.6,2.2,4.6,-9.3,-4.4,7.8,8.9,2.2,8.9,-8.1,-5.6,-1.9,1.2,2.7,-0.6,5.3,2.3,0.4,10.5,-6.3,-7.0,1.3,0.5,3.0,-0.4,2.5,-1.6,-4.9,-4.3,4.2,-0.2,-0.8,-1.2,-1.7,2.6,-4.6,-8.3,1.0,-0.7,5.5,-3.0
2017-01-10,2.8,3.3,2.3,-4.0,-0.4,3.1,3.7,-0.4,-2.0,1.2,11.7,-2.0,3.3,2.0,2.6,5.2,6.2,8.2,6.2,-0.5,1.2,0.4,1.9,4.1,1.1,-1.3,1.2,-1.1,-3.2,0.0,-1.5,0.8,5.4,5.6,-6.0,-2.1,-8.0,-2.0,-3.0,-3.3,-3.9,6.4,-2.0,-2.6,-3.1,-3.5,-0.7,-1.1,-2.7,-1.7,-3.8,-0.5,0.1,0.6,6.4,-4.3,1.9,0.5,8.8,1.4,-0.5,8.2,5.3,5.0,1.5,-1.6,10.8,11.1,0.0,-2.3,-3.9,0.0,-3.8,1.0,-0.7,-4.3,0.6,2.9,-2.4,1.1,2.4,2.3,-0.3,0.0,0.9,11.4,10.9,6.2,2.6,-1.2,1.0,-0.8,3.5,0.6,0.4,3.8,-2.2,1.1,-0.9,3.8,-1.8,1.6,0.0,-3.3,-8.2,-1.5,-1.1,3.3,-0.1,0.0,6.0,7.0,11.4,0.6,-2.0,11.4,-10.4,5.7,3.7,-4.4,5.1,1.9,2.9,0.7,-1.7,-1.5,3.7,9.7,7.1,4.8,6.0,-3.4,-3.4,4.2,-3.3,-6.0,2.4,1.2,2.1,-1.7,-0.8,0.7,-1.4,-3.0,-2.0,-2.0,2.3,3.6,-0.1,5.2,-1.8,4.2,19.2,1.5,3.4,2.4,-8.0,0.8,-1.8,3.8,-8.2,2.0,2.9,-0.1,-9.2,8.0,5.7,-1.1,-2.6,0.1,-7.0,0.1,5.0,-0.9,0.7,2.6,-0.2,6.3,-0.3,3.2,7.5,-1.2,-0.2,-1.6,-2.6,3.7,-1.6,3.1,2.9,0.8,6.3,-3.2,4.0,-2.7,1.6,0.9,-4.6,0.4,2.1,1.7,2.3,7.3,4.0,-3.0,3.5,5.8,2.6,6.1,-4.3,1.9,3.7,-2.0,-0.8,5.3,1.7,5.8,-3.9,2.9,-0.2,4.6,8.9,1.9,2.5,7.9,2.1,-2.9,5.8,-8.5,-4.2,-4.4,-0.2,-0.7,-1.4,-5.3,-5.1,1.3,12.4,2.8,6.4,4.5,0.4,-8.8,3.5,-4.4,8.1,-3.0,-8.4,1.1,-1.3,-2.1,-8.2,11.0,1.8,-0.6,3.5,0.7,-3.9,-0.8,13.7,6.3,-1.3,-1.1,-6.4,-1.0,1.7,10.0,11.3,-0.2,1.1,4.1,1.5,-0.8,-1.8,-3.7,3.5,-8.3,7.6,-2.0,-6.6,1.5,0.1,-9.6,3.3,5.5,4.4,6.7,0.1,1.5,5.1,-2.0,4.7,5.2,10.2,-2.4,2.2,-4.8,-4.7,-1.0,-1.0,7.0,-5.3,-3.8,-0.7,5.1,8.3,-3.7,-2.5,-0.9,2.6,4.7,6.4,-1.6,4.0,-5.0,0.8,11.3,0.1,-0.9,0.0,-2.3,0.9,-0.2,-5.0,-5.7,0.2,5.2,5.1,-7.9,-0.4,2.8,-1.0,-0.8,0.1,-3.6,-0.9,2.0,-2.1,0.8,-8.7,9.3,-2.4,5.1,2.8,-2.9,1.6,-6.1,-0.1,-9.4,7.4,-5.2,3.6,-2.5,7.9,-8.3,-17.4,9.1,3.3,-1.1,10.3,2.1,7.9,0.1,-1.2,-1.1,13.7,14.5,-14.1,9.3,-8.1,-3.5,0.8,-7.6,-3.2,-7.5,12.5,5.1,3.1,9.3,-5.9,4.8,5.1,8.0,2.3,5.5,5.8,3.7,-0.6,1.6,2.1,6.4,7.6,2.8,1.4,0.7,-3.1,-8.1,5.5,1.5,-1.0,-2.3
2017-01-16,9.9,0.8,-0.6,-2.1,-4.1,3.9,2.7,-2.8,-5.4,-2.3,5.4,-1.2,0.9,0.1,1.2,-3.2,2.0,8.0,0.4,-2.5,6.4,-0.2,4.1,1.0,1.4,-3.1,3.3,-6.0,-11.0,-2.0,-6.6,1.2,4.2,5.1,-4.0,4.9,-6.2,1.2,-4.3,-7.4,-14.9,3.8,-4.1,0.4,-1.1,-6.5,2.2,-2.5,1.1,-5.6,-10.9,-1.6,-2.3,2.5,-5.4,1.6,8.0,-9.7,-6.3,5.1,-4.6,3.0,4.8,0.2,0.5,-2.5,8.3,10.1,-0.3,0.9,-3.2,-1.4,-2.2,1.9,2.7,4.3,3.5,3.7,-2.2,5.0,2.9,1.4,3.9,-4.9,2.0,7.4,-0.3,-2.8,3.4,-2.8,-1.4,-0.8,4.2,1.0,0.5,0.6,-2.0,7.2,7.5,1.6,-1.7,3.6,7.2,5.5,-2.8,-0.5,0.8,3.7,-1.3,0.4,-2.9,-8.8,6.6,-1.5,-0.3,4.1,-11.8,2.5,-1.3,-3.4,-0.4,0.3,3.7,-1.1,-0.8,2.9,0.6,2.7,2.9,6.3,-1.8,0.1,-2.6,2.7,-5.8,-4.7,4.4,-5.8,1.0,-2.8,-1.0,4.2,-4.5,-1.5,2.0,-3.3,2.6,-6.0,-2.8,2.6,-0.4,-3.3,8.8,-3.1,1.6,1.2,1.4,-1.4,-1.4,4.1,-7.8,0.6,2.1,4.1,0.9,0.6,4.6,-1.8,-6.9,-0.4,-9.7,-0.3,4.7,-1.4,1.1,2.5,-1.6,2.3,7.0,0.6,9.3,-4.1,1.4,0.7,-0.3,4.5,-1.4,5.0,-1.9,-3.8,0.5,6.2,4.1,-3.8,1.6,5.9,-6.8,-1.9,0.4,-1.7,2.5,-6.3,1.7,5.2,5.5,7.6,0.3,7.3,-2.7,4.4,-6.0,-2.8,-3.2,-0.8,-1.4,1.4,-4.1,3.7,4.2,4.6,7.7,0.3,-0.8,8.6,-1.7,1.9,3.1,-4.4,0.1,-2.0,-8.0,-8.7,-2.7,-3.2,-4.7,6.9,3.9,5.1,8.2,-5.9,-15.4,7.1,2.0,1.6,2.6,0.4,-4.2,2.2,-3.0,7.2,7.9,3.9,1.0,2.3,-2.2,-4.2,-1.1,1.1,8.1,2.1,-1.0,0.2,-16.5,-1.2,1.8,-0.5,2.7,0.5,2.4,2.1,-0.1,-2.9,-3.7,-7.3,3.6,-12.7,5.9,-7.4,-7.1,1.0,0.0,2.5,4.3,3.5,-2.4,1.5,2.2,-0.5,1.6,2.2,-0.1,2.3,9.1,0.6,9.6,11.3,4.6,2.5,15.5,7.8,-6.4,-8.4,-1.3,-1.7,5.2,4.4,-2.6,1.2,2.0,6.7,-2.1,-0.1,1.1,1.1,-0.0,13.8,-1.2,4.4,-3.4,4.2,-2.1,-1.6,-8.2,1.1,3.3,3.3,-0.8,0.6,-0.9,-2.0,-1.0,-1.2,4.0,-10.3,2.7,-1.4,4.6,-2.0,-4.3,5.8,-0.5,1.5,-3.1,-1.5,0.6,7.4,-2.7,12.8,1.1,-9.0,0.1,-6.5,9.0,-6.2,-6.0,9.3,0.5,-2.2,1.7,-3.4,2.9,5.7,-3.0,-2.9,10.4,13.4,5.2,10.3,-18.1,-17.1,1.3,2.1,5.7,-3.3,8.2,3.6,-0.9,5.7,-10.2,-10.7,5.5,-5.2,5.4,3.2,3.5,2.9,-2.7,-0.7,6.7,2.4,6.3,-1.1,0.9,5.6,-4.5,-10.5,-1.0,0.8,-9.1,-2.7
2017-01-22,1.1,-0.7,-1.0,-0.2,-2.8,2.9,2.1,-3.7,-4.6,0.3,9.3,-5.9,1.0,1.4,2.2,1.9,3.4,12.1,4.7,-0.9,2.6,1.1,3.4,2.4,3.6,-0.7,-3.8,-5.0,-4.2,-4.9,-3.5,-0.6,6.6,-1.0,-4.1,-3.0,-9.6,-2.0,-4.2,-2.8,-4.7,5.7,-4.8,-2.3,-2.8,-3.8,1.1,1.9,2.4,-2.9,-4.2,1.0,-3.2,4.1,-2.4,8.0,-0.4,0.8,1.0,1.8,-1.1,4.3,7.1,0.2,-3.2,-3.2,0.4,-1.8,-1.4,0.5,-4.0,-1.8,-2.8,7.7,3.8,5.1,1.9,2.2,-5.4,1.6,0.8,1.0,0.2,-0.9,0.8,3.5,4.0,-1.3,2.2,-2.8,-1.5,-1.0,4.1,5.9,-6.0,0.0,-6.7,3.6,1.2,2.9,-3.6,4.5,3.9,2.6,4.8,1.7,0.1,3.4,-4.2,0.6,-2.3,-11.8,7.6,-1.6,-3.6,5.0,-5.3,3.8,1.1,5.1,1.8,-1.5,4.3,-0.3,0.1,2.6,1.5,5.5,-12.9,4.2,-4.8,-1.4,-1.1,4.5,-2.3,1.1,5.3,-2.4,0.4,-2.3,4.8,2.2,-4.7,-6.2,-3.0,-4.7,-1.4,3.6,-1.6,-0.7,-1.2,0.5,16.9,-3.4,-0.5,1.1,1.0,-0.4,-4.6,3.2,-5.8,1.4,1.5,-0.1,-11.5,7.8,-1.9,-4.3,-4.1,0.5,-7.1,2.0,-1.5,-5.5,-1.2,0.3,-0.4,5.0,0.5,-0.2,-0.7,-2.4,-0.6,-3.2,-7.8,2.3,-5.5,-8.9,-0.9,-2.5,5.3,5.4,0.8,-4.7,2.4,0.4,-0.0,1.1,-2.4,-0.5,3.0,-1.7,0.0,-2.3,0.0,4.5,-3.0,4.9,-1.8,-1.1,0.6,0.0,-2.1,-2.4,-0.9,2.6,0.5,3.7,-3.5,2.3,11.1,-2.0,1.7,5.7,4.6,0.8,7.1,-9.1,-1.4,-2.7,4.3,-8.5,-1.9,3.0,0.8,-6.3,3.9,0.7,3.4,-4.6,1.6,11.7,0.8,-1.1,1.2,-4.8,-7.6,5.2,-0.9,-15.3,9.3,5.9,0.3,2.9,-1.4,-2.5,-1.8,-0.1,-0.1,5.3,1.9,-0.2,9.9,-3.2,-3.5,5.8,1.5,1.3,-1.0,-1.7,0.8,-4.5,-2.8,-4.5,2.7,-6.8,4.9,-2.3,-6.6,-0.2,-2.4,3.9,3.9,-1.8,-0.6,6.4,-0.6,2.1,4.0,-4.4,-2.8,3.7,7.3,-1.8,-0.1,1.1,-6.0,-0.6,2.2,4.7,-3.9,-3.6,-1.9,-1.0,5.4,-0.7,-1.0,0.8,2.0,-2.6,3.0,-2.1,2.8,8.3,1.2,12.8,-3.1,0.4,-1.5,-4.4,-4.8,-2.0,-2.8,-6.1,-2.4,1.4,5.6,1.2,4.6,3.8,1.7,-2.2,-1.3,-3.1,-1.0,-0.9,-5.1,-4.7,-5.1,8.2,-2.9,0.0,8.9,4.0,1.4,3.4,8.3,7.3,1.4,-7.2,2.9,-4.0,7.4,-6.3,1.8,9.5,7.3,10.2,5.3,-1.5,3.5,2.9,-3.3,-0.8,20.9,20.1,4.2,11.6,-5.3,-7.2,-1.8,4.9,6.4,-3.9,10.0,3.3,2.7,10.9,-9.3,-2.6,6.4,-4.3,-3.7,5.3,6.7,4.8,-4.0,-5.4,2.3,5.1,5.6,-1.9,-1.8,4.4,1.7,9.8,0.2,-2.5,-14.3,-1.3
2017-01-28,4.2,-0.4,1.1,-1.9,-3.0,1.3,-0.9,-3.3,-2.1,-1.0,6.6,-4.4,1.9,1.4,-3.6,1.2,-7.6,9.2,4.7,-1.9,2.8,1.6,3.1,2.9,1.2,2.3,-1.1,-3.2,-3.4,-1.9,-0.6,-1.9,5.1,-0.1,-4.7,1.1,-4.5,-2.0,-1.7,-8.4,-2.4,5.4,0.9,3.0,-2.1,-5.7,-0.7,0.4,3.4,-2.3,-3.0,2.3,-3.0,0.5,1.4,5.9,-1.0,2.3,0.7,3.2,-2.9,-3.7,1.6,1.3,4.7,1.1,7.8,6.3,1.7,3.0,-4.3,-1.3,-2.3,1.9,5.8,3.6,3.9,3.2,-1.5,3.8,2.7,-0.4,2.6,4.0,1.1,4.3,7.6,-3.4,2.2,-3.3,-0.8,-0.6,1.7,1.4,-0.3,1.8,-9.3,10.4,-4.9,2.4,0.6,6.6,3.9,2.6,0.5,2.3,-3.9,0.4,-3.4,0.0,-13.9,2.3,7.7,-1.2,-2.7,8.3,2.7,5.0,-1.1,-4.7,2.4,1.5,-0.5,-1.8,0.4,1.7,3.0,5.6,-14.5,8.0,-3.8,-2.2,-1.0,3.2,-5.4,1.4,1.3,3.9,3.4,0.8,4.2,2.9,-3.6,-4.0,0.4,-5.1,9.7,2.4,6.5,-0.5,-3.4,-0.4,-6.3,2.8,5.0,2.9,3.9,0.6,-2.6,2.9,-3.6,0.9,5.3,1.4,-12.0,7.5,7.8,0.3,1.2,1.0,-11.1,-1.3,1.0,-3.4,0.6,2.3,-1.4,8.3,-15.2,2.7,-2.9,-0.9,-0.4,-0.1,-0.7,1.5,1.1,-6.8,1.2,-1.2,7.2,0.9,3.3,-4.5,3.3,-0.6,1.1,2.8,0.2,3.3,0.2,2.5,3.1,1.1,6.7,9.0,-3.7,6.1,-1.5,2.6,1.8,3.3,-1.1,-0.7,-1.9,-0.7,4.7,-1.7,1.1,5.8,9.2,-0.8,-1.5,5.3,2.1,1.5,-16.0,-11.0,-6.7,-7.4,0.1,-7.1,0.6,-6.2,-5.5,-8.5,7.5,9.7,12.1,0.9,2.0,-11.7,2.8,3.3,3.9,1.4,0.1,1.6,0.1,-13.1,-16.6,7.6,1.2,1.7,0.5,-1.9,2.1,4.9,-7.3,9.9,-1.2,0.3,-14.9,1.3,0.1,8.3,4.5,2.7,2.0,2.4,2.5,-3.4,-2.9,-5.4,2.8,-1.9,5.9,-4.7,-5.5,4.2,-1.2,1.9,0.4,-0.2,-0.1,3.4,1.6,2.2,2.3,-4.6,2.3,2.8,1.1,-1.4,-1.9,1.6,-5.1,-0.2,0.6,5.0,-6.2,-4.7,-2.1,4.8,4.3,-2.3,-1.3,1.5,1.5,3.6,7.2,0.7,2.4,-6.4,0.4,12.2,2.1,0.4,-0.1,-4.4,-4.2,-1.1,-2.1,-5.7,-2.8,4.2,4.4,0.9,0.5,4.7,0.7,0.9,4.8,-1.8,-2.5,0.5,-4.9,-4.3,-5.5,7.5,-1.7,0.3,6.1,1.8,1.0,-8.3,4.6,-3.9,1.2,-8.2,1.9,4.3,9.0,-4.4,3.2,9.4,4.8,-2.5,2.4,0.9,6.6,2.8,-2.7,-2.5,12.7,16.8,6.4,8.9,-4.0,-2.2,-3.3,0.4,9.5,-6.5,8.9,2.6,4.8,12.0,-3.4,-2.0,5.3,-11.5,2.9,8.0,7.5,3.4,-3.1,-3.1,4.2,3.6,10.6,0.2,-2.2,3.1,2.0,-12.4,5.5,-0.9,-2.8,-0.8
2017-02-03,14.0,-0.6,1.9,1.1,-2.8,3.3,1.3,-0.3,-1.1,-1.2,8.8,-1.6,-0.1,2.3,0.5,5.3,-8.7,10.9,2.1,-11.6,-15.1,-4.5,2.6,-9.4,-4.9,-3.3,-2.2,-5.7,-3.6,-3.2,-10.5,-0.2,4.4,1.8,-5.2,-3.8,-8.2,-7.2,-1.5,-6.7,-7.7,5.2,-16.1,7.9,-2.3,-6.0,-1.8,-1.5,0.3,0.2,-1.9,0.2,-1.9,4.8,5.4,-0.7,0.5,-1.2,1.7,1.2,-3.6,0.2,8.7,2.2,-0.7,1.9,3.9,-5.7,-1.6,-5.0,-2.8,0.1,-3.8,-0.7,-1.5,-0.1,-1.1,1.3,2.6,5.0,4.1,3.7,4.0,4.1,2.4,3.2,-1.5,0.7,3.1,-1.3,-1.8,-0.8,4.1,0.6,-0.9,2.3,-6.1,-11.6,-3.2,3.5,-3.0,5.2,1.5,2.9,-1.0,-4.6,0.4,5.2,0.0,-3.3,4.2,7.7,5.6,-1.2,-1.0,1.9,-8.7,1.0,-2.8,-6.7,0.4,-0.6,6.3,-0.2,1.9,2.8,3.2,6.2,-7.4,10.3,-7.3,-3.9,-2.1,3.7,-5.1,-5.2,5.6,-3.7,1.6,-0.4,11.0,2.2,-4.3,2.4,-1.9,-4.3,-4.2,5.1,5.1,-2.2,-1.7,-0.4,10.2,-4.3,0.3,2.6,4.2,1.1,0.2,0.2,-3.8,0.6,2.4,-3.8,-11.4,6.8,0.3,3.1,-2.3,2.2,-4.9,-0.2,-0.1,-4.3,1.0,0.4,3.3,7.5,1.2,5.9,3.5,3.8,-16.1,-2.6,-3.7,1.9,2.4,14.3,-0.2,2.6,9.2,-4.7,-3.4,-4.2,1.6,-0.8,-1.4,-2.2,0.5,0.3,1.7,-0.9,4.4,-9.3,-10.5,-10.0,-0.1,3.8,-1.7,5.6,2.9,2.1,-1.7,0.3,0.7,7.1,-4.0,-3.8,4.5,5.2,14.2,-1.9,-1.3,6.3,-11.7,4.8,2.1,-12.6,-0.6,-4.7,-5.0,-0.5,0.0,0.7,-3.1,1.3,1.4,9.6,6.1,-3.2,-4.5,11.8,0.9,-1.4,-0.2,-3.0,-11.9,4.9,-3.4,11.3,-16.9,-4.2,0.5,2.3,-2.3,-3.6,1.6,1.5,-8.4,4.2,0.2,13.4,-13.8,2.5,-3.2,-5.2,-1.9,0.6,-0.4,1.7,-0.7,-4.6,-7.1,-3.6,1.5,-8.3,-1.3,-4.0,-4.4,0.2,-1.0,-1.1,1.2,11.7,3.5,5.6,-0.6,-0.1,-1.6,-1.8,-3.1,-2.8,9.4,4.3,-4.5,2.4,-16.3,2.7,-1.3,6.3,-4.4,-1.5,-1.2,-8.4,-0.3,3.1,-1.1,-3.8,0.3,-13.6,14.9,-6.1,4.0,-4.1,1.3,12.0,-1.2,0.6,-2.0,-4.7,-4.8,-1.2,-9.0,-7.3,-0.8,2.0,2.2,1.1,-2.0,0.9,1.9,-2.5,4.1,-4.5,1.0,-4.2,-5.1,-1.3,3.5,9.1,-2.8,2.6,5.9,1.7,0.9,-1.2,-4.3,1.5,4.1,-6.9,6.9,1.3,8.0,-10.5,-2.2,9.2,-10.2,8.3,4.6,-3.0,2.3,6.6,-3.0,-2.3,12.4,12.9,3.7,10.3,-10.3,2.7,3.7,3.0,3.4,0.7,9.0,4.0,3.5,10.5,-0.6,6.4,7.0,7.8,6.1,7.3,6.9,0.1,1.1,4.0,1.7,-2.6,1.9,0.0,3.8,4.9,0.4,-1.0,0.4,1.1,-14.8,-0.8
2017-02-09,5.7,6.0,3.1,-2.2,-1.4,4.2,-0.3,1.0,1.6,2.7,6.0,-6.0,1.9,1.8,2.9,3.7,9.2,6.6,4.9,4.4,1.7,1.4,3.0,7.9,-4.2,2.1,3.6,-0.7,-2.9,-3.4,-0.2,-2.1,8.4,3.7,-3.7,-4.2,-3.5,1.9,-2.2,-1.8,-1.8,7.2,-2.5,9.7,-1.0,-2.6,-4.3,2.6,5.5,0.2,-3.8,2.2,-2.0,0.8,-3.5,6.0,3.4,1.6,6.7,3.2,-1.0,0.7,5.1,4.1,-6.0,-0.7,5.5,6.3,1.9,4.0,-3.3,0.1,-3.7,0.5,-2.4,9.9,5.1,-0.3,-11.9,1.4,2.7,1.8,0.8,2.6,3.4,7.7,5.6,6.8,1.1,-2.2,0.6,-0.2,4.3,2.3,-2.5,1.6,-7.4,8.6,-11.2,2.2,-2.3,10.8,1.8,0.4,1.0,1.9,-2.8,3.3,-0.1,0.5,5.8,-7.0,7.9,-0.2,-0.2,6.1,-4.8,5.7,3.1,-2.6,5.8,2.1,1.7,0.1,2.1,5.2,3.0,5.6,-6.2,7.0,-6.4,-2.0,-2.7,2.6,-2.8,-1.4,-1.4,1.9,2.8,-0.8,6.6,0.4,-7.1,-3.7,-4.2,-6.0,-2.6,6.8,-0.1,-3.3,-2.2,2.1,-1.8,-0.9,1.9,2.2,6.9,2.8,-3.5,4.9,-6.3,0.2,-1.1,2.2,-7.4,12.0,7.5,-1.3,-0.6,3.4,-1.6,1.4,3.0,-3.4,0.7,2.0,-0.2,8.9,1.2,2.9,-2.2,1.0,0.5,0.9,-0.4,5.4,4.5,-1.5,2.6,1.6,5.8,9.1,0.3,-2.5,3.0,1.4,-3.3,0.0,2.9,1.4,2.8,4.1,5.4,6.2,4.1,8.5,-1.0,6.2,2.2,3.4,3.9,-2.3,1.5,-0.3,-0.4,4.8,-0.8,7.3,-2.5,5.2,9.8,0.2,3.3,8.4,6.1,4.3,8.8,-8.2,-5.4,-4.9,-0.9,3.6,1.0,-3.9,-2.6,4.2,8.3,5.3,6.6,-19.5,2.2,-10.3,4.4,-2.4,4.7,1.6,8.8,1.7,2.4,-14.1,-15.3,-15.2,0.9,-2.0,3.0,0.8,6.0,1.9,-13.3,8.0,1.1,2.5,-16.7,-0.7,1.4,8.1,6.5,4.5,3.0,-0.0,0.5,0.2,-1.6,-1.2,4.3,-3.1,3.3,-2.9,-4.4,3.1,1.5,-5.6,1.1,0.6,3.7,11.6,2.6,2.0,4.3,-0.2,-1.5,2.6,9.1,3.7,0.7,2.6,-1.3,2.1,1.0,5.8,-5.9,-5.3,0.5,3.1,4.6,-4.6,-0.7,2.4,0.7,0.1,5.4,-2.2,4.8,7.3,3.6,11.9,3.0,0.1,1.5,-1.3,1.7,0.8,0.3,-3.3,3.0,7.0,8.8,-2.4,1.4,0.9,0.9,4.3,9.4,0.0,1.6,2.2,-0.3,-0.9,-4.0,10.8,-0.5,7.8,4.9,1.6,4.6,-1.3,3.3,-6.0,6.0,-7.0,3.9,2.5,11.9,-9.8,-20.1,10.2,5.0,2.7,5.8,0.4,6.0,3.5,-1.2,-0.7,13.9,17.2,7.5,10.5,1.7,2.4,0.0,3.5,6.5,-5.2,10.7,3.6,3.3,5.3,0.0,-2.7,7.5,7.8,5.1,5.6,3.7,3.1,-1.3,1.4,8.4,2.5,-8.4,1.1,4.2,5.6,1.0,-10.1,-8.4,-3.7,2.4,2.6
2017-02-15,5.3,2.6,0.5,-1.6,1.6,4.1,3.7,-0.0,-0.7,1.1,2.2,-2.9,0.7,-1.5,5.0,6.3,6.5,-0.8,3.4,2.8,2.0,-1.8,4.4,4.7,-10.3,-2.9,-1.7,-3.6,-3.2,-2.0,-1.3,3.9,4.8,-1.4,-3.4,-1.0,-3.8,-4.0,0.5,-1.7,-4.2,8.2,3.4,4.0,-3.7,-4.1,-3.3,0.7,0.4,-1.1,-1.8,0.3,-2.6,3.3,3.0,4.2,0.9,0.6,-6.4,0.9,1.1,-4.1,2.3,2.0,-0.3,-1.6,-4.8,7.2,-0.1,5.8,-4.2,-0.9,-1.7,-1.0,-6.0,14.5,1.8,0.4,-5.2,1.3,2.7,-1.0,-0.1,4.2,1.8,6.9,10.7,-2.0,2.7,-2.5,-1.2,0.3,5.0,-1.8,-0.8,-0.8,-0.5,7.2,-6.6,3.2,3.6,-4.7,5.0,3.2,-3.6,1.6,-5.7,-4.2,-3.3,-0.4,-6.6,8.7,8.9,-0.8,-1.2,13.0,2.1,5.2,1.4,-4.3,0.0,0.8,2.1,-0.2,2.6,3.8,3.4,5.3,11.0,7.2,3.9,-0.8,-0.6,3.8,-4.7,2.7,8.8,-0.1,1.9,-1.0,10.3,-3.0,-8.8,0.1,-5.7,-2.7,5.2,4.9,3.3,-0.5,0.4,-0.5,-0.9,-2.1,3.2,-7.1,2.6,0.8,0.8,2.2,-4.7,0.8,4.7,-4.7,-9.0,12.4,1.8,1.4,-1.3,2.1,-12.4,-5.0,2.0,-4.2,-0.3,1.6,0.1,8.4,-5.3,5.4,1.7,2.0,2.7,-1.9,-0.9,3.2,4.4,-3.0,3.9,-6.9,5.9,2.1,3.6,-6.0,4.2,4.8,3.2,-0.3,1.9,-2.2,3.1,7.4,6.6,-1.0,-1.9,4.6,5.2,6.2,0.9,4.8,2.9,-0.8,-3.1,4.8,1.0,3.8,-2.9,-3.7,-3.5,6.3,11.8,-1.7,2.1,6.6,-3.0,-0.1,-5.1,-8.9,-2.2,-3.8,1.4,5.6,-2.0,-1.7,-1.8,4.5,-0.4,8.6,6.4,-7.7,5.1,10.0,1.5,-1.8,1.7,2.0,4.9,4.2,1.6,6.0,6.4,8.0,-0.5,-6.3,14.4,2.0,4.2,1.8,-5.4,2.1,1.0,3.7,5.6,0.5,0.9,7.4,-0.1,1.8,1.7,1.8,0.8,-5.0,-5.8,-4.7,1.9,-2.5,10.8,-1.9,-0.8,1.1,0.6,-6.3,2.6,-2.5,-4.4,3.8,0.1,2.7,2.9,-4.4,0.1,2.0,4.7,3.1,-4.3,0.9,-5.8,0.6,1.4,7.9,-1.8,-1.8,0.9,-1.5,8.2,-1.4,-0.6,-1.8,1.3,-1.4,0.5,-0.4,5.6,8.0,1.1,12.6,3.4,-7.2,0.0,-4.6,-8.4,-0.7,-1.7,-3.7,-3.0,6.6,7.3,1.2,3.3,1.6,3.5,0.7,4.7,5.0,3.1,4.8,-0.5,-1.4,-7.9,10.6,-7.2,2.6,2.8,3.2,3.3,1.2,5.3,2.4,6.0,-5.6,8.7,0.7,8.2,-8.7,2.6,4.8,9.3,-13.8,3.4,0.9,4.7,5.1,-1.7,-3.2,13.3,15.7,7.5,7.7,-13.0,-3.1,-2.2,3.9,8.0,-3.9,9.1,-0.2,4.2,13.3,-4.6,-2.6,5.1,-3.8,-8.9,5.1,4.8,1.8,-0.7,-0.8,6.0,5.9,2.2,-0.5,0.9,7.6,4.8,-15.0,-0.4,-0.3,-0.3,4.5
2017-02-21,5.5,1.6,3.3,-1.1,-5.1,2.9,4.2,-0.7,-5.0,-3.2,9.5,-6.1,0.3,-1.6,6.4,-1.3,-4.5,11.3,2.9,-3.4,-3.2,11.0,3.5,3.3,1.9,-2.8,-8.6,-5.2,-7.3,1.1,-2.0,2.9,7.2,-5.8,1.4,-3.1,-7.5,-2.0,0.2,-2.6,-12.8,3.2,1.6,9.2,-4.2,-5.1,-4.3,-2.5,-1.7,-2.2,-4.4,0.3,-5.4,1.0,3.2,-2.0,1.8,-1.7,3.3,0.0,-3.0,-1.5,2.4,0.8,-3.1,-4.4,1.6,8.0,1.0,-4.7,-4.3,-1.7,-3.4,1.0,-0.1,-0.5,-6.5,3.2,-7.3,6.5,-0.3,2.1,1.4,2.2,1.2,4.1,2.6,-2.0,2.2,-3.1,-1.9,-0.8,7.1,-0.6,1.9,1.3,-5.8,5.8,-9.2,4.9,-3.5,-0.6,0.5,0.1,-4.7,1.0,-8.3,3.2,-2.0,-0.6,-2.6,2.0,6.6,-2.2,-4.8,2.8,-17.6,1.5,1.0,-0.4,-1.1,-0.7,3.9,0.4,1.1,5.0,3.6,4.2,5.1,5.5,6.6,-0.7,-2.2,-1.7,-7.0,-3.8,7.9,-0.8,0.9,3.3,1.8,14.9,-9.9,-5.4,-5.4,-1.9,6.3,7.4,1.0,4.1,-2.9,-1.0,1.8,-0.2,0.1,5.4,-0.3,-3.7,-2.9,4.0,-9.0,3.8,4.8,1.7,-11.6,8.8,-11.7,0.7,-1.7,0.6,-8.0,0.1,-2.0,-6.8,-0.6,1.4,-3.5,-0.8,0.6,0.2,6.6,2.1,0.5,-2.7,-3.2,-0.8,-2.8,5.9,0.1,-7.3,-1.8,0.8,-2.4,-5.4,2.6,2.5,1.5,-1.1,0.2,0.3,-1.3,-9.9,4.1,0.4,-2.1,4.2,0.2,3.7,0.9,4.3,2.9,3.6,-2.3,1.3,-0.1,2.6,-5.7,0.2,0.2,0.1,4.7,-4.7,4.3,9.9,-6.6,3.4,0.5,-8.4,-2.7,-4.4,-3.7,4.2,-0.2,-4.4,-2.8,3.3,0.3,6.8,5.6,-3.0,-3.1,5.0,0.7,-0.9,1.1,-0.6,2.4,4.6,-4.7,4.6,5.3,1.8,-0.9,0.3,1.7,-2.5,-1.1,1.6,5.3,4.6,1.0,-1.9,3.4,-1.8,1.1,7.7,15.4,1.5,0.8,-3.6,-2.0,0.7,-3.7,-4.5,2.0,-7.3,2.4,-0.0,-1.4,2.9,0.4,-1.3,6.6,1.5,-0.7,3.9,-1.0,-0.1,1.7,-5.5,1.3,-1.1,4.0,-1.8,3.1,1.6,-1.6,-0.6,5.4,6.2,-1.7,-1.9,0.4,-0.3,-0.2,0.8,-4.0,-7.9,-0.8,4.2,6.2,-1.5,3.1,4.4,0.5,14.9,7.4,-0.1,-1.4,-1.4,0.2,0.2,-6.3,-1.0,-6.3,5.2,-7.2,-1.3,6.4,-0.8,4.4,4.1,6.5,1.7,3.8,-6.6,-7.7,-2.8,5.0,11.6,-6.8,-1.7,1.0,1.1,3.8,-0.1,-2.7,1.0,2.2,-8.9,3.3,5.5,6.3,-9.3,-1.0,11.1,-3.8,-3.9,1.1,-1.6,3.6,8.7,-4.6,0.4,14.6,6.2,3.2,15.7,-7.0,-7.0,-5.6,0.8,6.4,-2.1,-1.7,3.0,1.2,12.6,-4.6,-13.0,3.9,11.1,9.2,2.0,4.2,0.8,-6.0,-4.9,6.0,1.8,-0.0,-1.1,1.8,7.9,-1.8,-1.7,1.3,0.4,3.2,1.7
2017-02-27,4.7,2.6,4.0,-0.4,-0.8,3.3,5.1,1.0,-1.2,-11.9,5.4,-1.6,-1.2,1.9,5.4,-3.3,4.4,17.5,2.7,-0.1,-3.4,-1.7,3.0,6.4,6.6,-14.1,-7.1,-4.7,-4.7,1.0,-1.6,6.3,1.5,-5.4,1.6,1.6,-2.9,-3.2,3.7,-1.0,-5.6,4.8,1.9,5.4,-1.6,-6.4,-2.0,2.6,1.0,1.0,-1.9,1.9,-2.7,-3.9,0.3,0.8,9.5,0.5,-2.3,2.2,-2.7,-0.1,2.8,4.0,-2.0,-5.0,1.0,4.9,-0.9,1.6,-5.3,0.2,-4.1,-1.3,2.8,4.8,-2.7,-0.6,-4.9,3.8,0.7,0.8,-2.8,6.3,2.8,2.6,2.9,2.5,5.0,-1.5,1.6,1.2,2.9,-1.8,-3.1,0.7,-2.8,-0.8,-7.0,3.0,-3.7,2.5,5.4,2.5,-0.8,0.2,-2.7,5.2,2.0,-1.6,-3.3,-1.4,6.3,-0.3,-1.8,3.7,-0.9,1.6,3.3,1.7,4.1,0.7,1.9,3.4,2.3,1.1,2.1,5.1,0.3,2.8,8.1,-5.1,-1.9,-0.1,-0.1,5.0,18.4,3.6,2.3,-2.8,6.2,1.4,-7.6,-3.2,0.2,0.4,4.7,-2.8,0.1,3.7,-2.8,-3.0,19.3,0.2,3.1,2.0,2.3,-2.9,-0.7,4.0,1.8,-0.7,3.1,2.4,-12.3,5.6,7.5,-3.2,-2.6,1.3,-9.5,3.2,4.2,-3.6,-0.5,1.7,-3.0,0.4,-0.5,2.3,-1.3,-2.2,-0.1,-2.7,-1.6,0.5,1.8,-3.8,2.8,-14.9,-0.4,3.3,2.7,-6.7,2.8,5.0,-2.5,0.5,1.7,0.4,-0.2,4.0,2.4,12.5,2.5,4.8,1.0,4.0,-1.2,2.9,6.6,0.9,0.7,2.3,-0.5,7.9,-1.5,-4.1,-10.2,2.5,6.5,1.9,4.1,7.2,8.3,4.7,-2.8,-5.7,0.8,-1.2,0.5,4.4,-5.3,5.4,0.4,3.0,3.2,6.6,9.3,-3.7,-1.6,2.2,0.3,-1.0,1.1,-3.3,-6.5,1.8,-3.0,2.3,1.7,3.8,-2.7,-1.9,6.1,-4.3,-2.9,3.2,2.7,7.0,0.1,2.5,0.3,-1.8,-1.2,3.9,1.9,-1.9,0.0,-2.1,2.5,2.3,5.3,-2.2,4.1,-1.2,5.2,-0.5,-0.8,5.5,0.5,-5.0,1.3,-1.7,1.8,-0.6,1.7,1.7,2.7,-5.3,1.0,-2.3,4.1,-0.4,0.5,0.7,-2.8,3.8,4.9,5.8,-0.4,-2.3,2.7,5.1,7.8,-0.8,-0.0,8.7,2.2,-1.3,3.1,2.1,2.8,7.2,1.1,7.0,6.0,0.2,-0.2,-1.5,3.3,0.7,-1.1,-2.2,7.0,8.9,6.8,-2.7,0.6,5.3,6.8,4.3,6.6,7.2,5.8,-4.5,-0.4,-2.0,-6.2,12.0,-9.7,5.2,7.1,3.3,4.3,0.1,-1.2,5.0,1.0,-13.9,6.6,-5.5,9.3,-6.4,-1.0,9.3,7.6,-13.8,-2.5,1.1,5.5,0.1,-0.2,-0.9,11.1,8.9,3.0,8.5,-6.7,-7.5,7.7,4.2,4.9,0.1,13.7,2.5,11.4,15.0,-4.3,-1.3,3.2,11.0,8.2,1.6,1.0,0.7,-5.5,-1.2,6.6,1.2,4.8,-2.4,2.3,8.7,0.2,1.1,3.5,-3.0,8.1,-0.1
2017-03-05,4.6,-1.2,1.7,-0.5,-3.0,2.2,2.7,-0.0,-3.6,-2.3,3.9,-1.5,-0.5,0.2,1.0,-6.2,14.2,6.9,0.4,-10.3,-1.8,-2.8,3.0,2.8,1.0,-2.3,-3.5,-5.6,-9.6,1.0,-0.8,-2.0,6.8,1.5,-4.8,-5.9,-5.5,-1.7,1.7,-2.0,-11.7,4.4,-7.8,5.5,-3.5,-0.2,0.1,0.3,0.8,-1.6,-15.9,-3.5,-1.7,-1.1,-3.2,-1.8,3.6,-1.5,0.1,-0.2,-3.0,3.9,2.8,0.4,-1.4,0.8,-0.9,3.9,-3.0,-5.0,-4.8,-1.6,-0.9,-3.5,5.5,3.0,-1.2,-1.3,-9.4,0.6,4.5,1.5,1.8,4.7,2.1,3.8,2.2,-2.7,4.0,-2.8,-1.1,0.1,6.2,-4.7,-2.2,2.4,-3.0,0.5,-11.9,0.3,-5.0,2.2,5.1,10.0,-1.2,4.1,8.8,1.7,2.6,-4.3,-0.8,8.1,9.0,-0.1,-4.9,4.7,-4.3,5.1,-3.7,-4.5,-0.7,-1.8,2.4,-0.7,1.0,1.9,2.3,5.7,-10.8,2.7,-2.4,-0.6,-2.2,2.9,-2.3,0.5,4.5,0.6,0.0,-1.5,1.9,3.6,-5.5,-3.5,-3.2,-0.6,2.6,0.0,-4.2,0.4,0.0,-0.9,4.1,-0.3,2.2,-0.1,4.4,-0.4,-1.2,3.6,-8.5,4.5,3.6,-0.6,0.6,3.2,7.0,-3.4,-1.0,0.4,-11.5,1.4,0.5,-6.2,-1.4,0.1,-0.9,0.7,-2.3,-1.0,8.4,-1.1,0.1,-1.4,1.8,0.7,-1.7,0.5,1.2,2.9,-0.9,2.7,-2.0,-4.0,1.2,2.0,-1.6,-0.9,1.1,-0.7,1.2,0.8,2.2,-0.5,-0.9,2.8,-1.9,3.5,-1.0,3.4,3.5,-1.0,-5.8,1.0,-1.4,0.5,-3.9,-2.5,0.3,-0.2,4.3,1.7,2.3,7.0,-1.5,0.6,-8.0,-9.0,-3.5,-5.1,2.3,-0.0,-8.3,-5.9,-4.7,3.2,4.4,3.3,0.2,-3.7,-6.6,0.0,1.8,-0.7,3.5,-3.0,-13.1,3.1,-3.3,-0.4,-0.9,7.2,-0.6,1.3,-1.0,-7.1,2.0,-0.2,-0.0,0.4,0.2,11.9,-1.0,-3.6,-0.8,6.5,12.1,0.3,0.4,-0.0,-0.7,-1.6,0.9,-4.4,2.4,-3.9,3.2,-0.9,-1.4,9.0,-0.5,-2.9,4.9,-0.4,-2.5,3.9,0.9,-0.3,-0.1,-4.9,-1.0,2.1,1.7,-3.4,0.4,-0.8,-1.2,1.8,6.2,4.4,-2.8,-1.4,0.9,7.8,9.1,-1.9,-2.0,10.1,0.7,-2.4,3.2,1.7,1.4,4.9,1.1,15.2,-6.7,-3.3,-1.8,1.3,-1.6,-1.6,-1.3,-5.3,-1.2,0.1,2.1,1.8,1.0,1.4,5.2,2.2,5.8,1.8,2.2,-4.0,0.3,2.2,-6.5,8.2,-1.4,1.8,6.0,3.7,3.5,-1.7,-4.3,1.9,6.1,2.9,3.8,-3.1,6.3,-11.7,-1.8,8.4,11.1,-8.7,3.4,-1.4,3.0,1.8,-1.3,-0.8,13.8,8.6,0.8,8.1,-8.0,-5.0,-8.2,3.2,4.1,-4.2,12.2,1.2,3.4,11.9,-5.8,1.9,4.6,7.0,5.0,0.1,1.6,-0.4,-3.9,-1.5,6.8,1.6,4.9,-0.7,2.2,4.8,-1.3,-6.7,4.0,-4.1,1.2,-1.5
2017-03-11,4.4,-3.3,0.0,-1.7,-1.9,2.3,1.9,0.2,-2.1,-0.3,7.1,-0.9,-0.9,0.0,2.3,-2.1,-1.0,9.2,1.5,-0.9,0.6,-1.5,8.3,2.4,-0.4,0.6,-1.5,-3.2,-8.8,3.0,-3.0,0.6,6.6,3.6,-2.7,7.5,-4.4,-2.6,1.9,-3.7,3.3,5.4,4.3,4.7,-4.0,-1.2,0.1,-3.3,4.7,-0.8,-2.8,2.4,-0.8,4.1,2.5,11.1,1.9,0.7,-1.9,2.6,-3.3,1.1,3.3,5.1,1.1,-1.9,1.3,-3.5,0.3,1.1,-4.7,0.1,-0.6,-1.1,5.8,5.4,-2.0,0.7,-6.5,3.8,2.1,1.8,2.1,6.5,2.1,2.7,4.8,-0.7,0.8,-2.8,-1.3,-0.3,7.1,0.4,-4.3,1.8,-5.7,0.0,-11.2,1.7,4.1,2.5,1.6,-3.1,-3.4,-1.3,-7.3,3.4,-2.6,1.5,0.1,4.6,5.5,-0.3,-3.0,5.7,-3.2,5.3,-0.1,3.8,3.9,1.0,0.8,-2.6,1.2,6.2,1.1,5.1,5.9,1.3,-2.7,-1.6,-4.0,0.9,0.2,-0.9,4.0,0.4,0.9,-2.2,4.3,3.6,-3.4,-7.1,-3.3,-1.3,1.1,-0.4,-2.1,-3.4,-2.8,-0.6,17.7,-1.1,0.3,-0.2,7.5,0.8,-5.7,2.7,0.2,3.9,2.5,2.0,1.4,0.9,4.7,-0.4,-0.8,4.3,-11.3,-1.1,2.9,-0.4,0.5,-0.3,-3.5,-2.2,-4.9,-1.4,1.1,1.9,1.8,-4.4,-3.6,6.1,-1.2,7.6,1.2,-0.6,-3.0,4.7,3.3,-5.1,3.9,0.9,-2.1,-1.3,-0.4,1.6,2.7,1.8,2.0,0.0,2.5,5.0,2.9,6.2,-2.6,3.2,2.1,0.7,-0.8,-0.1,-2.2,-8.3,-3.4,-0.7,6.0,1.5,5.0,1.0,2.1,8.5,-8.1,1.1,-6.1,-7.5,-2.5,-4.3,-1.8,5.7,-3.8,-4.3,-3.6,4.7,4.6,3.5,6.2,-0.2,-7.2,6.3,1.9,0.7,2.4,-0.7,5.9,3.1,-2.5,2.2,1.1,7.5,-1.1,-1.0,1.8,1.6,-3.0,3.9,5.7,6.0,-0.1,0.3,-0.3,-2.2,-2.3,7.9,6.9,4.0,1.3,1.3,0.4,-1.6,0.9,-2.0,4.0,-4.4,3.1,-1.0,0.8,1.4,-0.8,-0.5,1.5,-1.4,1.2,5.1,1.4,-0.3,1.0,-3.7,1.7,0.9,6.1,0.5,-2.9,0.8,-3.6,2.2,5.3,4.8,-5.3,-4.7,0.7,0.8,12.8,-1.0,-2.5,5.6,-0.1,-3.4,2.7,7.5,2.8,4.8,1.8,4.0,-6.3,-1.0,-1.2,-3.8,-0.3,-0.7,-3.3,-5.1,3.3,7.3,0.9,1.8,0.3,0.3,4.9,3.1,7.2,2.2,0.7,-4.6,-2.5,-2.1,-9.0,11.3,-0.2,7.7,5.6,4.0,3.8,-1.8,0.3,2.2,4.6,-2.5,3.3,-3.8,8.7,-8.4,2.2,9.4,1.6,-1.3,7.6,-2.1,2.5,-3.1,-0.8,-2.8,16.9,7.5,0.0,8.4,-7.9,-9.2,-15.8,3.6,4.0,-6.3,5.9,0.6,-0.9,10.9,-9.4,-4.7,-1.0,4.5,5.0,-3.4,3.6,-3.2,-5.7,2.6,-8.4,-1.3,-3.9,-0.6,4.2,2.1,2.1,-14.3,0.3,-1.8,3.3,1.1
2017-03-17,3.9,1.5,0.5,1.2,-5.8,4.2,2.8,-0.9,-5.5,-1.7,10.1,-3.0,4.7,-1.1,0.1,2.4,9.4,10.3,4.4,0.3,7.7,-2.4,2.1,1.7,6.9,-3.6,9.7,-2.9,-3.8,-4.1,2.4,-1.7,3.7,4.5,-2.2,-3.1,-4.0,-0.4,-3.9,0.5,-9.7,2.7,-6.8,5.6,-2.0,-4.8,-2.1,-3.0,0.7,-2.4,-6.6,-0.3,1.7,4.0,-13.6,0.8,10.2,-4.5,2.5,-3.6,0.4,6.1,4.6,3.3,-1.7,-1.8,-0.2,9.4,0.6,1.3,-3.0,1.0,-1.2,-1.5,0.6,4.3,2.9,-0.4,-7.5,4.3,4.6,-0.7,4.5,6.7,2.9,2.3,4.3,1.1,2.5,-0.7,-1.5,-2.5,1.4,-2.1,1.2,3.5,-3.7,0.1,-8.7,1.7,1.6,2.2,-1.7,4.5,1.5,3.9,-8.6,1.4,2.1,2.6,-0.5,-0.1,9.1,2.7,-2.5,5.4,-3.3,4.7,-0.9,-3.1,-2.4,0.2,9.4,0.1,0.3,3.0,3.3,5.4,11.5,0.4,10.3,1.2,2.2,4.4,-18.6,-7.4,11.7,-1.0,0.7,-1.9,7.7,5.9,-3.3,-2.8,3.3,2.7,5.2,-1.6,0.7,-8.0,-2.1,-0.1,22.0,1.0,-0.2,1.1,3.3,0.1,-2.4,3.2,-12.2,5.0,5.0,-0.9,-1.2,0.2,0.6,-1.5,-2.1,-2.4,-9.0,-0.1,0.7,-6.0,1.3,-0.2,-0.5,-1.0,-2.3,-8.7,-0.4,-2.0,-3.6,-1.1,0.4,-0.3,5.9,8.0,-6.0,-3.1,-1.5,4.0,0.7,-2.9,-1.9,0.8,1.4,3.7,-1.0,-0.3,-0.6,1.2,-0.2,-0.6,3.3,4.9,10.2,5.4,-3.8,0.6,13.2,2.7,2.8,4.8,-1.4,11.2,-2.7,0.2,3.0,0.8,4.7,0.2,-3.5,0.8,5.5,2.7,0.8,-7.5,-6.8,-4.7,-4.6,-9.5,2.5,-5.9,-3.2,-11.1,10.3,4.8,4.8,-5.1,-1.2,8.5,2.8,-1.3,2.7,-0.3,-1.2,9.0,1.3,3.5,4.1,-5.6,-3.7,0.3,1.7,-3.6,-1.6,-0.5,2.7,3.6,3.4,0.1,3.2,-2.2,1.8,0.2,0.9,1.9,1.4,-2.9,2.7,-0.2,-4.2,-8.7,3.7,-13.6,0.2,-0.6,-2.7,12.6,0.4,-2.7,2.5,-3.9,-5.7,1.0,0.0,2.4,-0.2,-6.4,1.0,0.6,4.3,-0.0,-2.8,4.4,-2.1,-2.2,-0.7,-3.8,-3.0,3.0,1.9,13.7,0.7,-2.5,-3.8,0.9,-0.3,-5.7,-0.8,3.8,5.2,-7.5,1.4,17.2,-12.6,-1.4,-2.5,1.2,-2.6,-1.7,-8.2,-2.9,1.0,16.0,-5.3,1.8,-2.7,0.0,4.3,2.3,7.0,2.4,2.0,-9.7,-7.1,-3.0,6.9,11.1,-4.4,3.7,-5.0,-6.8,1.9,-2.2,2.9,3.0,2.1,-8.6,6.5,-3.8,3.8,-6.9,-5.8,8.1,-13.0,0.2,4.1,-0.5,4.0,4.7,-3.7,-3.6,10.4,9.0,1.4,7.5,-10.7,-5.9,-3.1,10.1,4.8,-2.3,11.0,-0.8,-5.2,9.8,-6.3,-12.7,-0.6,3.4,5.8,-0.9,3.0,-5.8,-2.4,-5.8,8.6,3.0,2.7,1.1,-1.3,5.4,-1.6,-7.8,1.6,1.7,2.6,-3.8
2017-03-23,7.4,0.2,-2.9,-1.2,1.1,2.9,1.0,-5.2,-6.2,-1.7,6.2,-2.5,-0.3,-1.5,1.1,0.9,6.7,8.4,6.4,-4.2,4.7,2.1,1.5,2.3,3.7,-3.5,-2.4,-2.7,-6.8,1.2,3.2,-2.8,3.0,3.8,-3.1,-3.4,-6.9,-3.6,1.2,-2.9,-1.0,5.0,-7.4,2.6,-2.9,-0.5,-1.3,1.5,2.4,-0.6,-2.3,2.8,-1.6,1.8,-11.2,4.2,0.2,0.2,5.6,-1.7,-4.7,-0.6,2.5,3.4,2.8,9.2,0.9,5.9,-3.0,0.9,-4.8,-1.3,0.0,-2.4,2.5,1.5,-0.7,-0.6,-7.3,4.2,8.3,1.9,2.8,5.1,1.5,0.5,4.9,-2.6,0.9,-3.2,-1.4,-1.0,5.4,-0.9,0.4,1.3,-5.3,1.4,0.5,1.8,-2.5,1.5,1.7,3.3,-1.5,1.5,-8.1,4.0,2.7,1.2,3.2,-5.3,6.5,-0.8,-3.6,5.3,-1.9,4.9,1.2,-0.4,2.0,0.0,3.6,-0.8,0.2,1.9,5.1,3.9,10.4,2.1,-1.0,-1.8,-4.1,0.0,-2.0,-1.2,7.2,-4.3,1.5,-3.3,4.5,2.7,-5.2,-5.8,-4.3,-4.0,1.5,3.8,-6.5,-3.0,-0.3,-1.9,13.1,-3.2,0.9,-0.7,6.3,1.6,-4.7,2.8,-0.3,-0.1,2.4,0.8,2.4,7.0,3.8,-5.2,-1.6,3.9,-9.8,2.8,0.2,-4.7,-0.6,1.0,-3.4,-4.6,-0.4,-0.3,-12.0,-1.9,2.7,-6.7,-3.3,1.9,-0.3,4.9,2.3,-8.3,-2.3,3.0,0.0,-5.8,-1.8,-0.2,-2.6,-0.9,-2.1,0.3,1.9,1.6,2.8,-1.0,-1.9,5.1,1.2,4.2,-6.4,-0.8,0.5,0.3,-2.2,-1.4,-2.7,-7.5,-3.3,-0.9,-2.1,-0.4,6.7,-0.8,1.7,10.5,0.8,0.5,-5.1,-9.0,-2.4,-4.9,-0.4,1.3,-2.2,-3.8,-3.8,3.2,0.7,3.0,5.4,-7.5,-8.3,1.4,1.9,-0.5,1.6,-2.4,-8.4,3.6,1.8,0.2,-1.6,7.1,-0.2,2.6,2.9,-8.9,1.9,-2.4,4.0,0.2,0.9,4.7,-0.4,-0.5,3.7,3.6,4.1,4.6,1.0,2.2,3.0,-1.3,-0.4,-0.3,2.6,-0.2,-8.4,1.4,3.0,4.8,0.8,-5.0,6.5,1.0,-0.2,4.2,0.8,3.1,4.0,-3.0,0.6,1.7,3.9,-1.9,-2.9,1.1,-0.4,3.6,4.4,3.3,-1.9,-1.2,1.4,2.3,9.6,-1.2,1.0,5.1,2.0,2.9,7.5,9.8,3.1,7.7,1.3,6.5,5.8,1.8,-0.3,-4.7,-0.5,0.1,-4.5,-2.0,2.1,6.6,1.3,5.5,2.5,3.0,5.0,3.2,6.0,4.3,4.1,10.4,-2.9,-3.3,-7.6,14.1,-1.6,-1.1,6.1,2.3,3.9,0.6,-8.2,2.8,1.8,-6.3,9.9,-4.9,7.8,-11.1,-2.0,9.1,4.9,-14.9,4.6,-1.3,3.4,-3.3,0.6,-0.1,12.9,5.8,-0.7,11.0,-4.2,-1.7,-13.8,6.7,5.0,-0.8,14.3,-0.4,-12.9,16.3,-3.4,-2.4,4.3,8.9,8.9,2.1,4.4,2.3,-3.7,-0.7,-9.4,4.8,3.0,-0.2,3.0,14.1,-1.9,-2.8,4.2,-8.2,1.4,0.6
2017-03-29,4.6,0.2,3.4,-0.7,-4.0,4.3,0.8,2.2,-6.3,-19.5,7.9,-3.2,0.5,-0.5,-0.8,-2.4,4.6,8.5,1.5,-3.6,2.1,5.1,4.0,0.3,2.8,-6.5,-7.5,-4.2,-8.3,-1.7,0.2,3.0,-1.3,3.5,-5.1,-3.6,-0.1,-7.0,-4.2,-0.3,8.9,3.3,2.3,3.7,-3.4,0.3,-14.0,2.1,4.1,-2.3,-7.2,0.9,-1.7,1.3,-2.2,0.1,-4.7,-5.9,0.5,2.0,-5.2,-0.2,3.4,4.5,1.6,-10.3,3.6,6.7,1.0,0.5,-4.4,0.1,-3.5,-0.9,4.5,1.7,4.6,4.5,-3.7,3.9,-3.7,9.7,-0.7,1.1,1.2,2.5,10.5,-0.1,-2.1,-3.1,-1.4,-2.4,2.5,-0.1,0.7,1.0,-1.9,-5.9,-2.7,3.3,-4.5,3.5,2.8,7.1,-2.1,2.8,-5.0,4.0,0.7,-1.0,-3.4,-11.1,8.6,-2.9,-1.0,6.9,1.2,5.9,3.9,-4.5,1.2,0.3,-3.0,-1.0,-0.8,2.8,3.0,1.9,4.4,-1.9,-0.7,-2.5,-2.3,1.1,-6.7,0.7,6.7,0.9,1.0,-4.7,5.5,5.2,-1.9,-1.6,2.2,0.6,0.6,5.1,-1.8,-7.5,-0.5,-3.5,12.9,-4.3,-0.3,-2.5,3.3,4.2,2.1,2.6,4.9,-5.4,0.8,3.5,-3.6,-7.5,0.3,-3.2,-1.5,3.0,-8.8,0.3,-1.7,-3.2,0.4,1.5,0.9,-1.7,3.3,-6.3,-0.1,-3.0,3.8,-5.5,-5.2,2.6,-5.5,1.6,-0.6,-4.2,-0.5,2.3,7.3,-4.3,2.0,-1.3,-1.8,11.2,-0.1,-3.1,-0.1,-6.4,1.0,5.2,3.9,3.4,6.3,4.8,3.0,4.1,3.0,-0.3,-4.2,1.5,-1.2,2.2,-8.0,0.9,-0.4,2.9,5.5,-0.9,3.0,6.4,0.4,-3.1,-8.1,-8.2,-9.0,-6.5,-0.5,7.1,0.7,-7.4,-4.8,-8.4,1.5,3.8,13.6,-3.3,0.2,2.6,0.3,-0.1,3.0,-0.2,3.9,8.3,4.5,2.7,3.7,-10.4,-1.2,2.5,2.1,0.2,-0.9,1.4,2.6,4.5,1.4,3.7,2.9,0.5,2.4,-2.8,1.8,1.3,0.8,-5.0,3.2,-1.9,-2.2,-2.5,3.6,-11.6,-7.2,0.7,1.7,11.0,1.0,-4.4,3.2,0.2,3.0,2.1,0.1,3.7,3.8,-6.0,0.4,5.7,2.8,-8.1,-2.9,-5.7,0.3,3.6,4.0,8.7,0.4,1.7,2.0,9.5,9.3,-3.5,-0.0,1.6,1.2,2.3,9.1,6.3,2.8,5.6,2.6,18.8,1.3,-3.3,-3.0,-1.8,-3.0,-2.5,-10.1,-0.7,0.5,8.9,-8.6,0.2,11.2,3.3,5.9,2.5,5.9,2.1,2.4,-3.7,-6.3,-0.4,7.6,8.7,-10.9,11.2,2.0,2.9,3.9,-4.6,-1.5,3.2,0.9,-8.8,3.9,-1.0,7.0,-4.1,-5.6,8.9,-6.5,-3.6,0.5,-2.1,3.9,3.5,-5.4,-4.0,11.9,12.2,1.1,8.1,-9.6,-5.7,-5.1,1.3,3.6,-2.0,7.2,1.0,-0.3,12.6,-5.2,-5.6,0.8,2.5,5.7,1.6,3.3,-1.6,-5.0,-2.4,11.9,2.1,0.5,-0.9,-1.8,5.1,-0.0,1.3,1.9,6.2,0.4,-1.7
2017-04-04,6.8,0.1,-3.1,-0.7,2.4,3.8,1.6,-3.3,-0.5,-3.7,9.4,-1.7,-2.7,-0.3,0.9,-4.4,-6.6,10.7,-0.4,6.7,-2.7,1.4,2.7,2.2,1.0,-0.1,-4.6,-1.4,-5.4,0.9,-2.3,-2.3,3.4,8.5,-5.3,-2.5,-5.9,-1.8,-0.7,-1.8,-12.1,3.7,1.4,2.3,-2.2,-0.0,-3.3,-1.6,0.3,-0.9,-3.3,1.0,-0.6,-2.1,0.0,-2.7,11.6,-1.4,0.7,1.8,-5.7,-1.1,3.4,1.2,7.8,-0.5,-1.7,0.3,-0.3,1.3,-4.3,-1.8,-2.6,-0.3,-1.5,0.7,-1.0,-0.4,-3.5,4.6,7.1,3.9,3.1,2.0,1.4,1.0,-0.1,10.3,-2.7,-3.9,-3.9,-1.3,4.4,-2.5,3.1,9.9,-4.6,-2.6,-3.1,-0.8,-2.5,-0.7,4.1,1.5,-2.5,8.1,-8.1,2.7,3.6,-0.4,-0.8,-0.8,7.5,-3.6,-0.2,4.9,-3.1,3.2,9.5,-5.5,-1.9,-3.9,-4.3,-1.0,0.5,2.8,6.2,6.3,8.4,-3.4,-5.4,-1.9,-3.7,0.5,-6.9,0.9,5.4,1.3,-2.6,-2.1,2.6,0.2,-4.8,-1.8,-1.1,-5.1,-3.9,4.5,-1.4,-6.7,-1.8,-3.8,5.2,0.1,-4.4,2.8,2.0,3.9,-3.8,2.9,-3.6,-1.7,-9.9,-3.8,-10.4,8.5,-1.1,-2.5,-0.1,7.7,1.5,-2.7,1.2,-5.0,0.3,0.6,-3.4,-2.7,0.6,0.7,-1.4,-1.8,1.8,-1.8,-1.6,1.1,-2.1,2.7,1.2,-7.3,-4.5,5.7,-5.8,-5.5,2.8,-6.6,-0.7,0.8,0.9,0.3,0.5,-3.0,0.5,11.4,2.3,3.4,1.5,1.9,-4.6,4.4,0.9,3.2,-1.8,0.1,-1.4,-3.6,-3.2,0.3,-3.4,1.5,4.7,0.9,3.2,12.5,2.9,2.9,-2.5,-6.9,-0.3,-1.7,-1.6,-9.2,-7.8,-4.3,-1.4,-2.3,2.7,3.5,0.8,-5.1,-1.2,2.3,2.3,0.1,-0.9,1.4,1.9,5.0,11.5,-1.4,-2.9,5.0,-0.7,1.0,1.8,-8.2,2.1,-2.3,-3.1,2.3,2.9,3.7,-1.9,-2.8,2.2,0.4,3.4,3.1,3.1,6.9,1.3,-2.9,-9.3,-2.2,3.3,-0.4,-1.6,6.9,1.5,9.4,1.0,-5.1,-1.7,-3.9,0.2,5.5,-0.2,2.0,1.5,-5.1,0.4,1.8,-0.8,-3.3,-4.9,0.7,-3.4,6.3,6.0,10.3,2.8,0.4,3.2,7.6,9.1,-2.9,1.3,3.6,-1.2,-4.9,6.9,4.8,3.7,1.6,1.7,11.2,-11.9,-2.1,-1.4,-6.6,-1.7,-1.7,-4.1,-5.3,0.0,8.3,0.8,0.9,4.2,3.0,7.0,4.6,8.4,5.1,3.1,-10.6,-3.4,-6.7,-9.5,9.4,1.1,-1.3,0.8,6.0,5.4,-0.1,-11.1,1.6,1.6,-9.6,6.1,-4.7,6.9,-6.9,-0.8,4.4,-1.0,3.1,3.8,-0.1,2.7,5.6,-0.6,-2.1,14.2,11.3,1.0,5.7,-3.9,-3.6,-17.6,3.3,1.0,0.8,8.6,0.1,-2.7,11.9,-7.6,-10.2,2.6,4.6,4.0,-0.6,1.3,-2.2,-4.3,-3.1,5.7,6.4,2.9,-0.8,1.2,3.2,-1.0,2.7,3.8,-7.2,0.3,-1.9
2017-04-10,1.8,0.0,3.7,0.8,-7.1,3.2,3.9,2.3,0.0,-3.0,5.5,-0.4,2.7,-0.6,2.1,0.7,2.0,14.0,2.7,-8.2,0.7,7.6,5.2,3.6,0.4,3.0,-1.2,5.5,6.2,-2.0,-0.4,-4.1,4.9,2.5,1.5,-1.0,-3.7,1.2,-3.4,0.6,-3.1,8.4,0.9,1.0,-0.8,-0.0,-0.9,-2.2,3.1,0.5,-2.9,7.5,-0.5,1.8,-4.4,-0.8,-1.8,1.4,1.9,0.5,-5.5,-0.9,5.7,1.0,-1.4,1.2,5.1,7.7,-0.2,0.8,-2.4,0.0,-1.2,0.1,11.9,1.8,3.7,1.1,-8.0,3.3,6.7,2.0,2.0,4.6,0.7,4.0,13.3,11.8,0.2,-2.7,-3.1,0.9,5.1,0.2,2.1,4.5,-2.6,-0.4,1.1,2.9,-4.2,-2.7,1.7,-1.0,-0.6,3.8,-9.8,0.1,2.9,0.8,0.1,7.3,7.2,-3.4,-1.2,8.3,-0.5,5.4,5.8,-4.7,4.3,1.1,0.7,-3.4,2.4,5.3,4.4,8.8,-1.4,-1.0,-2.1,-5.6,1.1,3.9,-6.8,-4.8,10.4,2.5,1.9,0.4,4.2,3.4,-3.6,-1.6,0.2,-6.3,2.4,7.3,-2.2,-3.9,-4.5,-1.6,9.8,2.9,0.4,1.1,11.4,-3.4,-2.0,1.9,-8.4,-4.9,4.0,-1.9,-4.8,-9.6,0.4,-6.1,0.1,3.8,-0.3,1.7,3.3,-2.1,2.0,0.5,-2.9,-2.1,3.5,-0.5,4.5,-8.7,-0.2,-2.7,-2.9,2.4,-0.6,6.8,0.1,-7.9,-4.0,6.8,-0.2,-6.7,4.6,1.6,5.6,2.0,-0.3,2.2,-0.3,-2.5,-1.4,-0.1,1.1,3.3,3.4,4.8,-2.0,4.7,2.0,3.5,-1.8,-0.9,-0.9,2.4,-1.0,-2.3,-1.5,4.4,7.5,-1.2,2.7,13.0,2.4,0.5,-7.7,-6.5,-4.0,-1.9,-3.8,-3.8,-2.0,-2.6,0.8,1.9,2.7,7.1,12.8,-2.2,4.9,-1.4,5.8,0.3,6.6,5.8,6.4,4.1,8.9,-2.8,-6.4,2.9,0.7,0.2,2.5,7.4,-0.9,9.8,2.5,4.8,2.7,6.9,-5.5,-3.1,3.8,3.6,5.7,5.2,2.5,5.0,3.7,-3.1,-4.9,-2.3,4.3,-0.6,10.3,7.3,4.5,12.2,2.5,-6.0,4.5,1.2,-1.1,1.4,1.0,2.8,1.9,-2.9,3.7,-2.1,6.2,-2.5,-2.2,1.2,1.2,6.2,7.5,7.3,8.9,6.5,4.9,9.0,10.7,-3.2,0.3,0.4,4.3,-0.6,5.8,6.5,0.3,0.4,4.0,9.7,12.6,-3.6,-1.6,-5.9,-3.4,-1.2,-1.0,-1.1,0.0,3.3,-3.3,3.7,1.7,4.7,10.1,8.5,8.5,5.0,3.6,-9.9,0.5,-8.4,-4.8,12.9,-2.0,8.4,6.5,6.8,6.7,-3.8,-6.0,1.3,6.8,-8.4,5.3,-1.0,8.5,-3.3,0.2,10.7,0.9,1.4,3.8,0.1,5.0,5.6,-7.4,-1.7,13.9,12.3,2.8,10.0,-3.4,-0.7,-5.9,-0.9,3.9,2.4,3.0,-0.6,4.4,17.5,-0.8,-5.3,-1.9,3.0,2.5,7.5,4.0,-2.4,-3.5,0.4,6.5,4.5,3.5,0.9,3.6,4.9,-0.4,1.4,3.6,2.6,2.1,-1.0
2017-04-16,-7.0,2.8,-4.4,3.3,-11.1,3.4,0.0,8.0,9.2,-3.3,7.8,-6.3,-1.9,-0.6,0.6,2.8,9.2,9.9,-1.8,-1.2,-6.2,-4.3,2.8,1.0,0.1,-3.0,-12.5,-1.5,1.1,-5.7,-6.7,3.6,5.1,1.9,-2.9,-7.2,-5.4,-2.5,-6.8,-12.6,-6.0,1.3,-9.6,-5.6,-5.9,-9.8,-3.3,-3.7,-3.0,-3.2,-1.1,-0.5,-3.0,-3.9,-8.8,-4.6,-11.7,-4.3,-0.8,-3.7,-4.1,1.4,3.9,-1.0,-0.7,-6.1,1.7,8.6,-1.7,-3.3,-4.0,-2.7,-3.0,-3.1,-7.6,-1.4,-1.8,-1.1,-6.6,1.1,12.3,0.0,-1.1,0.6,-0.5,1.7,10.2,4.4,3.3,-5.1,-5.3,-3.7,4.8,-5.4,-2.7,-5.5,-9.9,-6.1,-2.0,1.5,-0.5,-3.8,2.3,-0.8,-5.0,-1.3,-9.9,1.6,0.5,-2.0,-3.2,5.8,1.6,-2.4,-1.4,11.4,-14.5,1.0,4.3,7.2,-4.1,-4.2,1.9,-4.3,-0.7,3.4,0.2,2.2,-7.0,-2.6,-1.9,-7.8,-11.3,-8.4,-2.7,-5.4,5.8,-4.2,-2.0,-2.2,3.1,2.9,-4.4,-5.7,-7.6,-1.8,1.9,3.6,-2.3,-2.4,-5.3,-13.2,3.2,-10.4,-3.3,-4.1,1.6,-0.6,-6.1,1.3,-7.1,1.0,3.5,-5.0,-5.9,5.5,-4.1,-1.7,-4.9,-1.3,-7.1,-0.7,1.4,-4.8,-3.1,-3.9,-6.4,-4.0,-5.6,-6.4,-8.7,-1.7,-3.4,-1.4,-1.2,-0.4,-8.2,-0.5,1.5,-13.9,-7.2,4.8,4.7,-8.7,1.6,10.1,5.1,1.4,0.6,-2.1,-2.6,-6.8,2.4,-1.9,2.4,1.4,0.4,2.8,-4.3,3.1,-9.1,7.9,-3.3,1.1,-4.4,-3.0,-6.1,-4.0,-3.8,0.5,3.4,-0.6,1.5,17.4,0.3,2.3,-13.1,-10.5,-12.2,-3.2,-8.1,-6.6,-1.6,-8.3,-2.3,-4.4,-0.5,7.0,6.5,1.6,-1.9,4.1,3.0,-1.2,-2.6,-0.7,-1.8,-0.0,2.0,-1.0,-0.8,4.8,-2.0,-0.9,9.2,-4.3,-0.8,0.6,13.6,3.7,-2.7,2.5,-2.3,-2.5,-2.7,1.2,2.9,1.0,-0.2,2.4,2.6,-6.8,-8.8,1.7,1.8,-9.0,-2.8,2.2,-5.2,0.3,-0.9,0.6,1.6,-2.5,-4.6,0.1,-6.1,1.8,0.5,-7.4,0.9,-1.5,2.5,0.6,-7.8,9.1,-6.0,-4.7,-0.3,-7.8,-0.9,-2.9,-2.9,-4.9,6.6,-5.3,-3.4,1.8,-1.6,-4.1,2.9,0.8,1.2,-3.5,1.6,10.5,6.5,-5.7,-3.5,-2.5,-3.8,-2.7,-8.9,-4.2,6.9,8.3,-3.0,-2.3,0.5,-3.7,1.4,-0.6,4.9,2.8,0.2,-15.5,-2.0,-6.7,6.5,9.8,0.3,3.9,5.3,-7.5,-0.3,-0.2,-13.9,-0.1,-5.3,-8.4,1.9,0.7,6.3,-8.3,-7.0,6.5,-7.0,-4.7,-0.1,-1.9,2.9,4.9,-12.5,-2.4,11.4,11.8,2.1,5.4,-10.9,-5.4,-0.1,-0.9,4.4,-5.0,12.8,0.0,-1.1,9.2,-6.6,-5.2,-3.6,3.5,2.4,3.1,4.3,-4.1,-0.8,-1.7,0.9,0.2,-2.2,-1.5,3.5,-1.1,-3.5,-7.0,-2.5,0.9,-1.2,-5.5
2017-04-22,7.1,1.4,-8.2,0.4,-12.3,1.4,2.6,-2.4,-2.2,-7.2,9.0,-4.2,0.9,-1.4,2.8,8.5,0.3,9.1,1.7,-2.3,-2.1,2.3,2.9,-5.2,-1.5,-2.7,-6.1,-4.0,-2.3,-1.9,-2.5,-1.4,3.7,-0.9,-2.0,-2.3,-4.0,-4.4,-4.6,-0.9,-12.7,5.0,-3.5,-5.2,-4.9,-4.0,-4.0,-4.1,-0.1,-3.0,0.2,3.0,-0.1,-2.6,-4.6,2.9,-1.1,-4.2,-5.6,-3.3,-1.4,-0.3,4.8,5.5,0.2,-5.9,4.0,-7.2,1.3,0.4,-3.5,-0.1,-2.8,-1.3,0.6,-0.7,2.2,0.3,-3.8,5.0,-10.6,-1.1,1.7,4.7,1.4,3.8,11.8,-6.5,1.4,-3.7,-2.7,-1.0,4.3,-4.3,-3.1,2.2,-5.9,-1.4,0.2,-0.7,1.4,-2.9,-5.8,-1.7,-3.1,1.7,6.8,1.5,3.1,-1.5,-3.0,1.4,2.7,-0.3,-3.1,1.1,-12.9,5.8,-0.7,-3.8,-2.7,-2.5,-3.9,-1.4,0.5,2.9,-2.5,2.6,8.8,-2.2,-0.2,-3.0,-5.2,-0.2,-5.9,-5.0,1.6,-3.3,-1.5,-3.4,2.5,4.0,-4.6,-6.5,6.3,0.5,3.5,1.6,-6.3,8.1,-4.6,-9.2,1.7,-12.0,-1.7,0.8,-0.2,-4.3,-7.5,2.9,-13.9,-4.3,2.7,-2.7,-7.3,-4.8,1.0,-8.4,-2.8,7.5,-6.9,1.3,0.1,-4.0,-0.7,-0.6,-6.1,-4.2,-6.7,-12.9,-4.5,-7.7,-3.5,-2.6,-2.2,-2.1,-3.7,2.5,-3.5,-8.6,-7.1,3.7,4.2,-3.0,1.5,0.2,-0.1,0.8,0.6,-1.2,-5.0,-7.5,-4.1,0.9,2.4,5.1,2.5,1.7,2.1,6.0,-1.1,1.6,-2.6,5.4,-0.3,-0.6,-2.9,-1.9,0.2,0.5,6.2,1.2,-0.7,8.0,1.2,2.7,-5.6,-7.2,-1.5,-4.7,-7.3,-1.8,-1.2,0.0,-2.0,1.3,1.2,5.9,9.5,0.6,1.5,1.8,3.3,0.6,-0.9,2.6,3.0,4.4,5.1,-1.8,-16.3,0.7,0.3,1.0,6.7,-1.3,1.3,0.6,3.0,3.3,-2.6,3.6,-10.5,-4.2,0.3,-0.4,2.9,4.5,-0.8,3.4,-1.8,-0.5,-5.0,-9.7,2.9,-3.6,2.8,-4.9,-5.5,4.6,-0.7,5.8,4.1,-2.7,-5.9,1.8,-1.9,-0.7,-0.8,-9.2,2.3,-0.1,5.3,-5.5,-5.1,-0.7,-1.0,-1.8,-0.1,1.0,-4.5,-4.3,-1.3,-5.7,4.4,-3.5,-2.3,-1.9,1.3,-7.0,-1.3,2.9,4.1,-3.0,-0.3,2.6,-11.8,-2.1,-3.0,-7.5,-3.1,-2.9,-6.5,-2.2,-8.8,-3.9,-2.3,-1.9,0.6,1.4,4.4,5.2,7.3,4.1,2.0,-14.5,-4.9,-9.8,-10.8,9.4,7.3,7.2,2.7,-8.7,0.2,-0.5,5.1,1.7,-6.1,-10.2,1.5,-6.2,7.7,-7.8,-9.5,7.7,-3.8,-1.5,3.4,-1.4,1.5,-3.4,-7.6,-1.2,16.2,20.4,1.9,9.0,-8.0,-1.9,-15.4,1.9,1.9,-1.4,11.3,-3.7,-1.1,10.0,-3.4,-1.7,-1.9,11.5,1.9,1.7,4.5,-7.9,-4.7,-3.7,4.4,3.3,-4.4,-2.0,0.0,1.2,-2.7,-1.0,-11.1,2.4,-3.8,-5.3
2017-04-28,8.0,-0.5,4.0,-1.7,2.8,4.6,4.4,1.2,-0.9,-4.0,9.5,-5.0,-2.5,-2.6,8.0,-3.8,4.4,9.9,0.3,-1.7,-1.0,-1.1,2.3,-1.6,-0.3,-0.8,11.8,-0.3,-0.5,0.5,-4.1,-3.7,7.3,6.8,-4.5,-3.0,-3.7,-3.4,-2.4,-3.0,-4.0,4.8,0.0,0.5,-1.4,-8.7,-7.2,-0.5,2.1,-0.7,-3.1,3.3,-0.8,1.5,2.2,4.6,-0.9,-0.2,3.5,1.6,-15.2,0.1,4.3,3.5,1.4,-1.8,-0.3,2.6,-1.3,-6.2,-3.1,0.9,-7.0,-3.4,12.9,0.4,-1.4,4.6,-4.0,5.1,-1.2,2.1,0.0,0.8,0.5,-0.3,5.2,4.5,3.8,-2.3,0.3,0.3,6.7,-4.2,-1.8,0.4,-2.2,3.1,1.3,0.8,-1.5,-2.1,0.9,-1.1,-5.1,1.0,-2.9,5.8,0.9,-0.4,-1.0,-3.8,10.5,-2.2,-3.5,7.2,-5.8,4.1,5.2,4.6,1.6,0.9,-1.1,-0.7,1.6,4.2,3.9,1.6,-1.1,1.8,9.5,-1.5,-2.9,9.0,-2.0,-2.0,10.6,0.9,0.7,-2.9,5.7,3.8,0.5,-1.9,-4.8,-4.3,8.6,7.2,-1.3,0.6,-2.7,-0.3,1.8,-0.2,1.6,0.7,7.5,2.0,-3.9,3.7,2.1,-6.6,8.7,-0.3,-3.0,11.2,0.4,-3.3,-1.2,3.9,-4.1,2.6,1.9,-1.8,-0.0,1.0,5.7,-2.5,-2.5,-1.6,-2.3,-2.8,1.7,-6.4,-5.0,1.3,-0.8,5.1,6.9,-0.9,-1.4,5.8,7.4,0.7,3.4,-0.8,1.9,1.1,-0.3,0.2,0.0,4.2,9.0,3.1,-13.3,10.0,2.4,5.7,2.9,2.4,3.6,3.7,-2.8,-10.5,0.1,-1.0,-2.6,0.5,2.6,2.4,3.9,-2.4,2.7,11.2,3.2,5.9,-4.7,-5.6,5.4,-0.3,-3.4,-1.2,3.2,-11.5,-2.2,-1.4,5.3,5.7,8.9,0.7,-2.3,1.8,2.4,2.6,-4.4,2.9,3.4,6.5,2.3,2.4,0.8,5.8,1.8,6.6,3.5,-1.1,0.5,6.0,1.6,5.9,0.9,2.6,0.5,-1.6,1.4,2.5,2.6,2.7,1.3,0.8,1.8,-0.9,-5.0,-1.5,4.1,6.6,-1.1,3.7,1.1,8.3,0.7,-11.1,3.1,2.6,2.0,5.9,0.7,2.1,1.3,-5.3,1.6,4.3,4.9,-4.2,-3.5,4.9,-2.0,4.5,2.2,3.0,2.0,1.4,2.1,9.5,7.9,-4.5,-0.8,-2.0,1.9,0.8,4.6,2.8,7.1,-6.1,4.5,7.1,8.5,-1.4,-1.0,-4.4,-1.0,-0.1,-7.8,-2.2,4.3,3.0,-3.8,4.4,-1.2,3.9,3.1,3.4,7.3,2.5,0.8,-15.3,-3.3,-5.4,3.1,10.4,-17.2,7.0,2.2,5.8,2.0,-4.4,7.3,3.8,2.1,-6.0,3.8,-7.6,6.2,-4.5,-1.5,10.5,-0.1,1.0,5.4,-1.1,3.5,-10.0,-1.0,0.2,19.1,15.3,4.2,9.6,-8.2,-4.1,-2.2,4.7,3.5,0.6,18.2,-2.6,-0.5,12.4,-4.6,-1.8,0.1,3.8,2.1,6.1,4.8,-3.7,-1.9,-0.1,10.0,6.0,-2.8,0.7,3.7,4.1,-0.4,-3.4,2.6,-0.7,-0.3,-2.7
2017-05-04,13.5,0.0,15.3,3.8,-8.4,2.7,1.7,-1.3,1.4,-6.6,3.3,-8.0,-0.4,-3.4,-3.2,-8.4,4.6,3.0,-0.3,-2.8,-2.5,-5.1,-1.6,-7.0,-4.4,-3.7,2.4,-9.8,5.0,-6.3,-4.0,-14.8,1.9,6.0,-5.5,2.2,-11.3,-9.9,-7.5,-7.8,1.7,2.4,-5.0,-4.6,-4.2,-4.6,-8.8,-10.2,2.5,-2.7,-5.4,-0.2,-4.2,5.1,-8.9,0.7,-2.3,-1.6,-1.8,-4.1,-8.9,-5.2,2.1,2.3,0.5,-5.2,2.1,5.9,-4.3,0.1,-4.2,-1.0,-7.8,-0.9,-5.6,-2.2,-1.3,-2.1,-0.2,6.7,-4.5,0.6,1.8,3.6,-0.2,0.1,3.3,5.2,-1.0,-3.8,-7.0,-4.7,-2.0,-4.0,-3.0,0.3,-6.0,-2.8,-1.9,-0.6,-1.6,-1.7,-4.1,-8.2,-5.3,-1.6,-5.1,2.9,-2.6,-1.7,-2.4,4.9,6.6,-3.9,-3.2,7.2,-6.8,4.8,5.2,4.2,-3.4,-5.4,9.9,-7.9,0.3,2.2,13.3,-0.5,-4.8,-4.6,1.2,-4.4,-4.7,-2.3,-11.1,-5.2,4.1,-2.5,-4.5,-7.3,2.1,-3.9,-3.2,-1.3,-2.8,1.5,1.8,-12.2,-8.6,-5.0,-4.6,-11.0,7.6,-13.6,-7.8,14.8,-3.4,-6.0,-2.5,-0.8,-4.7,-0.6,1.6,-3.9,-8.0,1.2,-4.0,-10.7,-8.0,-2.3,0.9,-3.6,2.1,1.3,-1.9,-3.5,-8.4,-5.0,-5.9,-7.2,-6.5,-8.0,-4.4,-2.9,-3.5,2.7,-8.7,5.3,11.2,-7.7,-6.1,3.8,8.5,-7.1,2.0,2.4,3.1,1.7,-0.2,0.6,1.4,-4.7,0.5,13.1,5.6,1.9,0.4,3.2,-2.8,5.1,13.1,4.8,-4.3,-0.8,-4.9,-1.1,-1.6,-3.8,-0.8,2.4,3.1,-2.1,-8.1,11.0,-4.3,-1.1,-3.4,-7.8,-1.9,-3.7,-7.1,-6.1,-6.7,0.0,-2.9,-2.1,6.0,4.1,6.7,-5.4,-1.8,1.2,2.2,2.7,-3.6,3.9,4.4,6.2,1.7,0.0,1.2,1.8,-3.6,1.7,1.1,5.6,-5.0,1.7,3.8,5.6,-0.2,0.6,2.0,-3.7,2.4,-2.5,1.9,1.4,3.0,-6.0,12.3,-5.9,-5.9,-0.9,0.2,1.3,-1.7,3.6,-8.1,-5.1,-0.8,-12.9,5.8,-6.6,-4.6,-0.3,-0.8,3.4,-2.9,-7.9,-1.2,-4.8,-1.5,-5.1,-3.4,-0.6,-14.2,-6.7,0.6,14.5,1.9,0.4,-1.6,-7.7,15.3,-13.9,-1.1,-1.9,-0.2,-8.8,0.3,-0.0,5.8,-9.6,-1.3,5.7,3.9,-5.3,-4.7,-3.5,-4.1,-4.2,-5.5,-7.8,4.8,-0.1,-2.7,-12.4,2.3,-2.6,3.4,4.1,5.6,2.1,-3.4,-11.4,-0.5,-4.0,-11.7,8.0,2.5,4.4,3.8,-9.0,1.6,-1.6,-9.3,-0.6,4.0,-10.5,0.9,-2.8,4.3,-20.8,-5.4,9.4,-1.1,-4.7,1.5,-3.3,0.9,2.2,-7.6,-4.0,12.4,9.6,-5.2,6.0,-8.6,-5.1,-3.0,0.2,1.0,-2.5,5.9,-7.9,-3.5,9.5,-6.7,-1.1,-4.0,2.3,1.0,-2.8,-0.4,-7.3,-7.5,-4.6,4.2,-3.4,-2.9,-4.7,-2.7,2.0,-1.9,-3.7,3.0,-7.9,-1.4,-3.8
2017-05-10,1.0,3.1,3.6,0.7,-0.7,3.1,2.3,0.3,-2.1,-1.8,8.4,-5.7,0.3,-1.3,-0.3,-5.7,9.6,9.3,2.3,-4.0,3.2,2.1,-3.0,-4.1,-2.8,-1.7,7.3,-1.3,-4.9,2.7,-2.8,1.0,2.8,1.2,0.6,-3.3,-5.3,-7.0,2.5,-1.0,-2.5,8.0,3.4,5.3,0.2,-4.1,6.8,6.6,-2.9,-1.1,-2.7,1.0,-1.4,0.8,-0.8,-4.2,7.4,-0.9,-1.2,7.9,-2.2,-0.5,5.4,6.0,4.5,-3.5,-3.0,-2.5,-1.0,-2.0,-3.1,1.1,-4.5,1.2,-12.6,1.4,4.9,1.3,-0.3,1.9,5.7,2.9,4.8,-1.6,-1.1,0.3,3.6,7.6,-0.6,-3.0,-2.0,-1.4,4.6,0.4,0.8,1.0,-8.0,-5.0,-1.8,3.3,-1.2,-0.5,3.3,10.1,-4.9,-6.1,-5.0,1.1,0.4,2.1,0.6,4.9,10.2,-3.2,-4.1,5.6,-2.3,13.1,2.0,7.0,1.1,-0.2,-1.0,-3.2,0.0,3.1,3.9,5.2,-3.6,-1.5,4.7,-5.9,0.0,3.6,-7.4,-1.7,4.2,2.4,-0.2,-2.2,2.9,0.4,-0.8,-0.5,-2.5,-1.1,6.1,0.0,-5.4,1.0,-4.2,-2.4,2.8,1.5,0.3,-2.2,6.1,4.3,-1.3,3.8,-8.5,7.6,6.2,2.6,4.2,3.3,0.7,-3.4,-1.6,1.6,-6.4,-1.0,0.9,-3.2,0.9,-0.4,-4.0,-1.9,5.9,-1.3,1.3,-3.1,0.4,-3.9,-1.1,0.2,-3.1,2.4,3.0,-2.2,-1.5,3.5,2.6,-2.0,2.3,8.2,0.8,-0.9,1.9,0.3,-1.5,-1.3,-3.2,1.7,1.4,8.2,-1.7,2.8,-3.7,2.5,10.6,1.7,-3.4,8.0,0.1,1.0,-4.0,-0.7,-0.2,-0.1,2.9,-1.0,0.7,7.9,1.0,3.3,-1.4,-5.8,-0.1,-1.1,-2.6,-1.7,2.2,-1.0,0.9,1.0,4.2,5.3,13.7,-12.5,-0.8,1.5,6.6,1.2,-0.8,5.2,2.5,2.0,-2.8,0.1,-5.4,-4.3,2.5,3.1,4.3,-2.2,-0.3,2.2,-1.0,7.1,-0.9,-4.7,-5.2,-3.6,4.4,-1.6,1.2,2.4,4.6,-1.8,-4.0,-4.9,-1.6,-1.1,2.5,0.9,-1.6,4.4,5.0,4.6,1.9,-8.8,1.5,-1.9,-3.2,4.2,3.1,-7.1,-2.9,-5.6,-1.2,2.4,6.7,2.0,-4.0,2.8,-0.8,4.6,5.9,1.9,6.8,4.5,3.3,3.2,6.5,-3.6,-2.3,-3.6,-1.8,11.1,5.7,4.6,7.2,-6.6,2.9,9.8,13.1,1.9,-1.7,-8.4,-1.7,-0.7,-1.1,-6.3,0.6,3.1,-1.5,1.2,-0.1,14.6,7.4,8.6,8.1,2.5,1.3,-14.3,0.7,-9.4,-5.7,8.2,5.7,5.1,4.3,-3.9,4.0,-2.3,-13.9,1.9,-11.5,-8.5,2.3,-0.2,7.3,-5.5,-2.1,12.6,-2.7,1.2,3.1,0.2,5.8,4.6,-5.0,-1.6,14.9,12.0,-0.4,6.2,-5.9,-0.8,-3.1,0.4,4.0,-0.9,10.4,2.3,1.4,11.1,-2.9,5.3,-0.1,8.5,4.6,0.4,4.1,0.2,-3.3,-3.5,7.4,0.1,2.5,-0.7,1.1,11.4,-0.4,1.4,-3.2,0.0,2.6,-2.5
2017-05-16,9.0,-0.6,2.1,1.6,-9.6,3.2,3.7,-2.0,-4.2,-2.5,6.7,-10.8,-0.3,-3.4,0.3,-9.8,1.9,14.3,-0.5,-7.6,-2.1,1.3,-1.9,-1.3,-1.5,-2.4,-0.8,-1.5,-0.5,-3.0,-0.9,2.3,2.5,2.2,-2.1,-4.0,-12.1,-2.2,-6.4,-1.2,-1.6,5.4,-1.6,-3.3,-1.4,-3.0,-3.4,-6.5,0.5,-1.8,-5.6,-2.0,-2.1,-2.8,-3.9,-0.7,-10.2,-0.1,1.0,-3.1,-2.6,-0.9,2.1,4.2,-4.6,-3.5,-1.5,0.5,-5.7,0.2,-4.4,-0.7,-4.7,-3.0,3.2,4.8,1.1,-0.4,-2.5,5.6,-3.4,-0.4,1.4,-1.3,-1.4,3.0,1.2,8.6,2.7,-4.0,-3.6,-1.4,6.9,-5.4,-2.6,1.2,-4.7,-1.9,0.2,1.6,-2.0,4.8,4.4,-4.7,-2.6,-2.3,-4.4,3.6,0.3,-1.2,2.8,2.4,9.2,-4.1,-8.9,3.1,-3.2,5.2,8.5,12.0,-1.1,1.0,2.0,-3.3,0.7,4.1,-1.2,7.7,4.5,-0.3,-1.5,-3.1,-2.8,2.7,-6.7,1.4,5.5,-0.3,1.4,-1.3,1.7,3.7,-0.2,-0.9,-2.0,-0.2,2.4,-1.8,-5.9,0.5,-3.9,-5.6,3.2,-1.8,3.2,10.2,7.2,0.3,-2.1,-0.2,-3.6,4.6,2.6,0.4,-3.5,-0.1,-5.4,-9.4,-5.7,-1.1,-6.4,-2.4,3.2,-0.8,1.3,-0.2,-3.1,-2.4,-2.8,-3.4,-4.9,-5.3,-2.0,-2.0,-7.0,3.5,-14.9,4.2,-2.0,-3.1,-3.3,0.8,-2.6,-4.6,6.5,-10.4,2.7,1.5,-4.9,-2.9,1.3,-5.7,-2.5,-11.4,-0.3,3.6,2.5,0.4,0.5,10.0,-4.9,1.8,-1.8,1.8,-1.1,-0.4,-2.8,-2.3,-1.0,-0.9,2.1,-2.0,-2.5,6.1,1.2,1.2,-3.6,-4.8,-4.2,-1.2,-1.6,-1.4,-1.7,-2.6,0.6,-3.4,5.2,12.2,10.0,2.4,-2.3,7.1,-5.3,2.3,2.0,5.0,1.7,8.7,10.2,4.5,5.5,-1.9,-2.0,2.3,3.4,3.0,1.4,2.3,1.4,5.9,1.5,0.1,9.2,-4.3,3.4,-0.9,2.6,1.6,1.8,0.5,-3.0,-1.3,-4.2,-2.0,2.3,-1.0,8.2,4.6,2.9,7.6,0.9,-0.6,4.6,2.6,-0.1,3.0,-1.0,-0.3,0.2,-5.9,-2.5,-1.4,3.5,-2.8,-2.1,0.7,-3.9,4.8,6.2,10.3,2.6,3.7,2.8,7.0,1.6,-7.3,-0.8,1.7,2.9,-0.0,2.9,2.6,3.8,-2.0,2.9,8.5,3.2,1.2,-2.0,-3.6,-2.3,-1.8,-2.4,-2.4,-0.6,3.1,-4.3,-2.1,0.3,3.8,7.1,13.3,10.3,3.9,0.5,-3.4,-0.1,-2.5,-10.3,11.8,-12.5,8.7,6.8,-3.2,6.6,-0.7,-9.0,-1.0,3.6,-10.4,4.6,3.7,7.0,-1.3,-7.5,7.9,-3.7,-4.0,1.9,-1.6,0.9,7.9,-6.1,-3.3,15.7,6.1,0.3,6.9,-6.0,-2.8,-15.2,1.2,-0.4,-2.7,5.9,-2.9,-0.0,11.1,-3.5,-2.4,-3.4,4.8,2.2,-1.9,2.9,-7.9,-2.9,-4.3,6.2,13.0,2.0,-0.6,0.1,7.4,2.1,-4.0,6.1,-14.5,8.6,1.4
2017-05-22,4.7,-3.2,1.8,-1.9,0.4,3.4,4.2,-1.5,-0.8,0.0,7.5,-4.4,-3.7,-2.6,3.6,5.1,-6.9,10.7,-0.5,-3.1,-1.0,0.5,2.8,5.6,2.0,0.1,1.6,-3.8,-4.2,-2.0,-1.1,-6.4,5.7,9.4,8.4,-1.5,-5.8,-5.4,-4.0,0.3,-3.3,-8.0,-1.5,-4.1,-2.0,-2.0,-6.9,-8.2,3.7,-3.2,-11.4,-2.2,-2.3,4.8,-5.5,-0.4,0.6,1.0,0.1,5.7,-4.4,-1.7,8.5,4.7,-0.2,-4.7,-1.8,3.0,-2.8,2.6,-1.7,1.6,-3.5,4.2,2.0,3.8,2.6,1.0,-4.3,1.5,-0.2,1.3,1.1,-3.0,1.2,1.9,5.9,-12.3,-10.4,-0.6,-2.6,-2.4,1.7,0.3,-14.1,1.4,-1.5,3.0,4.9,2.7,-6.8,2.8,2.0,-2.1,-0.1,-1.7,-6.4,2.7,4.9,0.6,-1.8,-10.7,8.1,-1.4,-3.3,4.9,-3.9,7.0,10.0,-3.8,-0.1,-0.7,0.4,-4.0,-0.3,2.7,6.4,9.1,-13.5,1.8,-3.2,-1.2,-2.7,1.7,-1.7,0.9,8.8,-0.8,0.1,0.1,5.8,1.8,1.0,-5.4,-2.6,-1.0,-1.5,1.5,0.8,2.3,-2.9,-5.3,12.3,-2.7,0.7,1.8,4.2,3.2,-7.2,4.7,-5.7,2.2,-0.7,2.9,-13.0,2.2,-3.5,-1.5,-2.3,2.5,-3.6,0.6,3.4,-0.8,1.5,2.4,2.3,-1.3,-14.0,1.0,-0.4,0.6,3.0,-1.6,-4.0,3.0,-1.7,3.3,4.7,-2.4,-2.0,3.2,-1.0,-7.3,14.2,-10.0,2.0,-1.3,-2.0,2.9,1.5,-16.0,3.2,4.5,-2.5,6.5,3.9,5.0,-11.8,-11.2,-3.4,1.5,-2.7,0.7,-0.9,-0.7,2.5,10.5,7.8,1.0,3.7,0.6,-0.9,5.7,2.6,3.4,-4.8,-7.8,0.3,-2.2,5.5,-0.5,-1.0,-1.2,-0.2,-1.3,-4.2,1.5,10.1,-6.5,1.4,1.2,2.7,-3.5,-3.8,2.1,-3.1,9.8,9.5,1.9,-2.2,-10.7,-2.1,-1.0,3.2,-0.8,-3.4,7.4,3.2,5.1,5.7,7.2,1.8,-3.7,5.2,0.6,5.0,3.1,-0.4,3.1,0.4,1.2,-3.7,5.0,2.3,-4.5,7.0,5.1,2.4,9.1,2.0,0.9,4.4,2.8,3.1,4.8,-0.8,2.3,4.4,-5.7,1.9,0.0,8.4,-2.2,-6.1,1.5,2.9,3.0,7.9,6.7,6.2,3.1,4.5,5.6,9.4,-4.2,3.6,4.8,2.7,1.5,5.9,2.5,5.5,8.2,3.8,7.9,5.9,-0.4,-2.3,-6.5,0.6,-0.8,-0.5,-1.4,-1.2,2.1,-7.4,1.2,5.5,1.9,10.3,10.4,10.2,4.2,0.2,-11.8,-1.9,-1.7,-7.8,8.5,-3.0,7.6,1.1,8.8,7.9,0.5,-7.4,-0.2,4.8,-9.8,11.5,-1.1,8.1,-13.8,-2.6,4.4,-0.9,1.0,3.5,1.7,-4.8,4.2,-3.4,-4.5,17.8,8.4,1.4,7.0,-4.3,-0.6,-3.5,2.0,-1.9,-3.0,4.5,-1.3,0.4,15.1,-2.7,-9.5,-4.9,6.3,1.5,7.8,4.5,-3.1,-13.0,-9.0,9.2,1.5,7.9,2.0,3.7,13.7,-0.5,1.6,4.7,2.4,4.7,1.1
2017-05-28,7.4,-1.1,5.0,-0.0,-0.2,4.2,6.1,0.4,-0.5,2.1,9.5,-4.7,0.2,-0.8,5.4,-0.0,-2.5,-3.5,1.3,-4.8,2.2,5.9,2.5,2.7,3.1,-0.4,-2.5,-0.9,0.2,-4.3,1.5,-0.3,5.8,2.6,3.9,-2.8,-7.0,3.8,-6.3,-0.2,-5.7,8.4,-0.6,7.5,0.4,0.9,3.8,-3.2,4.4,-0.1,-1.9,4.6,-1.4,-2.4,-1.3,6.1,9.6,-0.4,2.2,1.1,-5.5,-2.7,2.2,0.3,3.3,-1.9,0.6,1.6,-2.1,-2.0,-2.9,-0.6,-3.1,5.3,4.1,5.3,5.6,-1.3,-4.0,6.7,2.3,1.7,0.2,-1.2,-0.3,11.3,6.8,6.0,4.8,-2.9,-0.7,-0.8,3.8,3.6,4.3,4.9,-3.1,-0.6,2.1,4.1,-1.1,0.8,5.6,-6.6,-0.1,5.2,-6.0,5.0,0.4,-0.8,0.2,4.0,9.4,-3.9,-2.9,8.0,0.0,8.4,-1.0,-7.2,3.6,1.8,0.3,-0.8,-0.3,3.2,8.9,10.1,-7.8,7.9,2.6,1.6,-1.0,1.1,-11.4,4.0,9.3,2.3,2.3,-1.4,0.9,5.1,-0.8,2.4,1.4,0.9,5.6,4.8,0.6,0.7,-0.6,-3.8,11.5,-0.1,3.3,5.9,11.5,-4.4,3.7,4.6,-4.9,4.6,5.1,-2.3,-1.4,6.1,1.6,-3.6,-3.1,-8.8,-1.6,2.0,5.7,1.0,2.8,1.8,-7.8,1.4,-3.4,-2.2,1.1,-2.4,-6.0,-0.0,0.4,5.5,5.2,16.8,-3.9,-2.4,-1.3,7.5,-12.2,-5.1,8.6,-7.0,4.0,1.8,3.7,1.0,4.3,-10.3,-2.1,0.2,5.9,5.5,-4.5,4.1,2.1,7.4,0.2,2.6,-0.7,0.3,1.0,-1.0,-1.2,-1.6,-2.3,3.2,5.5,1.4,1.0,6.5,2.6,0.3,-4.0,-3.6,-3.8,-2.6,-2.0,-3.1,0.6,-1.4,0.4,-7.2,6.0,4.3,7.3,-1.3,2.0,2.9,5.2,1.8,-1.1,11.2,1.3,10.2,10.4,-0.3,-0.4,-6.5,-0.4,1.1,-0.2,5.7,-12.0,2.2,6.3,7.7,6.0,6.6,3.2,-2.6,5.7,-0.6,7.7,7.4,1.4,5.9,1.8,-2.4,-5.0,-4.5,1.3,1.6,5.8,10.5,8.0,16.1,3.8,1.3,7.3,2.9,2.1,1.8,-0.4,2.9,2.8,-6.3,1.1,-3.5,5.3,-2.7,-0.5,3.9,0.6,9.0,10.2,8.8,5.2,11.2,6.9,10.9,7.2,-3.5,3.6,5.7,4.7,2.8,5.4,0.7,2.3,2.3,2.8,5.8,11.8,-0.1,-2.4,-0.6,-1.7,-0.5,-0.5,-2.7,0.9,0.7,10.2,-0.8,3.5,8.4,10.9,9.6,10.6,2.6,-1.0,9.3,0.1,-2.4,-7.2,11.4,-0.2,5.6,3.1,10.4,5.6,3.2,2.6,0.4,0.7,-10.7,3.1,-0.5,7.7,-9.8,-7.1,8.6,-0.8,0.9,2.5,2.6,-7.3,4.4,-12.1,-2.0,10.6,9.4,1.3,8.1,-4.3,-0.2,-5.7,3.8,-2.4,-5.1,9.4,-10.3,12.5,15.4,-2.5,-2.0,-3.8,2.7,1.1,7.6,14.3,-10.1,1.6,-3.9,8.0,7.7,7.3,-1.0,-1.6,8.3,-2.1,1.9,3.6,-1.3,-1.1,-3.8
2017-06-03,0.5,3.1,5.4,-1.5,0.3,1.6,4.4,1.6,-3.8,-3.7,8.6,-2.8,3.2,-3.0,2.3,-1.9,-7.0,11.1,3.1,-3.0,-3.2,6.0,0.4,1.3,1.1,1.1,-1.6,-3.0,-4.0,-7.2,-1.0,10.7,10.0,3.1,-0.7,1.2,-6.7,6.6,-10.2,0.5,-4.7,7.3,-5.0,-1.4,1.7,-3.9,8.0,-1.8,2.0,-1.7,4.2,3.6,-4.9,0.5,-2.6,1.3,1.3,-0.4,-0.6,3.9,-2.0,-3.2,-0.6,-2.6,-2.6,-4.8,-4.8,-4.5,-3.2,-1.4,-5.5,-2.5,-3.5,0.6,0.1,-0.1,3.2,-2.0,-7.2,6.8,0.4,2.4,3.6,-3.3,-2.6,-3.1,-0.7,3.1,1.8,-3.4,-3.3,-2.3,4.7,-0.8,-3.9,4.2,1.1,-4.6,-1.3,4.4,-10.7,-5.2,3.6,-0.6,-0.1,-1.0,-6.6,0.1,-5.0,-3.5,-3.6,1.1,4.5,-8.9,-8.4,1.5,-5.3,9.0,-4.1,7.2,-3.4,-0.2,7.4,-3.7,-1.6,3.5,0.7,9.0,8.5,-11.3,0.8,-1.8,-5.7,-4.8,-10.2,-3.3,2.9,-1.0,-1.7,-2.7,-0.5,-6.7,-4.5,-2.4,-2.2,-1.6,4.1,1.9,-2.0,-0.3,-2.4,-3.8,6.1,-1.8,-4.7,3.9,7.1,2.8,-4.0,4.8,-6.1,2.3,4.4,1.2,1.5,-4.0,-3.5,-3.1,-3.5,1.6,-7.0,1.4,1.4,0.7,-1.6,0.4,-4.0,-1.1,2.3,-2.8,-2.5,1.3,-0.2,-4.2,-7.6,-1.0,-10.9,-0.9,-3.2,-3.4,-5.9,-0.6,-0.7,-1.8,-8.2,-8.7,3.9,-2.2,-0.7,1.5,-4.7,-13.3,-6.1,-0.2,2.5,5.9,-3.5,1.8,-1.3,16.1,-4.9,2.9,-3.1,-2.8,-2.6,-1.6,-1.0,-2.9,-1.1,-1.2,0.1,-1.1,-1.0,6.5,1.2,0.7,5.5,-9.1,-5.8,-4.8,-0.2,8.6,-2.8,-5.1,-1.2,8.5,3.6,1.4,8.5,3.3,-6.1,0.5,0.2,0.1,3.1,3.8,1.1,8.9,9.0,-1.3,-1.1,-8.7,-4.0,0.5,3.2,-5.5,-5.3,-1.6,6.1,4.7,0.4,4.9,1.0,-3.4,0.5,-3.7,0.2,7.4,1.5,3.8,-0.1,-2.7,-4.3,-7.6,-1.0,-1.5,6.7,0.8,6.8,9.2,-0.2,-4.3,0.5,1.3,-0.6,2.5,1.0,0.7,0.6,-7.9,-2.8,-6.0,1.3,-3.7,-6.1,1.1,-3.0,10.2,10.6,6.7,1.5,2.7,4.1,3.7,3.6,6.7,1.5,2.6,-0.3,-0.2,4.8,2.6,-1.4,-0.5,0.9,5.3,8.7,3.1,-3.7,-6.0,-2.3,-2.5,-1.8,-2.9,-4.2,3.9,2.9,0.2,2.2,1.6,8.9,10.2,8.1,0.0,-3.1,4.4,2.3,-5.3,-9.9,14.3,-7.3,6.2,0.9,9.1,3.6,-3.7,3.1,-3.7,-0.7,-11.4,1.0,0.2,6.1,-17.7,-15.6,2.8,-5.4,-3.4,1.1,0.3,-0.7,2.2,-11.7,-5.5,8.4,8.4,1.4,2.9,-7.7,-4.7,-9.1,-1.5,-4.9,-8.8,-1.1,-2.6,-0.0,11.0,-5.7,-3.3,-5.2,1.5,-1.5,1.9,3.4,-4.8,-8.5,-11.3,0.8,0.8,4.3,-4.2,0.2,5.8,-4.3,-2.1,4.2,-1.5,10.0,-8.7
2017-06-09,5.7,-2.4,4.7,0.5,-0.3,2.6,2.8,-2.3,-4.5,-2.2,8.6,-1.5,-1.3,-1.6,-0.3,6.9,-3.2,7.2,2.1,-6.9,5.6,7.1,8.3,0.9,-1.2,-4.8,7.2,-3.7,-7.3,1.3,-2.3,-12.4,-5.5,11.1,0.6,-6.2,-2.8,9.1,-5.1,-5.5,-2.7,9.3,-0.2,6.5,-0.9,-5.2,9.1,10.2,-0.0,-4.2,-3.4,0.4,-1.6,-0.2,-3.6,-2.0,2.4,-0.4,-2.0,2.4,-2.0,-0.3,0.5,1.0,-2.4,-5.0,-2.1,-2.5,-6.1,0.5,-4.4,-1.7,-4.2,-1.7,6.0,5.7,0.5,-1.4,-8.2,5.2,4.4,-6.9,0.1,-1.3,-5.5,0.3,9.9,-0.7,2.0,-4.5,-2.6,-0.3,3.4,-3.0,2.7,1.9,2.0,-3.0,2.1,5.7,-4.5,0.7,1.9,7.0,-1.0,0.2,-5.3,3.8,-1.3,-2.7,-0.2,10.4,8.9,-13.5,-4.9,6.1,-3.8,12.6,-3.8,-0.0,5.7,-1.0,-0.2,-5.0,0.1,0.4,3.5,11.5,5.4,-6.9,3.4,-3.2,-1.2,0.9,-15.9,-3.7,12.0,0.9,-0.9,0.3,-2.4,-8.8,0.9,-0.1,-2.7,-0.3,4.0,-0.2,-3.1,0.1,-3.8,-4.7,17.0,-1.1,-2.9,1.4,7.2,2.6,-0.9,0.9,-5.8,1.3,0.8,-1.4,-8.1,-4.0,2.9,-4.5,-3.1,2.4,-6.7,1.7,1.3,0.4,3.2,-0.3,-0.9,2.0,-1.5,-10.0,2.7,-0.2,1.6,-0.4,-2.4,1.3,2.2,5.4,-8.2,-2.4,0.3,1.4,8.5,-9.2,-0.8,-2.5,2.6,3.7,-0.9,0.6,-2.0,-12.8,-11.8,-5.1,1.1,2.3,-3.7,9.4,-7.4,-0.9,-0.2,2.0,-2.7,2.9,-0.6,-1.4,-2.9,-1.3,-12.1,0.5,9.7,-1.8,-0.8,6.2,1.5,2.9,0.2,-9.0,-3.9,-4.9,-4.7,9.8,-5.9,-2.0,-0.7,5.1,0.3,6.0,10.8,-1.0,-2.5,-0.3,6.0,-4.3,-1.6,4.2,0.1,11.0,6.3,-4.5,-10.5,-4.5,-5.2,-4.9,3.0,-7.8,-3.2,-1.7,3.5,7.9,1.3,4.2,-7.7,-11.6,2.8,1.7,4.8,-0.8,2.2,6.5,3.9,-0.8,0.1,-0.8,-0.3,0.4,7.4,15.5,4.7,5.3,1.0,-11.3,3.1,-0.8,-2.6,-0.2,-0.2,4.8,2.4,-6.9,-3.3,-9.0,7.6,-2.7,-8.1,1.9,-1.3,5.5,7.6,6.5,4.0,4.0,3.6,3.5,5.9,-11.2,0.6,0.3,1.6,-4.0,1.5,1.4,2.3,2.8,1.1,1.0,0.1,4.5,-2.9,-4.9,-3.8,-2.1,-2.5,-2.7,-4.5,5.7,8.7,1.0,-1.0,2.2,8.5,8.2,9.3,3.0,-1.2,-1.6,1.8,-9.9,-9.6,9.5,-5.3,5.6,4.8,8.7,6.9,-0.2,-1.1,3.4,13.1,-11.2,3.6,-2.9,7.0,-8.4,-6.8,12.4,-3.2,-3.0,0.6,-1.4,-0.1,-0.6,-6.0,-2.4,15.5,8.0,1.8,13.6,-6.5,-2.9,-6.1,-1.1,-2.2,-13.7,5.6,-0.2,-2.8,16.0,-3.7,-3.8,-3.9,4.2,-1.1,2.3,1.7,-2.0,2.8,1.4,8.2,7.5,5.2,-0.7,0.5,3.4,-0.9,-1.4,5.8,-10.9,2.7,-2.0
2017-06-15,1.3,5.1,4.2,2.7,-5.2,3.5,2.5,-0.7,-2.4,-3.9,8.4,-0.9,1.7,-0.8,0.0,1.4,-6.3,8.0,1.4,-7.6,4.3,7.8,3.2,-0.3,0.4,-2.7,-0.4,-1.2,-2.8,-0.3,0.3,0.0,7.6,-0.8,-0.9,-3.2,-9.9,-1.1,-0.7,4.6,-4.6,6.9,-3.5,1.0,-3.8,-3.8,-8.6,11.4,0.9,-4.8,-1.7,-0.9,-3.1,-1.8,-3.3,-0.1,-2.0,-0.6,-4.2,5.1,-1.8,-1.2,1.4,4.1,-4.1,-2.3,-0.4,-2.5,-7.9,-2.3,-4.4,0.1,-3.0,0.4,-1.3,3.8,1.2,-0.7,-10.3,2.0,0.4,2.8,-2.5,-4.2,-2.2,-2.3,-1.5,-0.7,2.4,-3.3,-1.6,-0.4,2.3,-3.6,0.7,4.6,4.1,0.0,3.0,2.6,4.1,2.8,2.4,-4.8,1.8,2.3,-8.7,1.7,-10.6,-4.2,-1.9,3.8,0.7,-12.0,-4.4,1.5,-4.6,-8.3,-4.4,0.4,4.1,-1.8,-3.1,-1.5,1.7,1.8,3.0,7.9,6.2,-4.3,-0.9,-2.9,-4.2,-1.4,-15.8,1.0,11.5,0.2,-1.6,-0.7,5.1,-5.5,-0.8,-2.2,2.6,-1.1,0.9,1.5,-2.4,-0.3,-3.3,-5.9,-0.1,9.0,-0.7,0.5,1.8,-1.4,-2.9,1.3,-3.8,3.0,1.9,-4.1,-10.2,6.6,-3.4,-4.0,-4.2,-0.7,-6.9,1.5,2.4,-2.9,0.3,-0.7,-2.5,1.6,11.2,2.4,-0.4,-1.2,-2.5,-1.9,-3.6,0.6,-1.9,8.5,-4.7,-3.4,0.1,2.3,-3.2,-7.0,2.1,11.0,1.8,-0.5,-3.3,2.4,-1.6,-9.2,-2.3,1.7,-9.0,8.3,-0.7,2.1,-13.1,-6.8,-3.8,2.8,-2.5,2.6,-1.9,-3.9,1.1,-1.1,-3.7,-1.2,3.8,0.9,-0.2,6.5,0.7,3.6,-0.6,-9.4,-1.9,-5.3,-3.3,7.7,-3.2,-3.0,-0.6,7.6,-2.3,-0.4,-0.4,0.6,-1.2,-3.9,8.0,-5.0,-3.6,5.1,-2.6,6.7,13.8,-2.9,-3.1,-12.1,-5.9,-9.9,2.9,1.6,-7.2,-2.2,0.3,4.3,4.7,10.2,-4.7,-5.8,1.6,-4.1,-1.0,0.3,-0.1,0.3,-1.5,0.3,-4.5,1.4,-0.7,-7.5,8.2,8.3,2.9,3.1,0.6,-5.2,3.3,3.2,-2.9,2.4,0.3,1.3,1.9,-4.3,-2.8,-2.5,9.2,-4.2,-3.9,0.8,-2.4,7.7,9.9,7.6,6.8,4.1,3.7,-0.1,8.4,-11.8,-3.3,0.9,1.2,1.1,4.7,2.7,3.3,-0.1,2.4,6.0,4.9,2.4,-3.4,-1.4,-4.0,-1.7,-1.4,-3.9,1.9,3.1,-3.6,-1.9,-4.5,3.2,9.0,7.0,9.7,3.2,0.6,1.1,0.7,-4.5,-8.5,5.2,-5.1,4.5,8.0,7.8,5.9,-2.1,-2.8,-2.6,-2.1,-9.9,1.5,-8.7,6.3,5.8,-4.2,6.7,-0.4,-0.2,3.1,-1.1,2.7,-4.4,-2.8,-3.6,12.1,9.1,0.9,5.8,-7.0,-0.6,-5.3,-0.4,-6.0,-9.5,11.8,-3.0,2.3,11.6,-6.8,-5.4,-3.0,-0.1,-3.2,1.2,-1.0,-3.0,-2.6,-1.0,5.1,-1.6,0.1,-2.6,0.2,3.4,-4.1,-1.8,2.2,-2.4,-1.7,-7.7
2017-06-21,2.9,3.0,6.2,2.2,-2.9,3.8,4.6,1.7,-0.1,-4.2,10.6,0.6,4.5,2.3,2.5,-4.1,0.8,11.7,2.1,-4.6,2.7,2.9,7.9,4.2,-1.4,4.8,2.4,3.3,-0.1,9.0,1.0,-2.2,12.4,4.2,1.8,-3.8,-6.3,5.7,-14.4,0.9,-4.1,11.1,6.1,12.2,-1.7,3.8,5.6,3.7,1.0,-2.4,-9.2,0.1,-1.8,1.0,1.3,0.8,3.9,2.4,3.9,2.6,-2.2,-1.3,4.3,4.3,0.2,5.4,5.9,3.3,-1.7,-4.3,-4.1,0.5,-5.5,2.5,3.1,4.5,-11.5,-4.4,-9.8,6.1,5.7,-2.2,-0.5,0.7,1.1,5.8,2.1,1.7,2.5,-2.3,-1.8,-5.7,6.1,-1.1,4.7,5.1,0.8,-0.1,1.8,7.2,1.9,0.5,7.7,1.2,5.6,3.2,-12.9,6.7,5.0,-2.1,-0.9,-1.8,6.4,-2.3,-5.2,3.7,-1.8,16.5,3.2,3.4,6.3,3.2,0.7,-3.2,0.9,5.7,4.7,9.5,9.6,-1.4,-5.7,0.8,-2.4,-1.5,-9.7,4.6,10.4,1.1,1.4,-0.2,-1.0,3.7,1.0,-0.7,-2.5,-1.9,8.8,-4.3,-2.5,-0.7,-0.6,2.2,-5.4,-2.7,-0.4,1.3,9.5,4.4,-0.9,3.2,-3.0,3.4,7.8,4.7,4.5,2.1,-4.0,-2.7,-2.3,-3.0,-1.6,5.6,11.4,2.1,3.1,2.1,-0.3,1.8,5.9,-0.7,-4.4,-2.2,0.6,-0.6,-1.9,10.2,-1.6,6.7,-0.5,6.6,-0.5,6.2,-1.7,-4.5,-1.7,-2.0,0.9,1.4,2.1,-1.5,-4.0,-7.6,2.1,4.6,5.9,6.8,-6.0,4.3,-3.3,-0.5,-0.4,1.4,-1.1,1.7,2.1,4.1,-3.5,1.1,3.9,4.3,6.9,2.9,0.8,4.8,3.3,5.8,1.3,-5.7,-0.3,-1.5,-0.3,12.0,1.2,-1.2,2.0,9.5,-8.3,7.9,12.7,1.7,4.2,-3.7,4.4,-5.0,3.7,3.9,3.4,7.3,3.4,-4.4,-4.5,-6.8,-0.4,-2.7,3.8,-3.2,1.2,-0.1,4.5,9.1,7.4,10.1,-3.8,-3.6,9.1,-0.6,3.4,6.9,1.2,7.7,2.6,1.1,-1.1,-2.4,2.5,1.2,9.6,7.2,6.7,11.7,3.4,-9.6,7.5,2.1,-0.3,1.9,2.2,3.8,6.0,-6.1,10.6,-3.9,6.5,-2.6,-5.6,2.3,-10.8,7.7,7.9,7.0,6.4,5.9,6.2,9.3,10.5,3.9,1.1,1.7,5.2,4.0,5.9,3.6,4.3,7.2,5.9,8.9,5.1,2.4,-1.7,-6.2,-6.2,-1.2,0.8,-7.5,4.3,4.9,-1.4,-0.5,-1.8,5.4,8.8,10.9,11.4,6.3,4.3,4.3,2.9,0.2,-6.0,9.7,-3.2,12.9,5.6,10.7,7.3,1.8,1.7,-1.9,-2.0,-8.7,4.2,-0.7,9.8,1.5,-20.0,7.5,1.4,0.9,0.5,0.8,3.4,3.7,-2.0,-2.9,9.0,8.9,2.3,7.5,-3.4,0.0,-2.4,0.5,0.6,-6.5,3.7,-1.5,2.3,12.5,-4.4,-4.7,0.9,3.0,-2.1,4.5,5.8,-2.0,0.1,-14.4,4.8,3.7,0.2,-0.3,-0.1,4.5,0.8,3.2,1.9,-1.5,9.6,0.6
2017-06-27,1.0,-6.5,-2.2,1.3,-6.9,1.3,-0.2,-3.8,-2.2,-7.2,13.4,2.1,-10.5,-0.7,-1.1,-6.0,-0.1,12.3,-4.8,-5.1,-7.6,-0.1,5.4,-2.4,-5.9,-7.6,6.0,-0.5,-5.7,-4.4,-6.9,-3.6,-8.6,0.6,-12.0,2.1,-9.3,-5.2,-9.3,-8.2,5.5,-0.3,-3.5,-6.8,-1.9,-14.6,-6.0,3.5,2.1,-7.4,-9.5,-5.7,-3.5,-1.6,-4.0,1.9,-12.7,-11.8,3.2,1.3,-8.5,-6.2,1.4,-0.4,-8.2,-10.3,10.4,1.2,-4.6,-6.4,-6.4,-4.1,-3.5,3.2,-6.9,-0.8,-5.3,-0.3,-11.0,5.7,12.5,4.0,1.8,3.5,0.3,3.4,6.7,-6.9,0.5,-6.6,-5.0,-2.4,7.4,1.1,1.1,-1.9,6.7,-6.2,8.3,4.8,4.8,-3.1,-0.0,10.6,-3.4,1.5,-17.0,2.9,1.9,-2.4,-4.7,9.3,8.0,-1.6,-7.9,4.5,-9.0,6.9,-3.1,-3.7,2.5,1.7,-2.7,-6.4,1.0,6.5,3.4,2.2,-12.8,-7.2,-3.6,-4.4,-6.0,0.1,1.2,-7.3,7.3,-3.8,2.3,-2.1,9.6,2.8,-2.7,-5.7,-1.3,-1.0,6.0,1.8,-5.4,3.3,-2.5,-9.8,7.4,-1.3,0.5,0.0,6.9,-1.3,-9.6,4.3,-7.7,10.0,5.9,7.2,9.6,3.2,-4.6,-6.6,-3.9,0.4,-0.6,2.7,3.5,-2.7,0.5,4.7,0.1,-2.4,-4.4,-2.0,-2.4,-2.2,-3.0,6.0,2.3,1.6,-1.7,2.8,-13.0,-2.5,-3.4,4.2,5.8,-18.2,0.6,-2.7,2.2,2.0,6.9,0.5,6.1,-7.9,-2.8,1.2,4.4,4.6,-7.8,1.5,0.6,2.8,0.3,1.8,-4.6,0.8,1.6,6.8,-5.0,-3.5,2.8,2.9,3.3,0.5,1.5,7.6,1.9,1.2,-13.4,-7.3,5.0,0.8,-5.5,-13.0,-8.0,-0.5,2.1,12.2,-5.9,7.9,9.6,-8.1,-2.5,0.9,3.4,-8.3,-11.3,2.6,-0.0,9.0,3.8,-2.1,-1.2,-3.6,-4.8,-4.0,5.1,0.6,-3.9,-1.5,-4.7,3.9,4.3,-0.9,-2.9,-3.0,1.1,-1.4,-3.3,1.1,-0.8,4.2,-0.7,1.9,-3.1,-6.2,1.0,-13.3,3.4,7.6,-0.0,5.4,0.1,-12.6,3.8,4.7,-0.8,2.5,-1.8,2.7,1.8,-6.2,-1.7,-1.6,4.8,-6.3,-5.8,5.3,-4.2,4.7,9.1,10.8,3.6,0.9,2.5,7.8,7.6,3.9,3.1,4.0,2.8,4.9,4.7,1.8,3.5,-4.1,1.6,10.7,3.7,-1.0,-5.9,6.8,-4.5,-3.9,-10.3,-2.9,0.0,7.3,-7.9,-1.3,1.1,0.4,5.1,3.2,10.3,-1.0,3.3,-1.0,-0.6,-1.1,7.9,10.1,-4.3,0.5,3.9,11.6,3.7,-5.9,-3.0,0.5,-0.3,-10.7,3.6,-7.4,20.0,-6.5,-10.6,6.5,-10.5,-3.5,3.3,-2.1,3.9,-4.1,-2.8,-5.0,8.3,3.6,-1.0,7.2,-13.0,3.0,7.0,6.0,-5.1,-10.8,11.1,-4.4,0.4,9.4,-1.5,-1.8,-1.6,0.5,-4.7,0.1,-1.4,-5.4,-0.0,-0.3,7.0,-1.6,-3.1,-3.2,4.1,6.2,-2.9,-5.1,-8.7,0.8,-3.3,-4.2
2017-07-03,6.2,-3.7,3.3,-2.6,-1.8,3.6,5.5,-3.7,-3.2,-4.1,9.5,-0.5,-1.0,-1.7,-2.0,-5.1,5.2,12.1,-0.9,-7.8,0.0,4.0,4.3,-2.2,0.1,-0.3,-3.6,-1.9,-7.8,-0.8,-0.8,0.1,10.1,0.8,2.2,3.5,-5.2,-1.1,-0.8,-3.7,-3.4,8.7,3.7,7.0,-0.1,-2.0,-3.9,0.8,-2.1,0.0,-6.3,-0.5,-3.7,-2.6,-3.2,-2.8,0.9,0.5,4.4,4.3,-6.0,-4.9,4.6,3.5,-1.7,-6.2,-0.5,3.3,-0.6,-7.2,-2.6,0.1,-6.3,2.2,4.7,2.5,3.8,3.9,-1.6,5.2,-10.0,3.4,2.7,-1.2,-1.3,8.7,9.4,-0.9,2.5,-2.9,-4.3,-3.5,4.9,-0.6,6.5,5.8,2.1,0.0,0.6,3.2,-3.1,1.5,4.8,0.7,1.3,0.3,-0.3,4.6,6.1,-2.9,-3.5,4.8,9.2,-3.6,-4.2,7.4,-2.1,10.7,2.0,0.7,4.3,1.6,0.5,-8.0,5.9,3.8,5.5,13.4,6.0,0.1,3.3,0.2,-2.3,-3.7,-6.7,2.6,9.2,3.3,-0.3,1.5,14.2,-1.5,1.3,-1.8,3.0,-3.1,4.7,2.6,-3.4,0.1,-1.5,2.5,20.7,-0.7,-0.6,4.7,8.3,-2.2,-2.7,3.7,-8.6,-2.9,2.1,2.1,-3.6,-5.6,0.3,-4.0,-0.7,4.3,6.2,0.7,2.7,-0.0,2.7,1.9,-17.9,1.8,-0.2,-3.2,-3.3,2.2,2.7,-2.8,0.1,1.2,-0.6,6.9,-0.9,-3.7,-1.3,3.4,3.7,-1.2,-0.8,0.1,2.1,0.0,0.4,0.0,-1.7,-3.1,1.6,1.9,4.6,7.6,2.0,4.6,-5.9,-2.5,1.4,1.8,-1.3,-4.2,-1.5,-2.7,-3.4,-0.9,-4.7,2.1,7.3,0.4,0.8,6.9,0.3,0.8,0.5,-5.4,10.7,-1.2,0.0,-8.1,5.7,2.6,1.7,-6.9,8.6,5.5,9.0,1.2,1.6,-1.3,0.9,-12.4,-14.5,4.5,3.5,9.1,6.8,-3.2,-3.3,-2.7,-3.3,-10.4,5.0,0.5,-3.9,-1.8,3.5,8.4,3.5,4.1,-5.7,-3.5,3.4,-0.7,3.6,5.1,1.9,0.2,-1.7,-0.1,1.3,-7.2,0.1,-1.0,9.4,10.1,3.0,3.2,1.6,-7.4,4.4,2.9,-0.9,2.9,0.6,-4.0,3.0,-6.4,1.3,-8.6,15.1,-2.0,-2.5,2.9,-2.0,7.6,8.2,7.1,8.6,3.5,4.7,6.1,7.0,-7.2,2.6,2.7,4.0,2.6,3.6,2.5,5.6,5.8,3.0,6.0,3.1,2.6,-1.4,-3.5,-4.6,-1.1,-0.4,-3.4,3.3,1.7,-2.5,1.7,5.8,3.5,6.9,10.9,10.6,1.7,-2.6,-6.0,-0.7,-3.7,-4.8,12.2,3.6,7.0,3.2,10.7,8.2,-4.9,-10.2,1.4,-2.1,-6.6,5.4,-5.0,7.1,-19.9,-1.4,5.5,-4.0,-0.1,-0.7,0.8,5.0,1.0,-3.8,-3.9,10.3,8.9,-1.1,6.8,-9.7,-1.7,-8.0,1.9,-2.1,-9.3,3.6,0.0,-2.1,11.3,-2.5,-0.5,-2.9,2.5,0.7,-1.6,-0.4,-1.6,-0.8,1.0,5.1,-10.8,3.1,-1.6,4.9,-1.2,-4.6,1.1,-3.8,0.7,-6.3,-3.9
2017-07-09,3.3,-1.5,10.1,0.5,1.0,3.1,3.5,2.2,0.0,-14.0,11.8,0.3,1.3,0.3,3.1,0.1,2.9,14.2,3.8,-1.8,0.6,4.9,1.9,4.1,0.0,-3.1,8.2,2.5,-0.6,-1.0,-0.4,2.8,8.7,6.5,-3.3,3.1,-5.4,2.4,-5.8,-1.5,2.7,8.3,7.0,2.3,1.5,0.2,-3.3,3.8,7.3,-0.8,-2.3,1.4,-1.8,1.0,6.4,6.1,0.3,0.8,-0.2,8.0,-1.4,2.7,1.1,7.5,-1.1,1.9,-0.6,2.5,3.2,-8.7,-4.3,-0.3,-5.7,-5.2,-0.3,3.1,3.0,7.4,-4.1,5.4,4.8,4.2,5.4,-1.9,0.5,3.3,5.1,0.6,3.5,-3.6,-0.7,-4.3,10.9,-0.7,-4.2,-0.0,0.4,-1.5,-7.3,5.3,0.1,0.6,7.5,2.5,3.0,3.6,-4.0,5.4,8.4,3.6,-0.8,-5.4,7.3,-4.0,-0.8,6.5,-6.8,-5.7,4.9,2.9,9.0,6.4,1.0,-2.4,0.9,5.3,0.3,4.6,-2.5,-2.5,1.8,2.7,1.1,7.0,-2.7,0.2,8.7,-9.8,3.6,1.2,5.3,1.6,-1.7,-1.9,-1.1,-14.4,4.3,9.6,-3.5,5.1,1.4,3.3,12.0,-11.8,-0.5,3.2,7.3,2.9,0.3,4.9,4.8,-10.9,8.9,6.4,-3.8,-9.0,-1.0,-1.4,-1.7,6.2,1.5,1.8,10.1,0.5,4.5,3.4,3.4,-2.7,-9.9,-6.1,-4.4,2.0,4.3,2.1,-1.3,2.3,4.5,10.0,-3.2,3.2,-1.2,2.1,4.1,-3.3,0.9,-1.8,-2.3,1.1,-0.8,0.5,0.4,-5.5,-1.5,1.4,7.4,15.2,2.7,3.0,-4.8,0.7,1.7,0.3,-2.5,-0.1,1.8,-2.3,0.5,2.2,-0.4,-0.8,4.8,-2.8,2.6,6.6,-3.1,0.3,-6.2,-4.8,7.7,2.0,3.5,7.1,-2.3,-12.9,0.1,5.7,-5.9,7.1,17.5,0.5,-1.3,0.8,3.7,-7.9,-8.4,0.3,-0.3,12.7,5.0,-2.9,-6.1,13.2,-0.3,-6.6,5.6,4.4,-8.8,-1.1,6.2,10.9,6.1,1.9,-1.0,-9.8,-0.6,-14.1,8.6,6.6,1.4,7.1,1.3,0.2,-0.4,-7.9,0.5,-0.0,9.5,4.0,8.2,9.7,2.1,1.9,6.8,0.8,0.8,2.2,2.0,3.4,4.0,-5.4,7.2,-6.3,5.1,-3.4,-3.6,3.5,-4.6,1.6,7.4,6.9,7.3,10.4,9.0,6.9,6.2,-5.1,3.3,5.1,3.5,3.7,10.3,-3.1,4.7,6.6,4.3,7.1,1.2,2.4,-1.2,-5.6,2.4,0.3,-1.2,-6.9,1.5,6.2,-1.1,4.0,8.2,3.5,10.9,11.4,13.0,2.4,1.6,-2.4,-0.0,-3.2,-5.3,8.7,4.1,2.0,5.0,9.1,11.3,-4.6,9.3,2.1,1.2,-7.4,1.7,-4.4,9.1,-11.4,-8.1,8.0,1.6,1.1,0.0,1.6,5.5,-0.5,-1.7,-3.9,13.7,6.1,-0.3,5.7,-6.2,-2.0,-5.3,3.0,-0.3,-7.9,7.8,1.0,-3.4,16.5,-2.7,-2.6,1.5,4.3,1.7,0.1,3.5,5.8,-3.0,0.3,0.5,-2.1,-12.3,-2.1,1.4,7.5,0.8,3.3,5.7,-1.9,-1.6,6.3
2017-07-15,-8.7,-0.7,6.3,-1.6,0.7,3.0,1.9,-0.2,-3.6,-6.2,7.6,-5.7,2.1,2.9,-0.3,1.7,8.0,3.1,3.0,-5.9,0.5,-0.8,3.2,-1.1,-1.1,-4.6,11.8,-4.7,-7.7,-4.9,-3.6,-2.3,4.0,-3.7,-1.9,-5.8,-9.7,-4.2,-5.8,-7.9,-10.9,4.4,-3.7,-5.2,-0.5,-6.1,-7.8,-13.5,-2.6,-6.2,-2.5,-2.3,-3.3,-0.3,-7.5,-12.8,-0.5,-1.9,-2.6,3.1,-4.3,-2.5,7.4,5.1,-7.8,-3.2,3.1,11.9,-2.2,-6.5,-1.2,1.7,-2.0,1.6,0.4,1.8,6.8,2.5,-3.0,1.3,-1.8,-2.9,0.7,-4.2,-1.6,-2.3,3.9,1.4,5.9,-2.1,-3.0,0.0,5.4,-1.5,0.7,-2.5,-7.1,-6.0,2.1,2.1,-0.5,-4.1,3.0,-4.8,-3.3,-0.8,-1.6,-1.7,0.0,-3.6,0.9,14.1,5.3,-5.6,-6.8,4.9,-8.0,2.5,5.4,4.2,11.5,-1.5,-2.8,-4.2,3.6,5.3,6.3,13.0,-1.7,-2.8,3.3,-2.7,-5.6,-1.8,-9.4,1.5,10.8,6.4,-2.5,-3.6,6.7,3.3,0.3,-2.6,-1.2,-0.9,3.3,9.3,-3.8,-2.0,-3.5,-4.1,5.5,6.6,14.8,-9.9,2.0,0.7,-4.9,3.8,-5.2,2.7,3.8,-1.4,-8.2,8.5,-0.3,-6.0,-2.5,4.1,-9.4,6.0,2.9,-0.9,-1.5,-1.3,-9.1,-3.2,-6.6,-8.1,-3.4,-3.4,-0.6,-1.2,-1.3,1.3,-6.7,2.6,3.4,-7.6,-6.2,1.9,0.7,-6.5,-3.2,-4.0,3.1,-0.4,0.7,2.2,-0.8,-4.6,-1.5,9.5,1.8,4.2,0.1,1.8,-9.6,-5.1,-2.8,4.6,-3.0,14.0,-2.2,2.0,-4.7,-1.6,2.9,0.3,2.0,-2.5,-2.0,11.5,1.5,-0.7,-4.1,-1.0,3.3,0.3,-2.7,9.3,-0.8,2.2,3.1,0.9,-0.7,6.6,12.2,-4.2,-0.8,-0.7,-2.1,-11.0,-3.3,4.8,4.1,6.5,-0.2,-5.2,-5.6,-5.2,-5.7,5.8,2.6,2.2,-0.8,0.1,-0.0,8.2,-1.8,-5.0,-2.8,-3.7,0.3,-4.0,0.8,-2.5,1.7,-2.6,-5.4,-0.7,5.1,-12.2,1.9,-1.9,4.1,10.2,6.4,12.9,0.6,-2.2,5.8,3.7,-0.2,-0.6,-2.1,6.4,1.5,-13.3,5.9,-8.2,3.1,-1.4,-7.9,2.2,-7.2,6.1,6.6,-2.4,6.0,4.9,4.7,7.7,3.7,-7.3,2.3,1.2,1.9,-0.6,1.4,1.5,1.7,-0.8,2.6,10.5,2.3,-1.4,-4.1,-1.7,-3.3,-2.4,-0.1,-10.7,-4.3,6.5,4.1,-0.1,5.8,-0.6,6.6,7.7,9.2,1.6,-5.4,-3.6,-0.3,-5.7,-4.5,7.6,-6.7,5.7,2.7,12.8,8.1,-1.8,-10.7,-0.2,-4.3,-7.0,1.7,-1.2,7.3,-13.5,-9.7,7.5,-2.6,-4.2,0.1,-0.9,2.5,1.5,-0.9,-3.7,13.8,11.1,-1.5,7.7,-4.5,-3.2,-14.1,-2.7,1.3,-5.3,5.1,-2.8,-3.6,13.4,-2.5,0.8,-4.0,2.1,2.9,1.2,3.4,-4.7,-2.9,-0.1,1.8,4.3,6.7,-2.3,2.1,-2.3,-3.4,-1.6,5.7,-2.8,-0.9,-0.4
2017-07-21,-2.0,-4.9,4.0,0.6,0.3,2.6,7.3,1.8,-1.7,-4.3,10.3,0.4,1.0,-0.2,4.4,-7.3,7.9,10.0,2.5,-4.1,-1.6,4.4,5.7,0.7,-0.7,1.5,3.3,-1.3,-3.7,-3.0,-2.6,-0.9,7.5,11.7,2.2,-3.8,-8.4,-1.9,-6.9,-9.2,-1.7,8.5,1.8,-2.7,-3.2,-3.3,1.4,2.3,-0.2,-3.7,-6.9,-0.0,-2.5,-2.9,-1.7,-7.1,0.6,0.1,3.5,1.9,-4.0,-1.6,4.0,0.1,-0.8,-4.0,-3.3,1.4,-2.7,5.4,-4.4,-2.7,-2.5,2.3,5.0,0.4,7.2,0.9,3.8,7.0,-4.3,-0.6,0.6,-0.7,-0.5,-1.0,4.7,-1.0,1.7,-4.9,-2.5,-2.5,4.0,-0.8,1.8,1.4,-3.9,3.8,1.2,3.2,0.8,3.0,2.8,-5.0,1.8,4.8,2.8,7.8,12.7,-3.2,0.7,-3.0,11.3,-4.4,-1.8,4.7,-4.8,8.4,0.5,-2.0,0.0,3.1,0.5,-3.3,1.2,4.2,1.4,6.9,-13.5,0.0,-4.6,-3.9,-5.6,8.8,-6.3,0.1,8.8,-4.5,3.3,2.0,6.2,1.1,-2.7,2.1,-4.7,-5.8,0.4,-1.7,-6.0,3.0,-3.0,1.4,13.0,-7.1,1.1,4.0,3.7,-2.6,1.9,2.0,1.1,2.5,3.8,-0.7,-9.3,5.7,-5.1,-5.3,-4.9,1.1,-2.6,0.5,1.3,3.2,2.2,0.8,1.8,-3.5,3.3,-4.6,1.5,-6.5,-3.4,-2.0,1.2,1.2,2.4,3.1,-3.2,-3.1,-2.3,-3.3,9.2,-18.2,14.4,-9.0,-0.1,-0.4,0.4,-2.4,-0.6,-9.2,-5.6,4.8,1.7,2.6,-1.8,0.8,-8.7,-8.5,-0.9,-1.7,-1.6,-1.0,-0.0,0.6,-6.8,-1.7,1.7,0.5,2.8,-0.8,-1.2,0.2,4.3,-2.5,-0.3,-10.1,2.9,-2.3,-6.7,-4.6,-7.4,5.4,-0.8,-7.4,5.2,2.9,10.2,-3.3,-2.6,-4.9,0.1,1.9,-3.5,-0.9,-3.5,11.1,4.7,-8.7,-4.7,-11.8,-5.1,-4.0,0.7,-4.5,-4.7,-6.6,0.3,11.2,7.5,5.4,-2.9,-6.7,4.2,-8.2,4.0,7.8,2.2,1.1,-0.7,-2.3,5.2,-9.5,-0.9,-3.8,4.5,12.2,5.8,7.9,-0.6,0.6,4.6,1.0,0.3,-2.5,1.0,0.3,0.7,-8.4,7.3,-11.0,5.6,-4.9,-7.2,0.4,-7.6,7.3,6.5,4.8,8.6,5.6,4.9,5.9,4.5,-9.0,-0.4,-2.9,1.2,-1.5,2.0,-1.6,0.1,0.0,1.6,4.7,-5.4,-3.1,-4.1,-10.4,-1.5,-3.4,-6.3,-8.2,1.0,4.7,-6.5,-4.3,-0.0,1.7,7.6,8.1,9.1,0.1,2.1,-4.5,-0.6,-10.9,-12.6,6.9,-1.9,-3.0,0.6,8.5,6.3,-5.5,-1.8,-2.6,-6.7,-10.6,-0.4,-7.0,4.8,-12.4,-7.9,7.3,-2.0,-4.0,-4.5,-3.5,0.9,-2.9,-5.6,-7.7,12.2,8.2,-1.5,6.7,-5.9,-4.9,-8.7,-2.9,-2.1,-9.1,1.9,-2.7,-2.2,8.0,-7.2,-3.7,-5.6,1.0,-0.6,-1.1,0.5,-0.3,1.3,0.8,2.0,1.1,-4.8,-3.4,-4.3,3.7,3.7,-13.0,-1.2,-0.6,-15.7,-13.3
2017-07-27,12.4,3.1,5.4,-1.9,-0.5,4.4,1.6,-2.8,-3.7,-9.5,11.5,4.9,2.3,-0.2,-1.2,-6.7,-1.0,8.4,1.9,-1.6,-0.1,5.0,2.0,-0.1,-0.6,2.3,1.5,-2.0,-6.3,-0.6,-1.8,-0.3,9.7,5.8,10.6,-4.2,-7.3,-1.8,-0.2,1.2,-9.7,14.4,-3.3,2.1,-3.0,-3.3,-1.1,-3.3,-1.3,-1.3,5.5,0.9,-2.6,-2.5,-7.7,-4.2,-0.9,-0.9,6.9,-0.5,-6.4,-3.0,6.7,3.6,-0.2,-3.2,3.1,2.5,-4.5,4.4,-2.1,0.4,-1.0,1.8,3.2,9.1,3.4,2.2,-5.7,5.7,-5.7,-0.4,-1.0,-9.4,1.5,1.5,2.6,-2.0,2.1,-2.7,-1.0,0.2,3.9,1.7,10.3,8.2,0.2,3.6,-1.9,4.9,1.1,6.7,0.2,0.4,2.5,0.8,0.8,2.8,6.1,-4.3,-1.7,-1.2,8.0,-0.2,1.8,1.7,-4.6,5.8,-0.9,1.4,5.8,5.7,2.1,-2.9,-0.1,3.3,7.2,10.3,9.1,0.5,1.8,0.3,-1.2,0.4,-3.9,-1.6,11.9,4.6,4.9,5.1,1.6,7.3,0.9,6.4,-1.8,-5.2,5.3,4.0,-8.5,-0.0,-0.1,-4.2,14.2,0.1,1.7,6.3,10.9,-4.1,7.1,3.4,1.1,4.7,4.0,-0.6,-3.8,8.8,-1.2,-12.5,-3.5,4.2,-0.3,0.1,4.9,-1.6,2.0,1.3,-3.3,-4.9,-4.4,-8.8,-4.6,-11.4,1.7,-1.1,-1.4,0.6,-2.0,16.7,-4.8,-16.0,-5.8,3.4,-3.1,-1.9,-3.5,-0.2,-0.7,1.0,-0.9,2.1,-3.3,-8.3,-6.0,4.5,2.8,3.3,-2.1,4.0,-4.1,-2.5,1.8,-0.9,0.5,2.8,-0.7,-5.0,-1.8,0.7,3.5,-1.7,0.3,-1.7,0.6,4.5,3.5,2.4,-2.5,1.6,2.0,-7.1,0.1,-6.3,-6.2,2.2,-0.7,-2.9,-4.1,6.3,16.0,-4.9,-1.0,2.8,2.2,1.7,3.2,5.2,-0.3,9.0,8.6,5.5,2.1,-6.5,-1.2,1.4,4.2,-1.6,-0.1,8.1,5.2,8.5,3.6,15.1,1.1,-5.3,0.8,-6.0,-1.8,2.8,3.5,10.1,5.3,1.5,-15.0,4.3,2.5,-6.0,11.6,7.4,2.9,9.3,0.4,-2.4,7.7,3.2,4.3,3.9,0.9,5.7,-2.1,-2.6,3.3,-10.1,7.5,2.9,-8.0,3.9,-6.4,3.1,6.4,4.5,1.8,-2.6,3.9,8.2,3.4,-3.9,0.6,2.1,2.5,0.7,9.5,3.0,4.3,-5.8,3.3,8.7,-2.2,-4.2,-3.5,-1.5,-4.0,-2.4,-7.5,-8.6,-1.8,1.1,3.7,2.0,0.7,-0.0,5.9,9.2,8.5,1.1,2.0,-4.0,-2.1,-4.8,-9.7,5.8,-3.3,7.2,7.6,3.5,6.3,-3.7,-5.4,1.9,0.3,-11.3,-1.4,-4.2,8.8,-2.5,-4.5,8.4,-3.8,-3.5,2.6,-2.4,4.1,-3.9,-1.6,-3.5,10.5,8.0,-1.5,7.1,-8.0,-5.4,-4.9,3.2,3.2,0.0,4.7,0.1,2.7,12.5,-6.7,-11.4,-9.7,5.3,4.9,1.5,1.6,-1.6,-2.4,0.8,13.7,1.1,1.7,-4.0,1.4,12.8,-0.7,-4.2,1.8,-9.2,5.2,3.3
2017-08-02,-1.0,-1.8,4.7,-1.2,2.7,3.4,2.8,-3.2,-4.8,-13.4,9.2,-2.6,1.5,-2.0,0.3,-6.4,2.7,9.8,2.5,-3.6,-0.7,-4.6,3.9,-1.5,-5.6,-1.7,-0.8,-2.9,-5.9,6.1,-4.7,4.2,2.1,0.8,1.0,-4.8,-14.6,-2.8,-11.4,-4.8,-5.7,10.1,-12.7,5.4,-7.2,-6.4,0.0,-5.2,-1.9,-7.5,-9.8,-5.2,-8.2,-0.3,-13.8,-4.6,-4.3,-4.0,-5.4,-1.6,-7.6,-6.7,3.2,-3.7,-7.5,-5.1,-2.2,-11.2,-6.5,2.8,-5.4,-4.0,-3.5,3.1,-3.1,0.5,-1.5,-1.1,-7.0,2.9,11.4,-1.6,-1.1,-6.3,-1.4,-0.5,-5.1,-5.2,-3.1,-5.2,-4.6,-1.9,2.7,-1.1,4.4,8.2,-4.2,2.7,-3.7,2.0,-6.9,-0.8,4.8,-4.4,0.9,1.7,-8.8,4.0,3.0,-2.6,-5.3,-1.3,4.0,-1.5,-5.3,0.1,-7.6,9.8,-3.2,-3.4,-3.6,3.1,1.5,-3.9,0.3,2.7,4.5,9.7,5.2,-0.7,-1.5,-3.2,-5.7,-4.2,-2.9,-4.5,12.5,-1.0,1.3,-2.0,5.8,1.9,-0.5,-7.3,-4.7,-9.2,0.5,-13.0,-8.5,-2.0,-4.0,-9.0,16.5,-2.6,0.8,-0.5,7.7,-1.2,-6.2,2.3,-2.3,11.9,0.1,-0.4,-6.1,-10.1,-5.1,-9.8,-7.1,-3.1,-1.1,2.4,5.4,-2.1,0.3,1.2,-2.0,-5.3,-4.4,-8.3,-4.4,-8.3,-6.8,-3.2,-3.7,2.5,-3.9,-2.6,-2.8,-4.9,-4.2,1.0,-1.5,-5.0,6.5,-3.0,0.6,1.0,-1.2,0.5,0.8,-7.5,-5.6,5.6,0.8,2.2,-3.1,0.9,-4.5,-0.8,1.5,1.5,-2.2,1.0,0.3,0.7,-3.0,0.2,5.1,-1.3,2.1,-3.2,10.5,8.9,0.2,3.1,0.3,-8.4,4.1,-4.7,-2.8,-2.1,-1.1,1.0,-0.8,-0.9,2.7,6.1,14.2,1.9,-1.5,2.8,2.7,0.2,-1.5,2.0,-1.0,11.3,3.5,2.4,0.4,-8.8,0.4,-1.4,9.0,-4.5,-13.1,3.1,0.4,0.7,7.8,10.6,2.1,-5.6,8.2,-0.5,12.2,6.6,4.0,0.3,-0.1,4.4,-16.0,-11.0,1.9,-1.1,5.8,10.1,4.7,8.8,1.3,-5.5,6.9,2.3,0.9,5.0,1.8,3.5,5.7,-2.2,4.3,5.2,6.7,3.1,-4.2,1.5,-14.9,4.5,9.1,5.0,10.0,2.5,5.4,5.7,8.6,-9.4,-0.5,1.8,7.4,6.0,8.1,6.0,2.9,6.6,5.5,12.3,2.0,-4.4,-3.8,-5.4,-6.4,-2.3,-4.0,-9.2,-1.9,1.8,-4.7,-1.8,1.4,7.3,13.0,11.1,12.9,2.4,2.8,2.3,-0.1,-6.4,-9.7,17.5,-5.1,7.9,3.0,6.9,9.6,-4.1,-6.9,2.1,0.1,-10.6,2.0,-6.2,8.7,-10.0,-6.7,6.0,-5.6,-1.3,2.1,-0.6,1.0,-0.1,-5.8,-5.1,10.1,8.2,4.5,6.0,-9.8,-7.5,-5.6,1.0,-0.9,-7.3,6.3,2.2,1.5,9.3,-7.7,-4.9,-2.2,1.8,1.0,-0.6,1.6,2.8,-2.8,-0.6,5.3,0.9,5.8,1.3,9.4,6.7,0.2,2.0,5.9,4.0,6.2,5.1
2017-08-08,3.9,2.1,5.7,2.9,-0.8,4.5,4.8,2.4,-2.1,-2.5,17.6,0.4,1.0,1.5,4.9,-0.8,1.2,16.6,2.9,0.9,-0.4,1.6,4.7,1.6,-1.9,1.7,-3.9,-0.8,-1.3,-2.2,-2.5,3.9,7.8,8.2,-0.8,2.0,-5.8,-0.3,-5.1,-4.5,4.1,4.6,-4.0,-2.0,0.1,-4.5,-1.7,-2.1,2.9,-2.8,4.8,3.4,-2.9,0.3,0.0,5.5,1.6,0.4,6.8,0.8,-3.9,-2.1,8.0,3.0,2.0,2.2,2.9,0.9,-2.9,-5.3,-2.0,0.4,1.4,0.3,2.8,1.9,0.6,2.0,-5.7,1.3,6.4,2.7,4.1,1.2,1.3,6.0,3.1,1.1,1.3,-3.1,0.0,1.8,7.5,-0.3,-13.7,-0.7,3.6,4.2,7.9,5.7,-4.1,-2.7,5.6,-3.1,5.0,5.0,-7.1,1.2,2.4,0.4,4.0,6.2,9.9,-2.7,5.6,2.4,-3.3,8.3,-0.4,1.8,5.2,3.0,-0.4,-2.6,3.9,6.5,6.8,11.0,12.5,-3.9,11.8,0.1,-2.0,2.4,-6.9,1.9,15.9,1.3,4.6,1.3,8.9,3.4,0.1,3.6,3.7,3.7,6.6,9.6,1.6,-0.0,-4.1,-0.9,17.9,0.9,3.6,5.3,4.9,5.4,2.5,5.1,3.5,5.2,2.9,-2.2,-5.5,2.3,-0.1,-1.4,0.5,1.1,-5.6,3.4,-11.7,4.0,4.2,2.4,5.2,-0.3,-3.6,-3.5,-4.5,0.7,-2.5,-2.6,-0.7,5.6,4.3,14.9,-4.1,-3.6,0.3,2.8,-1.2,-7.4,-0.0,0.9,1.7,1.1,1.5,0.7,3.2,-9.1,-2.0,4.2,5.3,1.5,0.6,2.0,-3.8,1.4,3.3,1.4,1.5,-0.6,0.9,5.0,-3.0,-0.3,-1.4,1.8,1.2,-1.8,3.4,7.9,6.8,2.0,-1.0,-4.6,-2.3,-4.3,-0.6,2.6,-5.0,0.1,-0.3,1.0,3.0,8.4,9.9,-6.3,0.2,0.3,1.9,-0.3,-3.7,10.0,-2.4,9.7,8.7,-4.6,-0.6,-6.1,-1.4,-3.2,7.0,-3.4,-15.3,3.9,0.4,6.7,5.5,3.6,0.7,-5.8,4.2,1.0,8.7,-11.2,1.2,6.3,3.9,0.0,-2.8,-3.3,4.0,-3.4,7.4,9.0,4.3,8.5,2.1,-6.8,7.5,2.0,-1.5,1.6,1.1,6.2,3.6,-4.2,9.7,-4.5,7.0,1.0,-3.6,4.0,-4.4,9.1,7.3,5.6,5.1,3.4,4.4,6.8,7.8,-8.5,3.0,3.4,4.9,-1.5,2.0,3.1,6.6,-4.7,6.5,9.2,-1.5,1.7,-2.5,-0.9,-8.6,-1.2,-0.7,-4.8,0.3,5.1,-12.3,-0.9,3.8,5.0,8.3,13.0,14.5,2.4,-0.4,0.3,3.3,-5.2,-6.8,7.8,-3.2,5.4,1.2,-1.4,6.9,-3.5,3.5,2.7,-11.7,-7.7,-6.5,-3.2,7.3,-14.1,-4.3,8.2,-2.0,-1.3,4.7,2.2,3.6,1.6,-1.1,-3.8,13.8,8.9,2.1,5.6,-6.3,-1.8,-10.2,1.9,-1.7,-8.7,5.1,1.0,-2.1,12.3,-4.9,-1.4,-4.9,2.1,-1.1,-0.7,1.5,1.0,2.6,9.8,5.7,-1.5,4.0,-0.2,9.6,4.5,-1.0,4.0,4.5,1.6,2.5,-0.5
2017-08-14,-4.2,-1.8,4.2,-11.0,-2.8,4.5,3.7,-3.3,-4.1,-15.1,8.9,-5.1,2.7,0.8,2.3,8.9,-0.3,12.2,4.4,1.1,-3.2,-0.4,4.6,-1.1,2.0,-2.7,-2.7,-2.7,-3.2,-4.2,-4.3,-8.3,-3.4,0.3,0.4,-10.2,-4.8,-2.4,-5.4,-5.0,-6.9,5.2,0.3,0.0,-1.1,-5.8,-3.7,-6.4,0.7,-4.4,2.1,1.6,-1.6,4.3,-4.9,-1.1,2.5,-0.2,-1.7,-0.8,-2.6,2.6,5.5,-0.8,0.3,-9.1,0.4,-2.7,-7.4,-0.1,-3.5,-1.8,-1.9,0.4,1.5,6.4,-0.6,-1.2,-5.1,3.5,2.5,-1.0,1.1,-2.2,-1.3,2.0,3.0,-3.2,1.8,-3.1,-4.1,-2.4,2.3,-1.7,2.1,0.7,-2.9,4.5,2.5,4.6,-1.4,3.7,2.5,-6.1,-2.4,-3.5,5.1,0.6,-5.4,-1.6,-1.2,1.7,-4.7,-5.9,-0.9,4.6,-4.2,4.5,-0.3,-0.3,-2.0,-4.6,8.9,-3.1,0.6,3.0,8.6,8.3,-0.2,0.4,1.4,-2.8,-5.4,-12.2,-8.7,3.0,18.9,-2.7,0.4,-2.7,6.3,3.2,-1.7,-1.8,-1.2,-1.8,2.5,6.4,-6.5,4.1,-4.9,-3.1,12.2,-4.2,-1.3,4.2,5.1,0.5,2.6,3.3,-1.5,3.2,0.6,8.0,-11.3,14.5,-3.0,-6.0,-6.3,0.7,-2.9,1.4,-2.7,-5.1,-2.6,1.9,-2.0,2.5,-11.1,-4.7,-8.8,-3.1,-4.7,-5.2,-4.6,-1.6,4.0,3.6,-1.9,-13.5,-3.7,0.3,-1.3,-9.8,-5.4,1.9,4.0,2.3,-1.7,1.3,-2.5,-7.7,-3.6,-0.8,2.3,0.9,-0.9,1.2,-11.3,-5.4,-3.0,1.5,-2.0,9.2,1.3,2.7,-5.0,2.3,-1.0,-0.9,1.3,-4.4,-1.9,4.3,1.2,-0.9,3.7,-8.2,-0.4,-4.0,-1.0,1.4,-3.6,-2.0,-0.3,4.1,1.2,2.5,7.6,-6.4,-3.5,0.7,0.4,-3.1,-0.4,2.9,12.9,8.3,2.2,-2.7,-2.9,-4.5,-6.7,-6.9,4.0,-6.6,0.5,0.1,1.8,2.6,1.0,2.8,-3.2,-7.2,7.5,-6.7,-0.8,2.3,1.4,2.7,-1.7,-2.2,-7.6,-3.9,1.1,-2.3,0.5,10.8,0.3,11.6,0.9,-5.5,3.9,0.4,-2.0,3.3,-1.8,-4.9,-2.8,-8.5,4.0,-2.1,-0.1,-0.1,-8.8,0.4,-10.0,-1.5,3.1,-0.9,6.9,4.0,2.4,7.3,4.7,-13.3,0.3,-4.2,2.6,-2.4,1.7,3.2,14.8,-6.2,1.1,8.5,4.0,-1.1,-4.7,-5.1,0.4,-3.1,-4.1,-10.4,0.1,4.4,1.1,-1.2,3.1,3.1,6.4,11.4,6.5,-1.2,-6.1,-4.8,-3.3,-5.4,-10.1,8.1,-1.7,4.0,-4.3,4.2,5.9,-5.5,-9.6,0.7,2.0,-12.4,1.4,-6.5,5.2,-14.8,4.2,4.4,-10.9,-9.8,-2.9,-3.3,0.3,-2.9,-5.0,-3.9,10.9,10.6,1.1,4.5,-9.4,-12.3,-15.3,-2.0,-2.0,-10.2,7.6,-3.0,-5.9,11.4,-3.6,-0.5,-6.9,1.1,-3.4,0.1,-1.8,-6.3,-12.7,-1.2,7.2,-2.8,0.5,-3.2,1.2,-3.6,6.0,-2.6,5.8,0.9,1.2,-2.0
2017-08-20,0.6,-2.1,0.4,0.1,-4.9,2.5,1.8,-1.0,-1.8,-7.7,12.3,0.8,0.2,-0.6,0.2,-2.5,-3.0,18.7,3.2,-0.9,2.4,5.3,2.9,0.8,-2.7,-1.2,-1.1,-2.3,-4.2,-3.2,0.6,6.4,7.4,0.9,-2.3,0.6,-8.2,-3.9,-3.8,-3.9,-3.2,4.1,-2.6,-0.6,-0.8,-5.1,-10.3,3.1,1.0,-4.2,2.1,-3.5,-1.8,0.6,-3.0,0.0,1.8,2.3,-0.7,-2.6,-4.0,-1.1,3.8,0.5,-1.8,-1.3,-1.5,-4.5,-5.4,-8.1,-3.7,-1.3,-1.1,-3.1,12.0,4.7,1.4,2.2,-8.6,1.9,5.4,-0.1,1.3,-4.1,-3.7,2.0,0.8,-1.7,1.3,-3.6,-1.1,0.1,5.7,-1.1,2.4,2.7,0.8,-0.4,1.9,3.4,-3.5,0.6,5.9,-2.9,0.8,1.8,-16.3,1.4,0.2,-0.2,-0.2,3.1,4.8,-7.3,-3.0,4.5,-3.1,8.0,-2.0,1.6,3.3,3.7,1.1,-2.2,-0.4,2.5,3.6,7.5,0.3,-1.7,1.4,-0.6,-2.5,10.5,2.1,3.9,10.9,-2.2,2.9,1.8,1.5,0.5,-3.6,1.0,1.1,-7.0,-1.8,2.4,-6.9,0.2,-1.2,2.5,14.1,-4.5,0.2,3.9,4.2,-0.2,0.8,2.5,0.1,-0.3,-7.3,7.6,-10.9,5.3,-2.8,-7.6,-4.9,-2.0,-6.6,4.5,4.7,-2.7,2.1,1.9,-0.3,-3.8,-14.8,-5.6,-7.0,-3.1,-3.0,-3.5,-0.9,-1.0,1.0,5.5,-5.5,-4.8,-7.2,3.3,1.9,-6.7,2.9,-0.4,-0.4,1.6,0.9,-0.2,-4.9,-9.0,-5.3,5.7,-3.8,-1.5,2.6,3.1,-2.7,-0.8,3.3,1.3,-2.8,9.0,-0.7,0.3,-0.7,-1.5,8.4,0.9,4.4,-1.6,5.8,7.5,3.5,4.6,-2.8,-5.6,4.3,-2.8,-3.8,0.8,-5.4,3.3,-0.5,-2.3,0.7,-1.6,-0.7,-7.4,0.9,-7.4,1.4,-2.1,-7.0,1.1,2.7,7.4,4.2,-11.8,-1.9,-10.4,-2.5,-5.2,6.4,2.4,-1.3,3.9,0.8,6.7,-0.0,-0.7,-5.1,-4.7,1.4,-2.3,10.0,-11.7,1.8,-0.6,3.9,1.3,-1.9,-3.6,2.5,-3.0,8.8,5.4,2.7,3.2,0.2,-10.6,9.0,3.8,3.4,0.2,1.9,5.7,5.6,-5.6,2.6,0.9,5.6,2.8,-2.6,2.2,-5.7,5.0,4.5,5.8,1.6,1.8,4.0,4.8,1.9,0.3,0.3,7.6,7.4,4.0,4.0,2.8,5.2,10.1,3.0,7.4,1.9,-0.1,-2.4,-4.1,1.0,-1.1,-1.3,-3.7,2.1,6.5,-9.8,-1.7,-6.8,7.9,6.7,10.8,12.3,1.9,3.7,0.1,-0.2,-4.0,-6.9,7.7,0.2,6.6,6.3,5.5,9.3,-3.2,-2.6,-1.6,-0.3,-7.1,0.9,-4.3,9.8,-7.7,2.3,6.7,-1.2,-16.4,-1.0,-0.5,3.0,0.3,-6.8,-2.3,16.8,12.8,3.1,7.1,-6.0,-3.9,0.2,1.9,-0.5,-6.4,5.4,0.1,-2.2,12.3,-4.2,-4.0,-4.0,4.9,4.6,3.0,5.0,0.9,4.6,7.0,-8.1,4.6,3.7,-2.8,10.0,-0.9,2.4,2.3,0.1,-3.8,0.7,-0.8
2017-08-26,0.7,-0.2,6.3,0.9,-1.1,3.7,3.8,-0.7,-1.6,-6.9,7.5,2.1,2.3,0.2,2.9,-3.3,0.7,9.9,2.6,-3.5,0.3,1.9,3.0,2.0,0.4,-2.2,-4.2,-0.3,-4.8,0.5,-1.7,-10.0,4.0,2.1,-8.4,2.9,-5.6,0.3,-0.3,-2.8,-0.6,5.4,-1.0,-1.8,-1.4,-4.7,0.0,-0.4,3.6,-2.6,5.6,1.7,-3.0,5.0,-1.7,-1.9,2.9,0.3,2.7,3.2,-4.5,-4.0,2.9,0.4,1.9,1.4,-8.5,-1.0,-0.1,-5.7,-3.7,-0.9,-4.2,2.6,1.8,1.3,1.4,-0.2,-2.6,4.7,7.5,4.6,3.6,-6.8,2.4,6.1,10.3,-0.9,6.1,-4.2,-2.8,-2.4,6.1,4.0,-6.7,-1.0,-6.0,4.0,5.1,3.5,-3.2,0.9,5.6,-3.5,1.9,4.8,2.1,3.7,0.9,3.4,-2.0,4.4,7.1,-2.1,-1.7,8.4,-8.8,-3.9,-1.0,2.3,7.3,-0.2,-2.3,-3.6,-1.2,5.7,-3.3,0.6,1.4,0.0,1.7,-4.6,-4.8,7.6,-2.7,-4.5,11.8,0.7,0.3,0.1,1.3,-2.1,-3.9,-4.2,1.3,0.5,1.8,-13.0,-6.2,1.6,-2.5,-0.0,15.6,-3.2,-2.4,6.6,7.1,3.0,-3.9,4.6,-1.4,2.2,0.4,7.0,-9.0,-11.9,0.2,-2.2,-3.7,-3.8,-0.6,-1.7,8.0,-0.8,2.2,4.1,4.9,0.2,11.9,-2.5,-8.1,-1.5,2.0,-3.9,-2.0,4.3,4.4,-0.5,-0.1,-4.4,-4.9,-1.9,6.8,-3.3,1.6,1.6,0.7,3.3,0.3,1.0,-0.3,-13.1,-11.4,-0.3,2.6,1.9,0.4,0.1,-8.7,-3.0,3.2,2.4,-0.0,-1.9,-0.6,0.3,-4.0,0.3,-2.4,-1.8,2.8,-3.1,3.2,9.6,3.6,4.7,-0.3,-10.1,3.3,-5.1,-7.4,0.3,-1.1,-1.3,-1.4,-0.8,-1.3,2.9,8.6,-11.2,-1.0,4.1,2.0,-2.9,-2.5,-1.4,-0.8,7.7,4.0,1.9,-0.2,-7.4,-1.4,-1.3,5.2,-3.4,-2.1,-2.3,-0.3,5.1,3.4,5.3,-2.3,-4.1,5.8,-4.2,-1.0,11.2,2.9,-3.5,-0.2,2.4,-11.0,-9.2,1.6,-1.6,10.6,2.7,5.6,9.8,2.3,-10.2,5.5,3.7,3.5,-1.3,0.6,0.3,2.2,-8.3,2.0,-0.9,6.5,3.1,-3.4,2.2,-4.0,5.5,7.8,6.5,6.6,5.3,5.2,8.0,7.2,-11.7,-3.3,-8.9,5.0,5.0,7.8,1.7,0.4,-1.6,-0.8,10.6,0.1,-2.0,-2.3,-5.9,2.7,-1.9,-4.3,-6.8,-2.2,2.8,-8.1,2.1,6.6,6.1,6.6,10.5,10.3,0.3,-0.2,-0.5,-0.2,-6.5,-9.3,9.6,-2.1,4.4,1.2,9.9,7.6,-1.3,-1.0,0.8,1.2,-9.7,5.1,-4.9,7.4,-11.9,-7.7,6.5,-1.0,-7.9,0.5,1.1,4.8,-1.8,-8.5,-6.5,9.8,11.5,0.4,8.1,-5.3,-5.0,-3.2,0.3,-4.7,-16.1,5.3,-0.1,-5.7,8.8,-6.1,-4.4,-3.0,-0.3,-1.7,0.6,2.9,-0.9,-2.6,1.6,15.2,8.7,2.9,-2.4,1.1,7.3,-2.5,-1.6,-0.1,-3.9,-0.8,-2.0
2017-09-01,5.4,-1.3,8.1,5.6,-1.3,3.1,1.3,1.3,-2.5,-4.0,10.4,-4.0,1.4,2.7,0.8,-0.4,1.0,13.0,0.0,2.6,1.4,2.2,-1.0,-3.0,-2.6,-3.5,7.8,-2.6,-5.4,-1.0,-0.1,-7.4,5.5,1.3,2.1,-6.4,-9.3,-4.1,-3.2,-1.3,-0.7,3.4,-2.1,1.1,-2.4,2.5,-5.6,-6.1,-3.4,-7.3,-6.6,-4.4,-3.9,-0.7,-2.0,-3.1,9.4,-7.2,2.4,0.5,4.2,-4.4,6.3,3.6,-4.6,-0.7,0.7,-1.2,-5.0,3.5,-2.9,-0.7,-14.4,-0.0,-1.3,7.1,-3.1,-1.5,9.6,7.1,4.2,1.9,2.8,-0.3,-1.3,4.4,4.5,-0.4,1.6,-3.9,-2.7,-2.1,2.3,-0.4,-0.4,2.2,-5.0,-5.7,1.5,6.6,4.5,7.9,3.6,-3.3,0.9,-2.2,8.4,14.0,-4.0,1.2,-0.6,7.9,8.4,-6.2,10.8,3.4,-3.0,5.1,10.0,0.8,5.3,2.7,-1.8,-2.7,-1.4,0.9,-0.6,3.6,-5.7,-3.7,1.5,-2.1,-1.1,0.7,-17.4,-4.8,10.9,-2.4,2.6,-0.1,1.5,3.1,0.6,6.1,4.0,-1.3,2.3,6.8,0.9,2.8,-2.4,6.2,12.6,-10.2,2.1,2.8,4.1,-2.8,7.8,6.7,-15.8,3.5,2.4,-0.7,-0.9,5.0,-8.9,0.5,-2.1,-0.6,-10.5,0.9,5.2,-1.0,1.4,0.6,-5.4,-3.8,-2.3,-6.7,-9.9,-3.7,-4.8,-2.8,-3.4,3.1,2.1,8.6,-8.5,-9.6,-5.1,3.7,9.6,-7.0,-3.1,-1.4,1.2,1.2,-1.4,1.2,-2.7,-12.1,-2.2,2.0,5.2,5.1,2.8,2.7,-4.7,-2.7,2.2,2.6,-0.0,0.4,-1.0,-1.2,-2.3,0.0,-3.9,4.3,3.1,-2.6,2.3,6.2,1.6,1.4,10.1,-7.3,-4.7,-5.1,-10.4,0.4,6.9,-4.3,-2.6,1.9,3.9,3.2,7.6,-6.6,-1.0,-5.6,2.1,-3.3,-8.2,3.6,5.0,6.1,2.0,-0.1,-0.8,5.1,-2.1,-2.8,6.5,-1.1,-2.9,-3.5,3.6,4.7,4.8,1.3,-4.2,-3.6,3.7,5.2,6.5,3.0,2.8,9.3,-0.3,8.1,-16.7,-3.2,3.9,-12.9,1.9,5.6,3.4,-0.6,0.6,-11.0,2.4,5.4,8.9,-1.5,2.4,2.1,-1.4,-7.2,3.7,8.6,3.6,4.9,-5.1,12.9,-0.9,3.2,2.6,1.8,2.6,-0.5,2.0,3.7,3.1,-11.9,-5.1,-6.3,3.0,4.3,10.2,0.9,3.5,-4.1,5.0,15.6,0.8,-1.6,-4.0,-6.0,-2.0,-3.0,-9.9,-3.6,0.1,10.4,-15.0,2.5,-11.1,1.5,5.9,2.0,8.0,-3.2,0.4,0.5,-9.9,-5.5,-14.7,7.2,0.5,3.0,5.6,3.4,5.5,-9.1,0.6,5.0,13.3,-10.8,2.1,-5.5,4.1,-7.9,-5.1,9.1,11.2,-3.8,11.8,-1.5,5.1,-4.1,-3.6,-2.1,15.2,10.6,1.9,9.2,-12.2,-9.1,-14.4,9.4,7.7,-6.4,6.4,-0.3,-2.9,10.0,-9.1,-10.8,-1.7,4.7,-4.1,0.9,1.0,0.9,-0.8,1.4,10.4,-1.5,0.3,-3.5,7.1,12.0,-1.1,-9.1,-2.6,-10.6,-0.9,-1.3
2017-09-07,1.4,0.5,9.5,-0.4,2.3,0.8,-0.5,1.5,-1.9,-7.7,10.1,3.9,-2.0,1.1,0.2,-0.4,-2.9,11.0,2.1,-2.3,0.4,4.6,4.2,-16.1,-3.2,1.3,1.1,-1.5,-3.2,1.9,0.8,1.8,5.0,1.7,7.9,-1.5,-6.2,2.5,-3.3,0.7,1.4,9.5,-2.0,8.4,0.9,-3.4,0.9,-0.5,3.1,-2.1,-10.2,-3.9,-2.0,2.4,0.7,0.9,2.5,0.4,8.2,3.4,-5.0,-2.8,6.0,2.7,1.9,-0.6,2.3,2.2,0.7,-4.2,-3.4,-0.2,-5.8,1.6,3.2,4.0,0.5,1.2,-2.7,5.0,4.1,-3.9,1.5,1.4,1.3,4.0,9.0,1.3,3.0,-3.3,-0.1,-1.3,3.7,1.3,0.6,6.4,2.3,0.6,-13.2,5.4,-12.7,6.9,5.2,2.4,6.9,4.5,-3.6,6.4,2.1,2.7,-3.2,-0.8,3.4,0.6,1.3,8.8,-2.5,10.3,2.6,5.8,3.9,2.8,0.1,-0.6,1.6,4.5,6.6,9.5,1.7,0.3,-1.4,-1.7,-3.6,-0.8,1.7,-2.3,13.3,0.3,2.0,3.1,4.2,-1.9,0.0,-0.5,1.8,1.5,-13.3,-13.4,-2.2,0.2,-1.1,-18.8,14.7,-2.0,1.4,10.3,12.4,0.2,5.5,3.3,4.1,5.8,7.4,1.3,0.0,-5.7,1.1,3.3,0.0,3.8,-0.7,1.3,9.1,-0.4,3.6,2.7,0.2,-1.9,8.8,-1.8,2.0,-0.2,-0.1,2.7,0.9,3.7,1.3,6.7,-3.7,-2.8,-0.8,6.2,3.4,-2.5,3.0,-9.2,-3.2,3.3,0.3,2.3,0.3,-5.6,-1.2,5.2,4.8,13.7,4.1,4.1,-4.1,3.3,2.3,-0.3,-0.9,1.6,-0.1,0.2,4.8,-4.3,-4.6,5.0,4.9,2.4,2.5,6.4,1.6,0.9,5.5,-3.0,5.0,0.6,-1.2,0.4,-4.2,-6.6,-2.9,-1.4,5.7,2.6,3.4,-4.9,-2.1,-3.7,2.3,-1.7,3.1,3.0,4.6,8.4,1.8,-6.8,-9.1,12.1,-2.2,-1.3,5.8,-5.8,1.8,-0.8,2.9,13.2,3.6,1.8,-4.4,-6.8,0.4,2.5,4.5,8.3,-0.2,-2.1,1.8,-0.2,-2.2,-3.0,3.1,-5.7,8.8,2.1,0.6,4.9,0.8,-8.5,6.0,-0.7,0.1,2.9,1.4,0.3,0.4,-5.4,7.6,2.6,9.3,2.5,-7.1,1.3,-6.2,6.7,2.6,5.5,-1.3,6.6,3.5,7.8,0.6,-4.6,1.6,2.9,5.5,2.3,4.2,-1.4,-2.0,-1.7,6.4,9.4,9.5,-2.3,-1.8,-3.9,-1.6,-1.7,-5.0,-7.4,-1.0,6.7,5.6,-2.3,5.1,5.8,5.7,7.3,9.4,3.2,3.9,-12.5,-2.8,-4.1,-7.6,8.7,-1.7,7.4,4.3,6.0,4.7,-3.7,-3.2,-11.6,-3.9,-5.8,3.5,-7.0,7.5,-5.3,-8.1,8.2,-0.2,0.6,-0.2,-2.1,2.3,1.6,-1.5,-5.2,10.0,9.1,4.2,8.9,-4.5,-4.2,-8.7,1.5,-2.1,-6.5,6.0,0.9,0.7,9.5,-6.6,-2.0,-2.2,0.5,-2.8,1.1,1.3,-2.1,-2.7,1.0,-6.7,2.2,13.1,0.0,3.8,-10.2,0.9,0.3,-0.5,-4.4,-0.7,-1.8
2017-09-13,7.3,-4.4,1.8,-4.4,-5.1,1.9,0.6,-2.7,-2.2,-11.0,7.3,-7.4,-0.2,-3.7,-2.7,-7.6,0.9,8.9,0.8,-1.4,-2.9,-3.8,-1.0,-5.4,-2.8,1.8,3.0,-3.0,-4.8,-3.9,-1.3,-7.3,6.7,4.1,-5.4,0.1,-9.3,-2.9,-3.3,2.2,-0.9,2.9,-1.7,2.2,-4.8,-1.4,-2.8,-4.4,0.2,-4.6,-2.1,-2.1,-4.7,-0.3,-7.3,-3.3,-1.6,-2.7,-4.5,3.4,-6.5,-6.1,4.3,-0.4,-2.7,-2.7,-3.4,-5.8,-1.5,-3.0,-3.1,-1.5,-3.1,-0.2,-4.0,-0.6,-1.5,0.2,-6.9,1.4,15.2,-6.2,1.9,-1.2,0.2,4.1,14.9,-0.4,5.6,-3.7,-4.0,-2.1,4.9,-2.0,-0.5,5.8,-2.2,4.3,-0.1,-0.1,4.9,-2.5,-1.0,-5.1,-0.8,8.1,-9.9,-1.3,0.4,-0.4,-5.8,7.7,5.0,-0.4,-1.8,-1.1,-5.3,5.8,4.5,2.0,-3.2,-2.9,0.1,-3.4,0.4,3.4,6.3,8.7,-7.4,-1.8,1.0,-2.7,-3.9,-3.9,-2.9,-1.7,9.3,-6.2,-1.9,-0.6,1.7,2.3,-3.2,-8.9,-1.3,-0.9,3.3,-12.8,-7.5,10.9,-3.4,0.3,12.2,-3.7,-0.2,-1.9,5.3,-4.0,-10.9,0.3,-3.5,1.0,4.9,-2.0,-4.2,-6.9,-2.4,-5.4,-2.7,-0.3,-3.6,1.1,-0.8,-4.7,-0.9,-0.3,-7.0,-2.2,-5.5,-5.7,-0.4,-2.3,-4.0,-5.5,-6.7,0.1,0.2,5.8,-4.1,-6.8,-4.0,1.1,-1.2,-7.0,-3.0,-4.8,-1.4,-2.5,-2.5,-1.2,-1.3,-5.9,-6.8,-0.2,1.4,-1.2,0.4,3.4,-3.0,1.7,-1.2,2.1,-5.3,1.5,-1.6,-0.5,-5.8,-1.6,-3.0,-0.4,-1.2,-3.8,-1.8,8.7,-3.4,-1.2,4.6,-10.0,-4.8,-5.1,-1.6,-5.4,-2.0,-5.3,-2.5,-8.9,0.9,2.2,-0.7,-9.7,-5.7,-5.9,4.1,1.4,-2.4,0.7,0.4,0.8,-3.6,-3.5,-4.2,-1.6,-0.8,2.5,4.0,-2.9,-1.3,1.2,0.7,2.6,-2.4,-1.4,-3.1,-6.5,0.5,-2.4,3.4,4.2,1.9,-0.4,-1.8,-0.2,-12.0,-0.3,0.9,-10.6,-3.4,5.7,-4.1,0.9,-0.4,-3.4,1.3,-1.4,-1.9,0.4,-1.1,-1.1,-0.3,-5.1,1.1,-4.2,3.0,-8.4,-4.8,-0.4,-6.0,2.5,2.2,-4.8,2.2,0.5,1.0,-1.6,10.2,-6.7,-1.0,4.2,2.3,0.6,4.7,1.6,-3.5,-3.3,0.5,9.1,-2.1,-1.8,-4.0,-6.4,-5.1,-3.8,-5.4,-9.6,-3.2,14.2,-3.5,-2.6,7.8,3.1,7.0,9.5,6.2,-3.6,-5.0,-7.4,-3.6,-6.8,-10.4,9.2,-9.9,8.1,8.2,10.3,8.2,-7.1,-9.2,2.4,-4.8,-9.6,6.6,-8.8,7.9,-7.2,-6.0,4.6,-5.1,-4.0,0.5,-3.9,-0.6,-3.2,-3.5,-5.4,8.8,9.1,1.8,5.4,-7.2,-2.9,0.4,2.9,-1.1,-7.4,5.4,-1.8,0.9,11.0,-1.1,-4.0,-2.4,3.4,-0.8,0.4,2.6,0.6,-12.8,-6.0,2.6,2.1,5.0,-5.0,-1.6,1.1,-1.4,-0.4,2.2,-3.1,-0.5,0.3
2017-09-19,1.4,-2.2,2.7,-0.0,-2.6,3.3,1.3,-3.4,-4.7,-8.1,9.1,-0.5,2.6,2.2,0.6,-2.7,2.8,9.3,1.3,-1.9,4.1,6.8,2.5,-5.9,-4.5,-0.1,2.2,1.7,-9.7,-0.3,1.6,1.6,6.0,1.1,-1.7,2.2,-6.0,0.0,-0.1,-1.8,-6.0,6.8,-5.7,-4.4,-3.6,-0.9,-2.9,-1.8,-1.3,-0.1,-3.8,6.9,-2.7,1.3,-3.2,-1.3,4.4,0.7,-1.7,8.2,-4.6,-5.1,5.5,3.6,-4.3,0.7,-1.3,-2.0,-0.9,-1.2,-3.0,-0.6,-2.5,0.2,3.7,2.4,3.6,3.6,-13.4,5.1,3.2,4.5,0.7,4.3,0.0,-0.3,8.0,-0.3,0.2,-3.9,-1.2,-1.2,6.7,3.3,-6.2,3.3,4.0,9.4,-0.9,1.8,4.0,0.7,3.4,-0.9,0.1,-1.8,-12.0,3.5,1.6,-0.2,4.0,0.7,5.9,2.2,-2.0,4.3,-2.8,9.0,2.0,3.8,9.5,2.6,-1.1,-1.3,0.9,4.6,9.8,7.4,5.2,2.4,2.1,-0.5,-2.2,-3.7,1.2,0.5,9.3,-2.4,0.3,0.2,5.4,5.0,-0.7,0.6,2.1,-0.2,3.5,-12.0,-3.8,0.9,-0.6,1.9,13.3,-2.6,-1.5,5.4,7.6,-2.1,-1.3,4.0,3.7,6.2,7.2,-1.2,-3.6,-5.7,3.7,-4.4,-2.5,2.9,-7.5,0.6,6.4,-3.2,2.3,1.1,3.2,-4.0,0.6,-2.1,3.8,-0.9,0.2,-1.4,1.1,5.7,-0.5,7.3,-0.8,-6.5,-4.4,2.8,1.4,-6.3,1.4,-0.2,1.1,-0.2,1.9,-1.1,3.3,-10.4,-1.6,-2.6,9.1,8.0,0.7,5.0,-1.8,1.2,3.8,1.3,-1.8,3.8,-0.0,7.3,-8.3,2.1,-1.4,2.2,4.7,4.7,4.1,4.6,1.7,5.6,1.5,-7.3,3.4,1.4,-0.8,2.6,2.5,4.2,3.9,4.0,2.4,4.5,8.6,-4.5,-1.0,2.0,-0.3,0.8,1.6,3.2,3.6,11.5,8.3,0.6,-2.3,3.9,0.1,1.0,4.0,-4.2,-0.3,4.1,3.7,5.2,4.9,4.8,-0.8,-7.0,12.7,-0.7,6.0,4.1,1.3,2.5,1.7,0.7,-1.5,-2.5,2.5,-2.8,5.8,3.4,3.6,10.2,2.8,-1.8,4.9,0.5,0.6,1.9,1.1,1.0,-1.5,-5.0,1.0,-9.5,5.7,-1.8,-3.3,2.9,-1.9,3.2,4.5,2.2,4.1,2.7,2.9,6.5,6.1,-2.4,0.3,6.8,2.9,-0.6,6.1,3.3,-1.0,-3.6,3.7,8.6,-2.3,1.2,-1.0,-4.3,-2.4,-1.0,-3.9,-4.8,0.6,0.1,-8.3,5.3,7.2,3.1,5.0,10.1,9.5,-6.7,-10.8,-1.1,-0.4,-4.1,-7.6,11.3,-3.6,7.4,4.6,4.2,8.6,-13.9,3.1,3.2,-1.8,-6.4,4.7,-3.7,9.8,-10.1,-3.7,9.1,-7.5,-5.5,0.7,1.2,3.2,0.4,-2.5,-4.1,3.2,8.3,2.0,7.8,-7.1,-7.9,-14.6,3.8,1.5,-6.3,6.9,-0.4,1.3,15.8,3.8,-2.9,-1.1,6.4,4.3,2.4,4.5,2.1,-2.7,0.7,11.8,4.1,4.3,-0.7,4.0,5.6,-4.3,-5.3,7.3,-4.3,-2.2,-3.9
2017-09-25,-7.9,0.5,5.0,-2.9,-2.1,3.4,1.4,-4.0,-5.3,-5.5,9.5,-6.6,1.5,-0.7,-2.0,0.1,-0.5,9.3,2.9,-3.5,2.2,8.5,1.2,-1.4,-2.4,0.1,3.3,0.3,-4.5,-0.1,1.5,1.6,5.8,4.1,1.3,0.8,-9.1,-0.1,-2.3,-1.1,-1.5,5.3,1.7,2.0,1.1,-4.2,-2.6,-4.3,1.7,-1.6,5.2,4.9,-3.3,2.1,-4.4,-7.8,5.5,-1.3,2.7,-0.9,-6.6,-6.6,5.0,-0.8,1.6,3.1,-3.3,-4.4,-5.1,-4.9,-3.2,-1.5,-5.1,-0.6,0.7,2.0,-0.0,3.1,-3.4,3.6,11.5,-2.3,3.1,-1.2,5.4,2.9,2.4,2.8,1.2,-3.9,-3.0,-1.2,11.7,-3.4,-2.2,1.3,-6.0,-2.3,1.7,3.0,2.7,0.7,3.9,-4.4,-0.8,0.1,-5.3,0.5,-0.6,0.4,-3.1,2.8,3.0,2.5,1.1,-0.0,-5.3,4.7,7.0,4.7,-11.4,-2.5,-5.8,-0.3,1.7,3.2,3.2,3.0,-2.4,0.8,1.5,-2.3,-4.8,-5.9,-0.8,-3.4,10.0,-0.6,-2.5,-2.5,4.0,5.1,-2.7,0.6,-2.2,-1.0,4.4,8.7,-5.8,1.4,-1.3,7.3,14.0,-0.4,-5.8,-3.7,6.3,-3.9,-0.0,3.3,-2.8,1.2,0.5,-2.6,-5.0,10.3,-1.4,-4.7,-4.2,5.6,-8.4,-0.8,4.2,-0.6,1.4,-0.8,3.8,-4.4,2.2,-2.6,3.0,-2.7,-3.0,-1.2,-6.7,3.6,-0.5,4.8,-8.7,-4.2,-5.0,-1.7,-3.6,-5.5,-1.1,-1.3,2.1,2.7,-1.8,-0.7,0.5,-9.7,-1.0,1.1,-0.9,4.2,2.4,-2.3,-2.2,0.4,4.7,3.4,-2.4,-1.2,-1.6,2.9,-5.4,-2.5,1.5,-1.9,1.2,4.7,4.1,3.7,-0.4,0.1,-5.9,-8.4,-2.4,-2.9,-1.6,2.7,1.1,2.3,1.6,2.3,2.5,3.5,11.7,-4.6,-3.2,-4.7,5.5,-0.9,-1.4,-3.5,-2.0,3.8,1.2,-1.9,1.6,0.3,-2.2,-1.9,5.7,0.6,-0.2,2.1,-1.0,6.7,-0.1,1.5,-5.6,-6.5,16.1,0.3,-0.3,0.9,1.4,2.4,0.8,1.5,-3.8,-2.4,0.3,-14.1,3.5,2.3,3.4,7.6,-0.1,-3.2,5.2,-0.0,3.7,1.2,0.6,2.7,-0.2,-7.0,3.4,-5.6,2.6,-0.8,-6.4,0.9,-5.7,2.4,7.8,2.1,2.3,2.9,2.7,6.2,3.6,-6.3,-1.9,0.9,2.9,-1.2,8.8,1.2,2.3,-5.5,-0.6,8.4,-3.5,2.0,-2.5,-6.9,0.0,-2.8,-5.0,-9.8,-4.4,6.7,3.3,-0.8,6.3,1.4,4.3,9.9,6.6,-5.2,0.7,-4.5,-2.7,-6.9,-9.4,5.2,-3.6,5.2,2.2,8.9,8.0,-11.8,-3.3,1.8,-1.8,-9.9,2.6,-8.4,7.7,-10.7,-5.4,5.8,-5.7,-6.9,1.5,-4.1,-0.4,-2.9,-2.8,-3.0,13.3,5.1,1.2,6.2,-6.9,-4.4,-13.3,3.5,0.8,-12.5,6.4,-3.5,-3.7,9.7,-5.4,-2.8,-1.7,6.7,-1.4,-2.2,1.8,-1.7,-3.5,2.0,3.7,0.6,4.6,-2.9,-0.4,5.1,-4.0,-6.2,7.0,-4.1,-4.9,-5.9
2017-10-07,2.6,1.3,0.5,-0.4,-0.9,4.1,4.7,0.8,-3.0,-2.0,9.8,-1.4,-1.3,-1.5,-0.9,2.8,0.9,4.9,4.9,-4.0,1.5,7.6,1.0,1.4,-1.6,0.5,3.1,0.1,-2.0,0.8,-0.9,2.2,12.3,3.1,-1.0,1.5,-8.1,-1.7,-2.9,-1.0,-0.3,6.0,-1.6,13.6,-2.3,-1.4,-3.5,0.9,3.8,-1.0,-7.5,-0.2,-1.5,-0.5,-5.2,2.6,3.7,-0.3,-0.2,4.4,-3.8,-1.6,3.8,-0.1,0.6,-0.1,-0.4,-2.7,1.2,7.5,-3.5,-1.8,-4.8,2.1,2.0,8.9,6.7,1.4,2.3,5.1,4.7,9.7,4.0,4.6,2.8,-1.6,-0.6,-0.6,0.1,-4.9,-2.1,-2.0,7.4,0.5,-0.4,2.0,-4.8,0.0,-13.6,2.0,0.2,4.1,4.9,-1.6,2.6,8.1,2.0,2.6,-2.2,2.4,3.1,6.7,5.3,0.9,-1.4,1.4,-4.1,4.7,0.8,1.4,7.2,1.9,-2.2,-3.1,0.0,4.4,3.9,6.9,-4.6,-1.1,1.3,-1.8,-0.9,-3.6,6.6,-6.3,9.2,-5.3,1.1,-0.4,2.6,4.2,-1.1,-2.9,-0.5,-3.3,1.7,-12.3,-3.7,11.1,-3.2,-17.6,8.7,-5.0,0.1,2.3,4.8,1.1,-3.5,4.3,6.2,2.2,-1.3,-2.0,-3.8,-4.2,0.8,-3.8,-3.4,3.8,-6.8,1.1,6.5,-1.3,1.6,4.6,2.5,-2.4,-1.6,3.9,6.2,-0.3,-0.8,-7.7,-5.7,3.8,-2.3,3.8,2.1,-8.3,-3.7,9.3,-4.7,-8.0,2.1,-1.7,-0.0,-0.3,-2.3,2.0,-0.6,-12.2,-0.4,1.4,0.0,1.9,4.1,5.0,0.0,0.5,2.2,0.6,-2.1,7.6,1.6,-0.3,-1.7,-2.0,8.8,1.1,3.4,0.2,3.8,10.1,2.1,10.3,-1.7,-1.9,5.7,1.2,2.4,-0.7,-2.8,1.6,1.6,1.4,-1.0,10.3,0.9,-6.2,-1.6,-0.3,1.8,-2.8,-0.6,3.9,2.2,9.1,5.6,-3.4,-9.1,2.3,-1.6,-6.0,4.4,-3.6,0.7,-0.1,3.6,6.6,2.4,2.9,4.1,-2.0,3.6,4.0,2.5,-0.7,2.4,2.0,1.4,-0.7,-0.2,-4.0,1.9,6.0,5.1,-1.0,4.8,7.4,1.9,-10.0,4.1,2.1,4.0,2.1,1.0,0.7,0.3,-7.2,1.6,1.6,3.6,-1.2,-2.7,4.6,-4.8,4.3,5.3,5.2,1.1,2.7,4.5,4.5,6.5,-6.5,1.8,4.6,2.4,-2.5,7.5,2.1,-0.6,-2.0,3.8,11.8,-4.5,1.1,-0.9,-0.8,-3.9,-0.6,-2.2,-5.9,1.8,4.7,-0.7,6.5,6.8,6.4,4.7,9.4,7.5,1.9,0.8,-3.4,-2.4,-2.5,-4.8,9.1,2.3,10.1,5.6,3.5,7.6,-8.2,-7.1,7.2,4.5,-3.8,3.4,-1.5,10.8,-14.3,-8.3,8.4,-5.0,-6.6,3.1,-0.5,3.8,1.6,-1.4,-5.2,12.7,14.1,2.9,8.5,-8.7,-4.1,-2.2,2.4,2.5,-5.2,3.9,-0.2,1.1,13.8,-3.0,0.2,-0.4,6.5,2.5,-0.1,3.3,-0.9,-0.5,4.0,11.1,3.5,4.9,-0.3,3.7,13.4,-1.5,-1.9,4.4,1.0,-0.8,-1.2
2017-10-13,-4.6,-1.5,2.1,-4.4,0.7,4.0,3.3,-1.4,-8.3,-6.5,8.7,-7.5,0.3,-6.0,0.7,0.2,1.9,11.4,1.2,-2.8,9.4,-10.6,1.4,1.2,0.1,0.1,1.2,-2.7,-6.1,-4.1,-0.2,-10.2,4.3,-5.8,-9.0,-4.8,-10.4,1.4,-5.5,-5.4,-3.0,5.5,-8.1,-4.6,-6.4,-5.7,2.0,-1.9,1.0,-1.6,-5.6,2.7,-3.8,-0.3,-3.9,0.1,-3.4,-2.1,-4.1,5.6,-4.9,-2.4,4.8,6.5,3.6,-6.5,-5.9,-5.7,-3.0,0.7,-3.4,0.2,-2.2,-0.4,3.1,3.4,3.3,2.5,-3.7,6.6,-7.1,-4.1,2.8,-3.3,-1.2,-1.6,3.9,-2.2,5.2,-3.0,-3.9,-1.8,7.3,-3.3,0.9,-1.0,-8.2,-5.7,0.1,0.5,3.6,5.5,2.0,0.2,-1.4,2.5,-7.2,4.1,5.1,0.4,0.0,-2.3,2.6,-7.2,0.7,2.6,-4.7,4.1,-0.5,-0.3,-7.4,-5.3,7.9,-2.1,1.2,4.1,5.1,5.1,-4.6,-1.2,4.3,-4.0,-4.1,-8.2,-13.5,-4.9,8.5,-6.3,-1.0,-3.0,4.4,1.2,-4.3,-2.0,0.2,-3.4,4.8,-3.9,-9.5,1.6,-3.8,-1.4,10.3,-9.8,1.6,-2.7,4.8,-1.2,-1.4,0.8,-4.4,-1.4,-3.9,-0.9,-3.0,-3.7,4.7,-5.3,-6.1,1.4,-3.9,-1.0,0.6,-5.0,0.2,-0.3,-3.3,-3.2,-1.3,-3.1,-2.3,-1.3,-1.5,-3.1,-2.5,-2.5,-13.7,12.6,-7.6,-9.1,-5.3,1.0,-2.2,-6.1,-0.3,-7.5,-1.1,-0.3,-0.1,1.6,-7.1,-2.6,4.9,2.0,-6.5,0.8,-1.5,1.6,-4.4,1.3,1.1,2.3,-4.8,-5.5,-2.5,1.3,-3.8,-0.4,-3.3,3.4,3.0,-1.1,0.6,5.3,-5.2,1.8,-3.2,-4.2,0.9,-0.6,-3.4,-2.7,-6.2,-0.9,-1.9,-2.3,1.3,0.4,12.0,-5.6,-2.7,9.3,0.0,-0.4,-3.8,-0.1,1.2,11.8,3.1,-0.4,0.5,13.4,0.1,2.9,4.6,-0.3,-4.7,-1.6,-0.1,1.0,2.7,2.5,3.1,-6.9,2.2,-2.2,3.8,2.0,1.6,-3.4,5.1,-7.2,-1.0,-1.5,2.1,-5.4,0.3,2.4,-0.6,-0.8,-1.6,-1.6,3.7,-2.7,-1.5,4.9,-1.6,3.7,0.5,-8.5,2.5,2.4,2.6,-9.6,-5.0,-1.5,-8.8,2.1,2.3,1.5,-1.8,1.3,0.4,2.1,4.8,-9.3,1.3,14.9,1.2,-1.7,5.5,3.1,1.7,-1.7,-1.2,9.8,-4.9,-1.7,-3.4,-5.1,-7.8,-3.9,-3.4,-10.5,-1.6,1.8,-2.5,0.1,5.2,1.0,3.9,4.3,3.9,-3.1,-5.3,-5.1,-4.9,-3.4,-8.4,8.1,-8.0,6.8,4.3,5.3,10.3,-8.6,3.5,-1.7,3.5,-7.2,3.1,-6.6,7.5,-9.7,-9.6,9.3,5.5,-6.6,-1.0,-0.8,2.1,-4.1,-6.7,-5.8,5.9,6.5,1.5,8.8,-17.1,-7.2,-5.7,0.6,-3.0,-14.3,3.8,-3.2,-4.3,7.4,-7.0,-5.3,-5.3,2.1,-0.8,-0.2,1.8,-3.7,-2.2,1.6,3.1,-0.3,1.8,-1.9,1.1,14.4,-3.8,-4.1,-5.8,-4.3,-9.0,-4.5
2017-10-19,2.8,-2.1,7.3,-1.7,0.6,0.4,0.8,-2.0,-3.3,-5.4,11.4,4.7,1.0,0.1,-0.9,-2.1,0.6,21.3,3.4,-5.2,0.2,3.8,3.9,6.3,2.3,1.4,-0.4,-3.1,1.2,-8.0,-2.0,2.0,2.6,-2.3,-7.7,-0.8,-3.4,-0.3,-7.2,-1.4,-9.3,5.9,-0.8,0.5,1.3,-2.6,-2.8,-3.3,8.1,-0.8,-9.6,5.4,-2.9,2.3,-1.9,7.1,4.8,-0.2,-4.8,4.6,-1.2,-0.5,4.4,2.4,-0.5,-7.8,1.4,9.5,2.1,-5.5,-3.8,-0.6,-1.5,0.9,3.6,6.1,1.9,-1.7,-1.5,5.6,4.3,6.2,4.5,0.7,2.7,4.8,-0.3,-14.7,3.0,-2.5,0.4,0.1,7.0,0.0,-12.6,6.9,-0.7,3.9,4.1,1.9,1.5,4.4,6.3,-0.9,3.1,3.1,0.7,6.2,0.5,1.6,0.0,0.1,2.7,2.6,-2.8,2.6,-5.5,2.3,12.9,-10.1,5.1,3.0,2.1,0.4,0.5,1.2,6.9,7.1,-4.4,4.9,-7.6,-1.1,-2.6,-4.6,2.7,-2.5,13.0,-1.1,1.5,2.5,3.0,5.0,-2.2,-0.1,-0.2,8.7,10.2,1.6,-5.5,-1.6,-2.7,7.8,15.0,-1.2,-1.9,5.5,11.4,-0.6,-0.4,3.7,3.9,13.3,9.6,2.0,-1.6,-0.8,0.0,-6.5,-3.4,7.0,-3.4,4.5,4.2,-0.7,4.5,4.3,-1.4,-2.7,1.7,-3.8,-1.6,0.3,5.1,-2.1,-3.4,4.4,3.6,5.3,3.5,-9.1,-2.6,6.4,2.4,-5.9,0.9,0.1,-0.8,3.7,-1.4,1.0,1.7,-11.0,-4.0,3.3,0.4,4.3,1.3,5.0,-0.5,2.6,4.9,2.1,-0.0,2.4,1.4,0.4,-15.8,-0.7,-0.3,-0.8,2.7,-4.0,7.0,10.7,6.6,4.3,-1.9,-18.7,2.1,6.1,3.9,0.2,-3.5,-1.4,12.0,0.7,2.6,6.4,12.0,1.7,-3.6,2.2,2.3,1.0,-5.0,-0.7,1.0,8.2,3.8,0.3,3.3,0.2,1.8,-4.2,3.9,2.1,4.2,-3.0,3.7,6.6,3.1,4.2,2.0,-8.1,6.6,3.1,5.7,6.1,3.3,0.2,-1.0,-1.8,-6.1,-6.5,3.0,-3.1,4.8,1.8,-0.5,7.3,1.3,-9.0,6.4,5.5,-1.9,0.9,2.7,2.9,-0.2,-13.9,2.8,-1.3,-0.1,-5.8,0.4,3.0,-1.9,1.6,4.3,5.6,-1.1,14.0,3.5,5.0,6.3,-6.6,3.1,4.7,4.4,3.9,4.6,3.3,9.5,-5.4,2.9,9.2,-1.2,-3.2,-1.7,-2.3,-4.1,-1.9,0.2,-3.9,0.3,6.9,6.5,-1.0,5.4,4.7,3.9,8.6,10.2,2.2,2.9,-3.4,-4.4,-3.8,-4.7,7.9,-1.2,8.4,4.2,1.9,7.5,-3.4,-2.7,2.0,-3.8,-5.7,2.6,-3.9,11.5,-6.1,-7.8,9.6,-3.6,-9.8,-0.6,0.8,5.8,-4.3,-1.6,-4.6,8.7,9.8,1.3,7.7,-7.8,-4.5,0.1,4.8,-0.4,-16.9,8.8,0.2,-10.9,10.6,-5.6,-6.2,-2.9,-0.9,1.0,2.7,2.9,-1.0,-3.8,-0.3,7.0,1.7,2.5,0.0,1.9,6.5,-1.4,-2.5,-11.8,0.7,-3.0,-5.5
2017-10-25,0.8,3.1,5.4,0.9,0.8,0.9,4.3,-2.0,-5.7,-3.8,11.1,-0.0,1.4,-2.1,1.6,-0.5,-0.5,10.9,4.9,2.8,4.5,3.8,3.5,3.1,5.7,3.7,1.9,-0.4,-3.2,-2.2,3.3,2.9,14.0,13.9,-8.3,-5.4,-5.0,0.9,-2.7,-0.2,-3.4,8.0,-0.3,0.0,0.2,-3.7,-1.2,-1.9,2.8,0.9,-4.9,6.1,-1.7,1.8,-5.0,0.7,-0.3,1.1,4.2,0.0,-1.2,0.4,6.5,6.9,-0.4,-0.6,2.8,0.0,-2.2,-0.2,-2.2,0.6,-2.8,4.1,4.1,6.2,2.4,1.2,-2.4,8.0,1.3,1.3,3.5,3.9,3.9,5.0,1.6,-0.7,3.5,-2.7,-2.7,0.6,9.3,3.7,4.0,2.2,-8.0,5.9,2.8,4.3,3.0,4.3,3.1,0.9,5.0,4.7,2.1,4.5,1.6,-1.3,0.5,-3.2,6.1,2.7,-0.8,4.3,-0.7,7.1,-1.0,1.7,2.5,0.4,-0.2,-1.4,3.5,5.5,8.7,4.2,3.4,4.4,2.0,-0.1,-1.8,-2.3,1.6,2.5,11.0,-1.6,0.9,-0.2,6.5,4.5,-2.1,2.8,1.2,1.2,5.1,-2.1,-8.0,1.8,0.7,3.4,12.1,-3.8,-0.9,-1.3,10.1,-1.8,2.8,1.6,0.9,4.3,4.0,0.4,-3.5,0.9,-7.1,1.3,-2.6,5.2,-2.1,0.3,3.3,-0.4,3.6,3.9,-4.7,1.8,-0.5,-1.3,2.7,3.4,-2.3,0.5,-3.4,3.6,1.5,5.7,2.6,-0.8,1.3,1.3,-4.3,-6.8,2.6,2.1,8.8,-2.3,1.5,-0.3,-0.9,1.1,-1.3,0.5,-5.4,4.8,3.4,1.7,-0.3,5.1,5.7,11.5,-0.3,8.3,3.1,3.0,-6.8,-1.2,-0.1,-6.6,3.0,-1.9,2.4,-8.3,3.9,3.4,-1.6,-2.3,5.3,3.1,4.9,3.0,-2.3,-2.3,1.0,4.2,6.3,6.0,13.8,-4.1,-1.8,-5.1,4.0,0.6,-0.5,0.8,0.6,1.3,5.0,-2.5,-9.1,4.6,-1.5,-2.4,1.5,-0.3,-1.5,-4.3,2.0,5.5,-1.0,2.8,0.6,-2.3,5.9,2.9,5.8,6.5,2.5,0.8,-1.0,-5.0,-8.2,-1.4,2.8,-12.9,3.3,11.8,3.0,10.9,1.9,-14.6,6.5,-3.2,1.8,3.5,0.8,0.2,1.0,-4.8,4.7,-4.4,5.3,-1.9,-0.9,3.8,-5.3,3.9,7.5,2.5,10.9,3.1,5.5,6.2,1.7,-3.4,4.0,3.9,1.5,-1.6,10.4,0.7,2.5,-2.2,4.7,10.7,0.7,-0.8,-2.1,-2.7,-1.9,-1.2,-3.3,-5.7,0.0,-0.5,-3.6,0.1,3.3,1.4,7.5,9.0,7.5,6.1,2.1,-1.6,-10.8,-4.3,-7.9,7.4,0.4,5.9,-0.7,5.1,8.9,0.2,-7.8,3.1,2.5,-8.2,0.6,-5.8,8.8,-7.9,-6.0,10.8,-6.7,-3.9,3.6,0.8,2.1,-3.2,-3.1,-5.2,13.3,10.4,-0.5,7.9,-9.6,-1.0,-1.4,2.8,3.0,-5.2,6.4,-5.5,-3.7,12.0,-3.4,-5.8,-2.8,5.1,4.1,2.9,2.9,-1.8,0.7,0.3,8.3,5.5,-3.1,1.4,2.6,9.4,-0.9,-2.6,-7.6,4.6,-2.5,-1.6
2017-10-31,1.3,3.1,3.6,-1.0,-1.9,5.4,3.7,-2.4,-2.6,-4.9,8.5,0.6,0.4,-0.6,3.5,-4.0,-0.7,9.1,1.7,-1.4,-1.0,0.2,1.4,2.1,3.0,1.4,1.2,-2.0,-5.4,-1.3,-0.5,4.6,-1.0,-5.3,4.8,2.8,-5.7,1.0,-2.1,-2.7,-10.6,3.3,-0.7,-1.2,-0.8,-2.4,-0.1,-3.1,1.9,-2.0,-3.4,1.4,-2.8,-0.7,-11.7,3.3,10.0,-4.3,-0.5,-0.5,-2.9,-2.7,2.0,1.3,1.7,-3.6,4.8,-1.1,-3.7,-0.6,-3.6,-1.0,-2.7,1.5,-0.8,-3.8,0.3,1.9,-6.7,5.2,10.6,7.0,4.1,5.4,2.6,4.6,-0.5,-4.1,4.3,-3.2,-1.7,-0.5,2.3,2.1,-3.5,4.6,-2.8,1.9,4.0,4.5,-3.1,-4.7,-0.8,-3.0,-2.8,3.8,-11.1,3.2,1.1,0.5,-2.1,0.9,0.5,-0.4,0.9,-0.1,-2.2,11.5,1.2,6.1,3.6,1.2,1.2,-1.1,1.0,1.6,3.8,6.4,1.0,1.4,0.3,-2.0,-3.4,4.7,-3.9,-4.7,12.0,1.8,2.1,3.5,4.1,3.4,-0.1,-2.1,-1.2,-1.9,2.7,2.5,-3.8,-0.3,-2.5,4.3,13.5,1.2,2.2,3.1,1.6,-2.3,-1.0,3.0,0.8,3.7,2.9,3.1,-2.5,0.4,-13.5,-1.7,-1.5,5.7,4.5,-0.6,3.8,-1.5,1.7,3.0,-5.8,-3.7,6.4,-5.5,-4.2,-2.5,-1.7,-3.1,-0.4,2.0,3.0,12.7,-3.5,-11.9,-1.7,3.7,8.5,-9.1,5.1,-3.4,-3.2,2.2,-1.9,-1.0,-4.7,-9.3,-6.2,-0.1,4.2,2.3,-0.3,3.5,5.6,4.7,0.6,3.8,-3.9,0.2,-0.9,-0.2,3.9,-1.5,0.7,2.4,3.1,-4.2,0.4,10.7,-0.8,-5.9,-4.1,-5.1,0.8,0.4,4.2,-3.4,-1.0,-1.3,-0.4,-7.9,2.4,-2.0,-3.8,-3.2,-5.2,1.4,2.5,-0.6,-2.9,0.4,2.1,-0.6,2.6,0.5,0.7,8.4,-1.3,-2.0,1.2,-2.3,-4.3,-1.0,1.8,2.4,0.5,-0.1,-3.7,-3.2,0.7,2.3,6.2,2.8,0.9,-1.6,0.4,-3.8,-11.3,-1.1,4.1,-12.1,-4.2,4.8,2.1,2.1,0.3,-9.0,1.5,3.9,0.5,-0.5,0.9,1.8,-2.0,-3.8,4.3,0.3,6.2,-5.7,-8.3,2.9,-5.1,0.8,0.1,-1.9,8.5,-0.9,1.4,0.5,5.3,-8.7,-1.6,-1.4,0.8,2.7,4.4,1.7,3.7,-1.7,-0.1,15.3,2.1,-0.5,-3.6,-2.7,-7.8,-3.3,-9.2,-3.0,-2.1,-0.8,-5.1,-0.7,-2.3,-0.6,0.9,1.7,4.0,4.1,6.7,-4.0,-6.2,-1.3,-14.5,4.0,-4.4,2.4,1.9,1.1,4.8,5.7,-7.0,3.9,2.2,-11.1,-1.8,-3.6,5.0,-7.1,-3.9,9.0,-7.9,-11.6,0.7,1.6,4.0,1.2,-15.8,-2.5,14.5,-2.5,-0.1,8.7,-11.0,-14.2,1.8,2.2,4.1,-2.9,8.6,5.9,-1.7,6.1,-4.4,-5.6,-1.4,3.3,5.1,-3.2,3.3,8.0,-2.1,-4.5,4.1,3.8,-4.9,-3.1,-1.2,6.8,-2.3,-6.1,-4.7,-2.8,-7.8,-5.9
2017-11-06,3.9,-4.6,1.6,-1.1,1.9,2.9,8.1,2.9,-0.2,-5.3,11.8,2.7,0.6,3.4,12.8,-2.2,0.6,11.8,1.5,-1.0,1.6,0.7,2.6,4.0,4.5,8.7,4.3,-0.2,-2.6,-0.7,-3.5,3.2,8.7,-2.2,-3.8,-0.4,-8.8,1.8,0.7,-4.4,-7.9,5.3,2.9,2.7,-3.6,-4.1,1.7,-2.8,-7.4,-1.4,-3.4,-0.5,-2.6,-0.5,-0.3,-6.3,5.1,-2.7,-1.7,5.7,-3.2,-3.0,5.9,1.9,-0.7,-2.0,1.8,0.1,-4.4,-2.2,-3.9,-2.1,-0.8,5.0,1.5,3.3,-4.2,-0.3,-6.9,5.3,11.9,-8.6,2.5,3.1,0.8,3.7,2.9,-6.9,2.1,-4.6,-1.5,-2.6,4.8,1.5,5.0,3.4,-1.1,1.1,5.9,4.1,2.6,1.1,1.7,-4.5,0.8,6.1,-8.0,3.8,5.6,0.2,1.6,8.2,6.6,0.2,-0.7,0.2,-4.4,2.4,-0.9,-2.1,8.9,3.9,1.4,-2.1,-0.7,2.5,9.6,6.5,-1.7,-1.4,-8.4,-3.7,0.0,3.9,-1.2,-3.6,8.7,0.6,2.6,2.5,7.8,5.7,-0.7,-2.9,-6.6,-4.1,-3.7,0.5,-3.7,8.2,-4.2,1.1,13.4,-0.7,-0.5,3.5,7.8,0.5,-1.9,5.1,-3.5,0.4,0.7,-2.1,-4.0,2.5,-0.4,-4.8,-5.0,2.8,-18.1,1.3,-9.3,-5.0,3.6,0.9,3.4,-2.8,-4.8,-4.6,0.6,-4.1,0.5,5.3,-1.2,-11.5,3.3,14.1,-4.2,-2.9,-1.2,3.5,-12.4,-7.8,1.3,-3.9,-3.9,-1.5,-0.3,4.6,6.9,-10.0,-5.0,4.2,2.4,4.9,2.1,3.3,-1.6,2.2,4.0,0.4,-2.3,-1.2,1.1,-1.4,2.3,0.2,2.8,1.5,5.6,-6.9,4.4,9.2,1.9,-3.6,-3.5,-5.4,1.5,2.7,-0.7,-0.5,1.6,1.5,7.2,12.7,4.6,10.1,13.2,-4.6,0.6,-2.3,3.7,2.8,3.2,3.7,4.5,6.8,4.6,1.6,3.2,3.2,2.7,4.9,5.5,3.4,-0.4,2.0,4.8,1.2,0.3,10.0,2.0,-3.1,4.3,2.4,6.6,4.4,1.4,7.6,3.5,0.5,-17.0,-2.5,3.9,-15.7,-0.0,-0.6,2.3,5.6,1.5,4.7,7.4,5.1,5.9,1.3,2.4,2.9,0.3,-3.6,3.1,-6.7,7.5,-3.0,-5.8,6.2,-3.4,2.5,3.2,3.0,-0.3,1.5,1.6,2.9,3.6,2.0,-2.7,1.3,1.9,5.5,9.3,1.8,5.6,1.7,2.8,7.9,8.6,-1.0,-1.4,-4.2,-2.0,-1.0,-9.2,0.0,2.8,2.3,-6.0,-2.2,-0.6,-1.3,4.2,7.2,4.9,1.7,-4.1,-3.9,-0.7,-4.2,-9.7,3.2,3.8,3.7,-1.5,3.7,4.8,1.0,-1.9,3.2,-0.1,-6.3,-0.6,-3.9,6.9,-8.2,-2.5,10.8,-3.2,-9.5,3.7,0.6,4.8,-1.6,-10.0,-1.9,20.9,11.3,1.8,8.2,-7.2,-6.2,2.7,3.7,3.6,1.4,9.5,7.8,-0.5,10.1,-5.0,-1.9,-2.3,3.4,3.5,2.0,3.5,4.1,-4.5,-2.9,1.6,3.8,-2.8,-0.8,2.8,1.5,-2.0,-4.2,-1.2,0.8,-2.2,-2.8
2017-11-12,9.2,-1.4,0.4,1.1,-6.5,4.2,4.1,-6.6,-3.9,-6.0,9.1,2.2,1.7,2.0,0.2,-9.7,2.3,9.3,3.8,-1.7,-1.3,3.8,4.3,2.4,2.1,-2.1,-1.0,2.0,6.4,-3.0,-1.4,-6.4,5.1,2.8,-5.5,1.4,-9.3,-1.5,-2.0,-5.7,-1.0,6.8,11.7,3.0,-2.6,-2.2,-5.1,-1.5,3.3,-0.5,-4.3,-4.4,-1.7,-0.5,-8.4,3.9,-1.5,0.4,2.1,2.1,-3.6,-2.9,5.8,3.5,-9.2,0.7,3.2,0.6,-7.3,2.1,-3.0,-0.6,-0.4,-2.2,4.9,1.7,0.6,2.6,-2.8,2.4,3.0,-0.7,2.1,1.9,2.1,3.9,5.3,-6.9,1.7,-3.0,-0.9,0.6,5.6,0.9,-4.0,1.9,3.4,2.1,7.8,2.1,3.4,1.5,6.9,-2.0,-1.3,-6.2,-5.5,2.6,-1.8,-3.1,2.7,15.1,6.8,0.4,-3.0,7.0,-4.6,8.6,-2.1,-3.5,3.9,0.9,0.7,-1.2,2.7,3.1,-0.1,5.4,1.7,1.7,2.7,-0.9,-4.1,0.9,-1.7,2.1,6.7,-10.4,2.7,0.1,5.4,3.9,-7.3,-3.6,-1.7,-0.8,3.0,-4.1,-3.5,8.5,-0.9,-1.7,12.8,1.3,3.0,0.0,10.7,-0.5,-3.1,4.8,-0.3,3.4,0.1,-0.7,-2.5,0.0,-0.8,-1.5,0.3,3.6,-2.3,1.5,0.9,-1.1,4.8,1.9,-1.4,2.4,-0.4,-1.1,2.6,-0.8,2.3,-3.2,-0.5,1.3,5.6,14.7,0.2,-3.2,-3.1,4.1,-2.1,-4.6,4.5,-2.0,0.1,3.4,1.6,5.3,10.4,0.3,0.6,-6.7,2.0,3.9,-2.5,5.0,-1.4,4.1,4.9,4.9,-2.3,-11.2,2.4,2.6,2.6,-4.4,-5.7,-0.0,4.2,-4.0,6.6,14.7,2.2,-8.1,-1.7,-5.8,3.7,-0.1,-0.9,1.9,-0.5,5.1,4.1,2.2,6.3,4.4,6.1,-3.6,-0.9,0.0,3.2,8.5,5.1,-0.5,-0.8,3.7,0.5,-0.2,0.4,5.4,2.1,10.1,4.2,-2.6,-3.4,-1.1,5.7,4.8,2.5,-0.6,-14.7,-3.2,2.2,5.0,8.0,10.9,1.5,2.2,1.0,-0.9,-4.8,-0.8,3.7,-10.8,-1.0,3.6,-7.5,3.2,0.9,-3.6,3.1,2.2,2.2,2.8,2.3,3.7,2.1,-3.5,1.5,0.1,8.6,-3.1,0.1,2.1,-2.1,3.2,-0.9,-0.3,-0.6,-1.4,2.2,6.0,5.3,-1.8,-1.1,1.9,2.6,2.9,9.3,4.3,3.9,2.6,4.5,14.0,0.5,1.9,-1.3,1.6,-2.3,-0.7,-2.8,-4.1,2.4,1.6,5.2,2.6,-0.6,3.4,4.9,-0.9,3.2,2.7,2.6,0.0,0.6,-0.7,-5.9,9.7,5.0,4.3,5.6,5.4,8.5,-1.1,6.6,4.0,0.1,-10.3,3.2,-2.0,11.4,-9.4,-1.0,7.8,-2.4,-6.4,3.4,0.8,4.6,5.8,-3.1,-0.8,12.3,10.4,4.6,8.2,-9.2,-4.2,1.3,4.2,3.1,0.8,8.7,4.8,1.1,10.8,-4.6,-5.0,1.0,13.5,5.6,4.5,3.2,-3.9,-3.2,-2.1,5.6,11.3,-0.8,-2.7,-0.4,6.7,-3.4,-2.5,-3.9,-2.4,-2.2,-5.1
2017-11-18,4.0,-1.7,-0.4,-1.1,4.7,4.1,11.3,8.5,-2.0,-1.5,7.1,1.7,3.0,1.1,-8.2,1.1,4.6,8.0,4.8,0.2,2.8,3.7,5.2,-14.5,-0.2,-1.9,-1.6,3.2,2.5,-0.8,1.0,-0.7,6.0,1.8,2.2,-1.2,-2.7,-1.2,0.8,-0.9,-2.1,10.0,3.7,5.6,0.3,-2.4,-2.9,-2.4,2.6,1.8,-10.7,-2.3,-1.2,2.2,2.1,4.2,4.1,0.7,0.2,3.7,-2.8,-1.4,4.9,4.0,4.9,-0.3,1.1,3.7,-4.4,-0.2,-3.4,0.6,1.2,0.3,-5.9,2.2,0.2,0.7,1.1,4.1,1.8,7.1,3.8,3.2,6.1,7.0,3.9,-7.1,2.2,-1.4,0.3,1.2,5.8,0.5,-2.1,2.9,-0.6,2.7,7.5,4.5,5.1,1.5,5.8,-2.4,0.7,1.5,-15.3,4.3,-0.7,-1.0,0.8,-2.7,10.6,6.0,-3.6,4.4,-2.7,7.0,-2.9,-5.1,6.4,1.6,0.5,-0.8,2.3,3.3,4.8,6.3,-2.1,1.7,4.4,-0.3,-1.9,3.1,6.0,2.2,8.0,2.1,2.2,-2.0,3.3,4.3,-1.0,-2.1,-1.7,0.0,4.2,3.2,1.2,6.5,-2.1,1.3,13.7,0.7,1.6,3.0,8.3,-0.3,-0.4,3.1,0.8,2.2,2.6,-1.5,-2.9,1.3,4.1,0.5,1.9,0.2,-0.4,2.1,2.1,-1.4,3.4,1.7,4.0,-6.2,-2.6,-3.8,1.1,3.7,-11.6,5.4,2.0,-0.2,2.7,12.7,0.6,2.3,-3.6,3.6,-0.6,-4.4,6.1,-0.2,-0.0,2.1,1.8,3.9,-4.6,-1.2,-0.8,-5.7,2.0,2.4,1.4,2.3,2.4,7.3,4.8,3.3,-2.5,-0.4,1.9,2.1,2.0,-4.1,-2.0,-3.6,5.4,-8.5,5.1,12.6,2.7,10.8,-2.7,-6.6,3.5,1.2,-0.2,7.6,0.4,5.9,4.6,6.2,6.4,0.8,1.6,0.3,2.5,-0.1,1.3,5.5,6.1,0.8,-3.4,5.9,2.0,0.3,2.4,1.0,-0.8,-15.8,7.7,-2.2,-2.1,0.2,7.0,5.3,-0.5,-0.6,-7.8,-2.4,3.8,1.5,3.8,5.2,2.0,-2.5,14.1,1.7,-3.1,-1.6,2.7,-6.2,9.3,2.2,-0.8,2.7,1.4,-12.2,4.7,1.4,4.2,1.8,1.7,-0.6,0.3,-4.1,4.2,-2.7,4.1,-4.4,-2.4,4.6,-2.8,1.7,3.5,4.9,-1.1,-4.2,1.6,3.8,5.4,-5.8,-1.9,1.3,2.5,-1.9,6.5,3.4,4.8,2.2,0.9,11.1,2.5,-0.8,-1.3,-2.2,-1.3,-0.3,-2.8,-4.2,1.1,4.2,1.0,6.2,2.2,2.4,1.6,4.1,4.4,0.4,-2.4,6.0,-2.5,0.2,-5.5,9.2,-0.9,4.4,6.0,1.6,4.6,0.6,3.3,4.9,7.1,-4.8,3.1,-2.3,9.1,-7.4,-15.8,8.0,-4.0,-5.9,3.7,1.8,6.4,1.1,-5.6,-4.4,10.1,8.1,1.2,7.4,-10.0,-6.0,1.3,4.6,5.2,1.5,9.1,2.3,1.2,9.0,-5.1,-0.4,-0.5,10.5,5.4,1.2,2.9,-0.4,-2.4,-1.2,6.1,2.6,-1.1,-1.9,1.7,7.7,-2.4,-4.3,-2.9,-2.1,-3.0,-2.8
2017-11-24,11.7,1.1,0.0,2.0,-6.5,2.1,4.5,-4.5,-6.0,-4.1,6.0,-1.4,-1.7,-1.5,4.6,-2.0,0.8,7.3,0.9,-4.9,-1.1,-1.1,2.6,-3.2,-4.9,-3.6,-4.5,1.1,1.9,-4.2,-1.8,-3.5,0.6,-0.1,-6.9,-1.2,-5.0,2.7,-3.7,-5.6,-6.4,5.2,-4.0,-1.1,-5.1,-6.3,-3.9,-3.1,-1.4,-2.3,-9.7,-4.1,-2.7,-0.6,-4.3,-4.1,2.0,-1.9,-3.1,3.1,-5.7,-2.5,1.2,3.3,-8.6,-1.9,1.9,-3.4,-9.7,-1.7,-4.7,-2.0,-3.8,-1.9,-0.7,-1.0,-1.4,2.3,-7.5,1.6,0.7,0.5,0.9,-0.6,-1.3,8.0,3.3,-3.3,5.2,-4.2,-3.4,-1.9,7.4,-3.3,-2.6,-2.9,0.7,4.3,4.5,2.5,0.6,3.1,0.8,0.5,-5.1,5.0,-3.9,3.7,-5.5,-3.9,-2.9,6.1,9.3,-0.9,-3.8,5.4,-4.1,-7.9,2.7,0.7,-8.6,-1.8,-2.7,-2.7,1.8,4.0,-1.7,2.4,1.8,1.2,-0.4,-2.1,-4.0,1.7,4.9,0.0,6.0,-5.0,-0.8,-0.9,0.5,3.4,-4.1,-5.9,-0.4,1.4,1.7,-2.9,-7.8,3.3,-3.1,1.2,8.2,-10.8,-2.2,-0.4,0.7,-0.9,-6.6,2.8,1.5,2.3,1.8,-0.3,-0.3,-0.4,1.1,-6.5,3.7,6.8,-7.5,-1.7,-0.9,-4.2,0.6,-2.3,-8.9,-6.6,0.0,-3.0,-0.2,-2.0,7.6,-5.5,-2.9,-0.4,2.6,11.9,-3.7,4.1,-5.8,3.5,-0.3,-3.4,2.8,6.0,1.8,2.4,-0.7,-1.6,-2.2,-2.8,-1.9,-6.8,-0.5,0.7,0.6,2.3,-1.1,5.4,1.0,3.8,-1.2,8.1,-6.6,-5.5,-3.8,-5.3,-5.2,0.6,1.1,-3.3,-0.9,10.0,2.3,7.7,-3.6,-8.8,0.7,-0.3,-8.7,0.3,-1.7,0.4,2.1,-0.8,14.8,2.6,3.0,-8.1,-2.7,4.9,4.9,-10.4,-4.3,-3.9,-9.0,0.9,2.7,1.3,6.6,0.8,-1.5,2.3,4.1,-2.9,-7.0,0.3,3.7,3.6,0.9,5.4,8.6,-4.5,2.0,-0.4,4.3,5.1,0.5,0.9,-3.4,2.2,-8.0,-1.8,2.0,10.4,1.1,-1.5,-2.5,2.4,-0.3,-6.4,3.6,-6.5,-4.0,1.1,-1.2,1.4,-1.8,-5.3,-3.1,-4.3,2.4,-3.3,-4.4,0.5,-3.5,-0.1,-0.1,0.7,3.5,1.2,1.5,0.7,2.0,-3.7,-2.4,-1.7,2.4,4.1,4.4,1.2,1.0,-0.5,1.4,13.3,-2.3,-1.1,-3.5,-4.6,-4.8,-3.2,-5.1,-6.8,-3.2,-1.8,-9.3,0.9,-0.8,1.7,3.6,2.6,2.1,0.8,3.0,-4.1,-4.5,-5.2,-8.8,4.3,-2.4,4.7,3.1,3.5,4.6,0.7,-7.3,-0.6,0.4,-9.4,2.9,-8.6,8.6,-9.0,-4.8,8.3,-6.2,-8.4,1.8,-1.2,3.0,-9.5,-1.3,-3.6,8.5,10.6,-1.5,3.7,-11.2,-6.8,-9.1,2.1,4.5,1.4,11.4,-1.6,-2.6,3.5,-3.6,-1.6,1.0,11.1,6.2,2.1,2.3,-0.5,-3.8,0.2,3.5,0.8,3.5,-1.9,1.7,6.6,-4.0,-5.5,-6.1,-3.3,-3.2,-5.0
2017-11-30,3.9,5.7,3.1,-1.6,0.5,3.5,5.1,1.4,-4.4,-3.3,8.2,2.6,0.1,0.0,10.3,5.9,0.3,11.6,1.3,-16.8,-7.7,-1.3,5.0,6.9,1.1,-2.6,3.3,-0.6,-3.7,-2.1,-2.7,-1.2,9.2,7.7,-11.5,-0.5,-5.1,3.1,-1.8,3.4,-17.0,2.4,-0.2,-2.2,-0.4,-5.1,-2.5,-4.4,4.1,-1.6,-4.2,-6.2,0.0,-2.5,0.3,6.3,-1.5,-6.1,0.8,1.6,-2.0,-1.0,3.7,3.1,-7.2,3.9,7.0,1.6,-7.2,1.0,-4.2,-1.4,-0.2,-5.7,-0.4,8.7,6.3,4.5,-18.4,4.9,6.7,-1.4,0.4,2.9,2.7,8.0,0.2,-4.3,4.9,-2.4,-0.5,1.2,3.4,-3.9,3.3,3.5,0.5,6.4,9.4,4.5,5.1,5.1,2.8,-0.6,-7.4,-8.3,-16.1,3.7,4.1,0.3,-5.8,3.6,12.7,-0.4,-5.1,0.6,-3.2,5.3,-2.3,-1.5,8.7,2.6,0.2,1.6,1.5,2.5,4.9,6.3,3.8,6.4,5.7,-1.3,-0.9,2.6,-3.1,-1.4,8.9,-4.2,3.6,-0.3,4.9,5.1,-1.2,-3.5,0.8,-0.2,5.7,8.7,-0.8,-10.1,-2.3,-5.5,12.1,-5.4,3.4,3.8,10.1,-0.5,2.4,3.8,4.6,4.1,7.0,4.6,-3.4,-7.3,-3.4,-2.2,2.1,5.1,5.2,1.9,1.5,-4.2,2.0,1.9,-0.7,-3.1,-8.6,0.2,-1.7,4.5,2.3,-0.1,-0.9,2.7,1.9,6.1,2.3,-2.5,-1.5,1.7,7.2,-3.5,2.4,-4.2,-2.5,-0.5,-2.2,2.0,-1.8,-14.7,-5.4,2.7,2.2,3.9,0.5,2.7,1.7,1.8,2.7,2.7,-3.3,-0.1,-0.8,-9.1,0.5,2.4,-0.9,0.9,3.4,-8.1,2.5,9.8,0.4,3.8,0.3,-1.5,-0.4,-1.1,8.1,0.2,3.1,-1.3,1.7,-0.6,5.4,1.4,9.0,-3.0,-2.2,-0.6,0.7,5.2,3.5,-6.3,-10.8,4.5,0.7,0.6,3.1,5.8,-1.1,-11.4,5.3,-6.0,-3.9,2.7,4.8,1.8,2.1,3.2,2.9,0.2,13.4,2.1,6.6,-7.2,1.7,11.3,5.5,-0.2,-10.4,-0.9,3.5,-12.1,-9.4,4.8,-2.6,0.7,1.2,-4.7,7.7,1.1,3.4,6.4,2.9,6.6,2.5,-4.6,2.0,-5.4,5.7,-3.2,2.6,0.5,-1.0,1.4,-0.4,-0.4,1.9,-0.9,0.3,4.4,-2.6,-5.0,-1.6,-1.2,4.9,-0.2,8.0,0.4,4.6,3.6,-0.4,13.7,-5.7,-0.2,-2.4,4.7,-1.6,-1.1,-7.9,-0.9,2.1,-5.2,-9.7,-0.3,-3.8,-0.9,2.0,0.6,-0.6,0.7,2.6,-1.6,-1.5,3.0,-8.7,10.2,-1.2,2.3,7.9,0.3,2.5,-3.1,-0.2,6.2,-1.2,-7.8,5.2,-6.1,8.3,-3.6,-2.5,8.8,-1.6,5.8,2.6,1.4,6.1,2.1,-5.1,-0.9,16.9,17.5,1.1,9.9,-7.0,-10.3,7.7,6.4,6.8,-2.7,10.5,2.5,-3.0,8.9,-5.4,-1.7,2.8,11.0,7.9,2.1,3.7,3.5,0.6,-1.3,7.3,4.2,1.4,2.5,3.6,10.5,-1.0,-4.2,-2.0,9.1,0.5,-2.1
2017-12-06,6.7,-0.2,7.3,-0.9,1.2,3.4,6.7,6.7,-1.6,-1.3,7.5,-0.8,2.3,-0.7,10.0,0.4,2.3,11.2,2.5,-6.1,-4.8,-1.0,4.8,2.9,3.1,-15.0,4.0,1.3,-3.1,-2.6,-1.4,-4.8,4.3,5.3,-4.7,-2.9,-7.2,4.5,-2.3,-1.1,-2.7,7.4,0.5,4.6,-0.5,-0.5,-2.3,-0.5,0.6,-0.9,-3.9,-0.3,-0.1,1.5,3.8,1.5,0.3,1.9,-0.3,0.6,-6.4,-1.7,3.4,2.0,1.2,-4.6,5.9,2.5,-6.4,-0.9,-3.9,-0.7,-3.1,-4.6,10.8,7.3,6.5,3.9,-0.6,6.5,-1.4,5.8,2.9,1.5,2.8,6.5,2.5,2.4,8.9,-2.3,-0.5,-0.6,4.8,0.2,-1.7,2.6,-3.9,0.1,7.6,3.6,3.0,6.7,3.6,-10.8,2.3,0.6,-1.2,5.1,-2.5,-2.4,-1.2,1.7,9.2,2.1,-0.1,3.9,-3.0,7.7,13.4,-1.5,6.5,2.3,1.2,-0.9,3.5,4.5,5.1,5.3,2.0,4.2,5.6,-2.1,-3.9,4.2,-0.1,4.4,7.5,-3.2,3.3,-0.3,7.5,3.8,-2.7,-1.1,-2.2,-1.8,4.7,-0.8,-3.5,12.7,-2.2,0.7,15.2,-1.8,3.7,-2.2,10.6,1.9,-0.0,6.7,2.2,2.5,1.3,-11.8,-4.8,-1.5,2.6,-2.1,-0.3,2.5,0.2,2.9,2.2,-1.0,3.1,4.1,1.5,-5.1,-8.6,-1.4,2.2,-0.2,-1.4,-0.0,-3.5,0.9,1.9,6.4,0.2,2.6,-2.5,-0.8,9.0,-3.2,2.3,-0.8,2.0,0.7,0.3,1.1,-4.4,-1.5,-1.3,-0.0,4.7,-3.6,-4.9,3.8,-0.3,3.5,3.2,-0.1,-1.6,0.6,0.5,5.8,-5.8,-2.3,-12.6,-2.9,-3.7,-3.5,2.6,9.5,2.0,6.1,-4.0,-2.7,3.0,1.6,1.1,0.9,-5.2,9.0,-11.3,0.4,8.1,7.3,-2.7,-2.0,-2.6,1.4,1.0,5.4,0.9,-1.1,-3.1,2.8,0.7,0.9,9.1,0.9,0.0,4.7,6.4,-2.2,-4.0,-1.3,3.6,4.6,-0.2,10.8,-16.6,-3.0,2.6,0.4,3.3,-0.4,2.3,-6.0,7.1,2.1,0.9,-2.1,5.6,-11.1,-0.9,1.1,-0.9,-3.9,1.8,-4.2,6.4,2.7,2.8,1.6,3.4,4.0,1.3,-4.7,0.7,-5.8,3.2,2.6,-2.1,3.4,-5.1,1.6,1.0,0.5,-0.7,-6.1,1.3,-2.4,10.1,-2.5,-1.1,3.5,3.4,3.6,10.1,0.7,3.2,1.7,0.4,6.7,-0.8,-4.7,-1.5,-2.0,-0.9,-0.9,-2.2,-4.2,3.6,-0.9,3.7,0.1,3.6,4.2,3.7,5.5,3.5,1.7,6.2,-3.4,-4.4,-2.6,-6.0,7.9,3.0,8.1,6.2,2.7,6.0,2.7,-4.5,10.6,-0.8,-5.2,2.4,-4.3,8.8,-6.5,-2.5,7.0,-5.5,-13.0,3.5,0.5,5.0,-1.6,-2.1,-3.8,10.8,11.6,-1.8,8.2,-8.0,-4.9,-1.3,3.4,5.0,1.9,7.0,6.0,-4.3,14.5,-3.0,-3.4,1.2,9.2,4.3,5.1,5.2,6.1,-2.8,1.1,8.1,2.3,6.4,-0.3,4.3,9.1,0.1,-6.9,2.1,0.3,0.9,0.6
2017-12-12,4.0,2.0,-0.2,-0.6,1.9,4.6,5.8,1.6,-3.0,-4.4,6.4,1.0,2.6,1.6,7.6,0.5,4.4,4.8,3.7,1.1,1.6,-2.8,4.0,2.0,6.8,-3.1,-1.3,1.3,-1.3,-5.0,0.1,-4.1,2.6,2.0,-5.0,-2.9,-5.0,-0.1,-1.7,-5.7,0.4,6.6,8.0,4.1,-3.3,-2.2,-2.4,-1.3,-10.5,-0.6,-6.8,3.9,-1.2,3.4,-3.6,-3.4,-0.7,-1.0,5.0,3.1,-2.2,-0.2,3.5,3.6,0.4,-1.2,0.1,2.5,-3.1,-0.5,-3.2,-1.1,-1.2,-1.0,2.0,4.8,3.2,0.6,-4.2,4.8,2.1,-1.0,2.7,2.4,2.8,4.1,4.9,-0.3,4.2,-2.8,-0.4,1.2,6.5,2.0,1.4,4.4,1.1,-2.4,-9.3,1.4,4.4,4.5,2.9,-4.0,2.9,6.2,-4.7,7.3,-2.0,3.0,0.2,-1.0,7.6,1.1,-3.6,4.0,-6.1,3.3,5.7,2.0,4.4,1.7,-1.8,2.1,3.2,5.3,5.1,6.5,-5.6,0.5,4.5,-4.3,-4.4,1.6,0.9,-2.8,7.9,-14.3,2.7,-2.1,5.1,2.8,0.5,-0.4,-1.9,1.8,4.6,-1.5,-3.3,6.3,-2.8,-6.0,12.4,0.6,3.4,2.4,3.1,1.8,-1.1,2.3,-0.1,-0.3,4.3,0.2,-2.0,-0.8,-2.3,-3.8,-1.5,4.4,-1.9,2.6,-0.3,-4.2,2.3,3.0,1.3,-6.9,2.7,-4.3,-1.4,-0.3,-3.1,-1.0,-2.5,-1.9,1.8,9.8,-3.7,6.5,-4.4,2.3,-0.8,-4.8,0.3,-0.5,-2.7,1.5,0.3,-0.6,-5.9,-2.3,-2.8,4.0,-0.1,2.9,-0.2,3.3,2.3,3.2,4.0,0.9,-0.8,3.4,-1.0,8.4,-5.8,3.4,1.1,0.8,4.0,-1.0,6.5,12.9,1.4,5.4,-1.6,-11.0,2.2,1.4,4.0,4.2,-0.2,7.7,11.4,4.4,7.3,2.4,8.9,-3.2,0.3,0.3,4.1,5.7,7.4,-3.9,-5.8,3.8,8.4,1.9,4.9,1.6,0.5,10.0,4.8,-4.4,-2.3,-2.2,2.6,-8.9,-0.9,-8.6,5.5,-4.0,4.2,1.5,3.8,5.2,-1.0,5.7,4.1,1.8,-1.8,-3.4,2.2,-2.9,-1.2,1.4,-6.3,-1.3,2.7,-5.1,6.5,1.8,3.9,-3.1,0.9,5.7,0.0,-5.4,2.2,-0.2,8.4,-4.9,-1.5,2.1,0.9,0.6,1.8,3.1,-1.2,-3.2,0.5,1.0,2.8,-0.3,0.2,4.5,3.6,0.1,8.1,2.6,4.3,0.2,1.3,15.5,-7.9,-1.4,-1.6,-0.3,-2.4,-0.7,-1.0,-4.8,0.1,5.1,4.7,-2.5,4.9,4.0,3.2,1.4,3.5,-1.1,-0.3,-4.0,-1.3,-3.2,-5.3,4.8,-1.4,0.8,8.7,1.6,2.8,-5.6,-2.7,1.4,-3.5,-3.0,0.6,-2.9,9.3,-1.5,-0.9,7.1,-4.2,-2.5,3.6,0.9,5.3,0.5,-5.1,-1.1,9.1,9.1,3.4,8.8,-4.6,-6.4,-3.8,2.5,5.8,1.5,9.5,1.4,-4.4,14.8,-4.3,-1.4,2.1,-11.2,5.4,2.2,5.0,3.3,-4.6,0.6,8.4,1.7,2.3,0.2,5.1,11.8,-4.1,-6.4,1.2,4.2,-3.0,-3.4
2017-12-18,5.0,3.1,5.0,-1.2,0.8,2.6,4.2,0.6,-1.1,-6.5,11.1,-1.3,3.9,1.4,6.4,-0.4,5.5,14.7,5.2,-3.8,6.5,0.7,3.6,2.9,3.6,4.6,1.2,0.2,2.2,-6.6,4.0,-4.5,6.5,3.0,1.4,0.0,-4.2,4.2,-4.5,-0.5,-4.2,8.2,3.1,3.2,7.0,1.9,0.0,-1.1,0.7,-0.9,-1.9,0.8,0.3,-0.1,5.5,-1.0,2.6,-1.7,1.8,5.6,-3.7,0.8,4.9,0.5,-8.1,0.8,4.0,3.2,-7.1,-1.7,-2.8,-0.2,-4.4,2.6,1.2,6.1,5.5,7.8,-18.2,3.1,3.1,8.6,2.9,2.4,2.7,5.9,2.3,-0.6,4.6,-2.1,1.0,0.4,7.7,4.6,1.8,1.7,-0.2,5.5,7.6,5.2,2.2,4.6,2.3,-2.6,1.5,4.1,-5.5,4.2,0.3,1.6,-0.1,2.8,9.9,1.6,-1.8,0.8,-5.8,2.9,-1.1,2.4,8.0,3.4,-0.7,0.1,2.7,6.1,7.6,6.7,-7.3,6.5,12.3,-1.1,-4.3,2.2,3.3,-9.0,5.8,-4.8,4.8,-3.6,2.7,4.7,1.0,3.8,1.8,-13.6,10.1,-1.2,-6.9,5.0,-1.7,-18.2,11.9,-4.7,4.4,-1.2,7.0,1.4,4.2,3.4,1.5,4.1,4.4,2.2,-0.9,0.3,-15.5,-6.9,-6.6,-2.9,-3.3,3.4,2.3,1.9,3.4,2.5,1.1,-5.7,0.2,-6.0,-13.8,0.5,-1.1,-1.4,-1.2,2.7,0.9,9.3,-2.6,-1.8,-2.1,3.1,3.3,-2.0,2.6,1.5,-0.5,2.6,1.1,-1.3,-0.9,-4.2,-3.1,0.9,0.8,4.2,-4.5,3.3,0.1,3.4,5.4,1.5,-2.2,1.5,-0.4,4.5,-8.0,0.2,-3.1,1.2,2.5,-2.2,6.5,9.8,-1.6,4.3,0.2,-5.0,2.3,2.7,-2.1,2.2,-1.4,7.9,10.8,6.3,5.0,4.8,0.6,8.4,-2.0,1.9,3.4,3.0,2.6,-0.7,-0.2,6.7,2.3,-0.8,-8.1,3.6,0.5,2.4,5.2,-2.0,-1.9,-0.9,3.9,2.7,0.9,4.6,-5.0,-2.6,2.8,1.5,4.2,-1.6,5.0,1.3,2.1,0.6,-7.0,-3.5,3.1,-8.4,8.5,-5.2,-3.3,0.3,1.7,-0.7,3.3,0.8,5.3,-3.4,3.9,2.5,3.3,-5.4,5.3,-1.5,4.8,0.7,3.1,2.2,-3.3,1.4,-0.8,3.0,-7.4,4.3,0.9,-0.2,10.8,1.3,-0.6,1.2,1.5,1.3,8.0,0.2,1.8,3.0,-2.8,9.5,-1.2,0.6,-1.1,1.3,-1.7,-0.7,-3.5,-3.5,-1.4,3.5,6.1,1.9,1.7,0.8,0.9,3.3,3.2,4.9,11.9,-0.4,-0.2,-0.1,-6.1,12.1,-1.8,5.2,9.9,-1.3,4.1,-0.2,-1.7,11.5,2.0,-5.9,3.5,-3.4,10.6,-8.2,-6.0,10.5,-7.1,-4.6,1.9,1.1,6.2,5.4,-0.7,-0.2,15.9,12.9,4.1,10.2,-8.7,-5.8,-3.3,1.7,5.3,0.3,13.8,-0.2,-3.1,11.4,-6.0,0.2,1.7,9.4,5.2,3.1,3.7,2.2,-0.8,0.8,8.4,0.4,2.3,1.4,4.8,9.6,-4.6,-3.9,-0.4,4.1,-4.9,-7.1
2017-12-24,5.9,3.0,-0.9,-0.3,-1.3,4.6,7.6,4.4,-3.7,-5.1,9.9,-3.0,3.4,1.3,9.1,0.8,7.7,15.1,5.2,5.5,0.6,-3.2,8.9,3.3,4.6,-2.2,-3.1,0.3,-1.6,-2.8,-0.9,-5.7,5.1,-0.6,-0.3,-1.6,-5.1,4.0,-2.8,4.7,-3.9,7.8,3.1,-11.4,2.0,1.0,3.0,1.9,0.7,0.5,-7.4,0.6,-1.1,1.9,2.3,1.8,10.5,-0.1,4.5,0.2,-5.3,0.5,6.0,2.4,-2.9,-0.6,1.7,3.4,-4.5,-1.2,-3.0,-0.7,-5.1,-3.2,3.5,2.6,4.9,0.8,-3.1,4.2,2.3,14.5,1.0,6.5,3.0,3.5,-2.7,-2.5,3.0,-2.9,-0.6,-0.2,8.0,2.8,-7.9,1.0,-0.1,-6.6,-8.1,7.0,0.5,3.1,3.0,-2.7,0.7,2.8,-3.3,3.8,-1.7,-1.9,-2.6,-3.2,6.9,-2.0,-1.8,0.4,-2.3,0.9,-1.2,2.5,3.3,1.9,0.5,0.6,3.4,5.2,15.4,4.9,-3.8,-3.3,7.0,-3.7,-5.3,-1.2,-3.1,5.9,8.4,-5.0,3.6,0.4,8.4,4.2,-0.4,-1.2,-0.2,-0.4,3.7,-5.2,-3.7,1.4,-2.9,-14.7,13.3,-3.0,4.1,3.3,-1.4,-1.6,-0.5,4.4,2.3,2.4,5.3,1.6,1.6,-0.8,9.1,-0.9,-0.1,-3.3,-3.4,0.6,2.2,-2.3,1.5,3.3,-0.8,-5.6,0.1,-0.1,-5.2,4.4,-2.5,-3.0,-0.8,-0.3,0.7,4.1,0.8,1.0,-2.2,-2.8,0.5,-3.9,2.2,0.9,-2.6,1.4,0.0,-2.3,-2.0,-1.4,-0.3,-0.7,2.4,2.7,2.8,1.3,4.6,4.8,4.1,0.7,-2.4,-0.2,0.5,-0.2,-4.3,-0.2,-6.0,-0.4,-0.7,-1.6,2.3,11.2,3.3,1.9,-2.2,2.5,2.5,5.1,0.9,0.1,6.5,8.3,10.7,1.4,8.2,0.2,17.2,0.6,-5.6,-0.9,1.0,6.5,1.4,-5.6,-6.4,3.0,-0.0,-0.2,-1.7,1.0,-1.9,-6.7,4.5,-2.4,0.2,-1.2,2.4,14.1,-2.5,3.7,1.6,-2.0,3.2,0.5,2.2,-0.7,1.4,-2.8,-8.1,-0.3,-3.5,-4.3,1.9,1.6,-4.6,4.4,-3.5,1.6,2.2,-1.6,1.2,0.7,4.8,-1.1,2.2,-2.9,0.0,-5.3,3.1,1.1,8.9,-2.1,1.2,3.5,-4.3,6.2,3.3,1.1,4.7,-3.8,1.3,3.8,7.9,0.2,-0.0,1.9,1.0,-5.2,11.8,1.9,-0.1,2.1,-0.7,13.9,-1.8,-1.5,-1.6,-0.3,-1.7,-1.1,-0.7,-6.0,2.2,3.5,3.6,5.2,3.3,1.2,3.3,3.4,7.4,10.0,10.3,-0.7,-0.3,-5.6,-4.8,8.8,2.4,4.8,4.7,2.6,6.4,8.3,-1.1,-1.1,-2.9,-5.1,2.9,-4.9,9.2,-7.7,-7.5,6.7,-5.0,-7.6,2.4,1.8,5.5,3.8,-2.0,-2.8,6.4,9.6,1.8,8.6,-7.0,-5.8,2.3,3.2,4.0,-1.0,13.9,-2.1,-4.4,13.7,-1.6,-2.2,2.6,9.5,2.9,0.4,2.7,1.6,-0.7,1.0,7.9,2.7,1.8,0.5,4.2,11.0,-2.0,-4.4,0.6,3.9,-7.1,-7.6
2017-12-30,6.7,4.3,0.5,0.4,-3.4,5.9,8.1,3.9,1.4,-8.1,16.6,-1.9,5.6,2.9,9.6,0.2,8.2,18.0,6.0,-1.7,0.4,-2.4,7.1,5.1,5.2,8.8,0.7,1.0,-7.7,-0.2,2.5,-3.1,10.8,4.2,-2.5,0.5,-4.3,3.0,0.1,1.5,-1.6,9.4,6.5,2.0,2.6,1.6,2.3,-0.1,2.0,1.8,-4.1,3.8,2.4,0.6,4.9,3.9,0.1,-0.7,5.5,4.8,-2.2,2.0,4.7,2.2,0.5,-1.0,5.3,3.3,-5.7,-1.0,-2.0,1.5,0.9,-0.9,8.4,5.2,4.4,0.3,-2.9,4.4,3.3,8.9,4.9,4.9,4.0,9.4,5.6,-2.0,5.7,-0.7,2.5,3.5,8.2,-3.7,-1.4,2.9,1.4,4.8,11.0,4.3,2.9,4.1,4.0,0.3,7.4,5.2,-2.0,2.2,1.5,-4.3,0.7,-0.7,9.0,1.0,-1.8,5.6,0.3,7.2,0.1,2.3,6.3,4.1,1.8,2.0,3.6,7.0,3.1,8.6,-2.5,3.5,2.0,-1.0,-1.6,2.2,-5.5,4.1,8.6,-8.3,4.9,1.1,6.9,6.7,4.3,-3.7,1.9,-4.3,-1.9,-2.2,7.5,6.0,-2.1,5.5,12.6,-2.2,6.3,4.1,4.1,2.1,0.5,3.7,2.4,1.1,-4.0,-0.4,0.5,-0.5,5.7,2.4,0.9,-7.8,-1.0,2.8,2.5,-3.5,3.8,2.7,1.3,-2.4,1.4,1.2,3.3,4.3,0.9,1.6,2.0,2.5,3.6,13.0,-0.5,-5.1,-2.3,2.9,2.9,-1.4,5.1,4.2,-0.5,3.9,4.6,0.5,-0.1,0.3,1.2,1.6,1.5,5.6,-2.5,4.4,3.2,5.8,7.0,1.9,-1.1,5.2,3.0,6.0,-2.8,0.0,2.3,2.3,5.0,3.5,6.6,10.0,1.8,8.6,2.2,-0.3,4.1,3.9,1.7,5.1,-0.3,7.9,10.3,4.4,6.2,5.5,12.0,2.9,1.8,5.9,2.9,9.1,8.1,1.5,-2.2,7.6,2.9,4.4,-17.2,3.0,0.6,-2.3,9.1,-0.0,1.0,0.9,3.8,6.8,2.7,6.8,-15.9,-1.9,3.0,4.5,8.2,3.8,3.1,-10.4,9.6,2.6,-1.1,-1.2,4.7,-1.5,-3.7,1.8,2.0,1.2,2.2,5.4,5.1,8.9,5.1,-0.2,5.0,6.3,3.5,-3.9,7.2,0.3,7.7,-0.2,6.4,4.3,0.6,1.7,2.4,1.8,-3.2,2.0,2.3,0.6,11.0,4.3,1.3,4.9,3.9,6.7,12.5,4.3,5.7,4.8,3.4,20.3,0.7,0.6,0.1,3.8,-0.1,0.6,1.1,-3.5,2.3,5.2,6.7,-2.1,5.0,5.0,3.9,5.0,5.3,3.8,6.4,1.1,1.0,1.6,-2.9,11.1,1.0,7.4,8.6,4.1,5.8,0.0,4.1,11.0,0.6,3.7,5.2,-0.9,11.1,-4.0,-7.8,9.0,-1.8,-2.1,4.2,1.9,7.3,3.8,-2.3,-5.2,12.2,11.7,4.1,11.5,-4.8,-0.3,3.0,5.1,6.8,2.1,6.6,2.7,-3.4,16.6,1.1,2.9,4.9,9.9,7.7,5.5,-1.8,2.3,0.2,3.8,9.6,5.0,3.6,2.5,7.2,9.0,-0.5,-1.5,2.2,2.4,-2.1,-1.7
2018-01-05,6.2,0.1,0.2,-1.2,2.3,4.5,6.4,3.8,-1.2,-5.8,11.5,-1.9,1.9,0.0,8.8,2.2,5.5,12.3,3.4,-3.2,1.1,-2.5,6.0,5.8,6.9,9.5,1.0,1.1,1.0,-7.1,3.8,-4.2,-2.9,5.9,6.4,-1.8,-3.4,0.6,-3.3,0.6,-5.2,7.1,-0.2,-2.2,-1.0,1.7,-1.0,-0.2,5.9,-1.0,-4.5,4.7,-0.2,-0.9,-0.7,3.9,-0.0,0.4,6.5,1.9,-2.3,0.5,4.9,3.1,-1.1,-0.7,-0.6,2.9,-2.5,-3.4,-3.3,-0.9,-2.4,2.2,-5.7,7.5,4.7,1.6,-6.4,6.5,3.3,8.2,3.8,5.8,3.5,2.9,-0.0,-2.5,3.7,-2.1,-0.4,-0.5,5.4,4.4,0.9,1.9,-0.5,3.0,7.2,4.2,-2.5,7.0,4.7,-0.7,-0.2,3.0,-4.6,8.2,0.1,0.0,0.5,0.3,8.2,-1.5,-2.4,1.6,-4.4,5.1,0.3,2.0,4.1,2.8,3.0,0.8,0.8,2.8,7.0,7.5,-2.4,2.1,10.3,-3.3,-5.2,-1.8,-4.7,-2.5,9.5,-10.7,2.7,0.1,6.2,5.2,2.1,-0.1,-0.2,-6.0,7.5,-6.1,-0.1,0.7,-3.1,-16.2,11.1,-5.6,1.7,2.1,4.2,3.5,1.9,5.2,1.6,-0.3,-1.2,-1.6,-1.0,-1.6,-0.1,-4.6,-5.3,-4.4,-1.7,2.3,-0.1,-5.6,1.5,2.3,4.9,-2.8,-1.3,-1.4,-7.2,1.0,-3.4,-1.9,-2.5,-0.6,1.2,11.1,-0.7,0.3,-1.4,2.1,0.3,-2.7,3.6,1.5,0.8,2.4,-0.7,5.3,-4.4,-1.2,0.1,4.2,5.6,3.5,1.0,3.8,1.8,4.2,6.3,2.3,-2.6,1.6,1.8,0.0,-0.2,3.5,7.1,3.2,5.0,-3.0,6.4,13.3,2.2,5.8,1.9,2.9,3.6,4.9,2.2,5.0,-2.1,9.2,10.0,5.4,5.9,4.4,8.4,1.1,-2.4,11.3,2.6,1.1,-0.5,-2.2,-3.4,6.4,10.9,-0.1,8.1,2.9,-0.8,-6.4,6.1,-1.6,-5.7,-1.6,5.3,11.4,0.8,8.4,7.5,-2.5,2.6,3.5,8.2,7.6,-0.1,7.8,-3.8,0.8,-6.9,-2.4,3.0,6.2,1.7,-3.7,-0.2,2.3,1.5,0.8,6.9,3.9,5.6,2.0,1.8,1.0,1.9,-4.9,4.1,-2.7,6.9,-2.9,1.7,4.6,0.6,4.5,3.7,3.5,-6.5,3.7,2.9,1.6,6.1,2.4,2.7,6.9,5.3,5.7,11.5,2.9,2.1,2.4,2.9,11.2,7.9,-0.3,-1.3,1.6,-0.6,-0.1,-1.5,-2.4,1.9,2.9,4.2,2.8,5.2,5.7,3.4,5.5,4.8,1.2,3.5,9.8,-2.3,1.0,-5.5,5.8,-0.1,6.7,5.9,3.2,6.7,0.7,-1.5,9.2,-9.3,-4.0,2.5,-3.0,12.2,-6.3,-2.4,8.6,-1.5,0.4,3.0,1.3,5.7,2.5,-3.1,-1.6,11.0,12.3,2.1,9.9,-6.9,1.1,2.9,4.3,6.6,0.8,7.0,7.1,2.1,12.7,-2.2,3.0,3.4,10.8,9.1,2.1,5.3,5.3,-0.3,-2.0,5.6,0.0,0.9,0.8,2.2,7.2,-2.8,-1.6,-1.1,0.5,-3.8,-9.0
2018-01-11,7.6,2.6,1.4,-3.0,-8.7,5.1,5.5,4.8,-3.0,-8.3,7.0,-0.5,1.2,-2.1,6.1,-1.8,5.1,5.6,0.3,-2.4,3.6,-5.0,2.8,8.7,7.2,-7.4,1.2,-2.4,0.2,-4.4,2.9,-11.0,0.4,8.9,-0.6,0.6,-5.2,-0.3,-3.3,-1.1,-7.4,5.2,10.2,8.6,-1.9,2.4,0.3,0.1,0.5,-0.9,-3.1,0.9,-0.6,1.3,8.1,-0.3,3.4,-0.1,2.3,1.7,-3.0,-2.3,4.1,2.8,-6.5,0.5,-3.9,0.3,-6.3,-3.1,-2.9,-1.1,-3.3,-1.8,4.4,4.6,2.1,1.7,-9.0,4.9,-9.0,-1.3,2.3,2.0,3.2,5.8,4.1,-2.0,6.7,-3.2,-1.4,-0.6,7.7,-3.0,-0.0,0.2,2.1,6.4,10.4,3.5,0.1,3.3,1.4,-1.1,-1.2,3.2,-6.2,3.6,6.3,0.0,0.0,5.2,11.6,0.9,-2.4,3.7,-6.7,0.7,1.5,-0.1,3.7,0.2,-1.7,-1.1,2.4,5.3,2.1,4.4,-0.1,6.3,5.6,-2.1,-3.9,-0.6,-5.1,-4.7,9.3,9.2,1.4,-0.8,10.0,5.1,1.9,-1.1,-2.2,-4.3,6.9,-1.2,-5.6,0.9,-3.7,-18.6,12.0,0.9,2.0,-0.4,2.5,1.3,-1.7,6.3,-0.7,3.4,4.3,-2.3,-1.7,0.6,4.1,-5.7,-4.4,12.9,-3.6,-0.3,2.1,-1.6,1.8,2.5,4.5,-5.0,-1.1,-3.4,-0.1,-1.2,-2.3,-1.9,-1.1,1.8,3.3,11.2,-7.7,1.6,-4.4,1.4,1.7,-7.0,2.2,1.5,1.0,0.0,0.3,3.0,-1.6,-10.9,-1.8,-3.5,4.5,3.5,1.3,2.9,-0.9,5.2,7.1,4.7,-1.5,1.1,1.2,0.8,-1.9,-2.5,0.5,-0.2,3.5,-3.6,5.7,-10.8,5.0,4.1,0.3,-2.8,3.1,2.8,-1.2,6.0,-1.6,7.5,7.8,2.6,9.3,6.2,12.4,-2.8,-2.5,3.2,0.3,2.0,1.7,-1.4,-1.5,5.3,3.5,-0.2,-7.3,1.3,-2.7,-5.0,1.5,-1.4,-2.9,-0.2,4.2,7.6,0.7,1.6,-8.2,-2.3,4.0,3.0,6.4,5.0,2.0,3.3,-2.5,-0.8,-1.1,-2.9,1.8,-15.7,-7.0,-2.2,-1.9,1.7,1.7,-5.0,6.3,4.4,2.1,-3.0,2.2,-0.5,0.6,-4.1,-0.2,-5.7,8.1,-5.0,-1.7,2.5,-1.1,-0.9,1.8,2.4,-4.6,-1.6,2.2,0.4,11.4,-2.2,1.6,5.4,3.4,5.6,6.9,0.7,-0.3,1.5,3.4,13.4,1.6,-1.9,-2.3,0.4,-1.9,-1.3,-5.4,-4.3,1.4,1.2,1.0,0.3,6.2,1.7,2.2,3.6,3.6,2.0,1.8,-4.3,-3.4,-1.0,-6.2,7.4,0.3,7.7,4.2,1.6,4.1,-2.5,-15.3,4.0,1.8,-7.1,4.8,-2.7,9.8,-6.8,3.0,7.1,-5.9,-1.9,2.8,1.1,4.8,3.3,-13.0,-0.8,-1.8,9.5,1.1,7.6,-8.4,-5.0,0.3,3.7,5.7,-0.3,9.7,10.3,-1.4,10.6,-5.3,0.9,1.7,10.0,6.7,2.0,5.0,7.7,-3.9,-2.1,-5.0,6.2,-1.0,0.1,1.5,-6.8,-1.9,-2.9,-3.6,-2.7,-1.7,-1.6
2018-01-17,7.4,1.5,0.1,-2.3,-1.6,3.5,6.2,3.1,-0.4,-5.2,14.4,-2.8,0.0,-1.0,6.9,3.0,4.1,14.5,2.3,-3.7,-3.1,-1.6,3.5,9.7,9.4,-11.9,1.5,-0.7,-12.7,-3.0,-0.7,-9.3,11.8,5.9,6.2,-3.0,-8.2,1.7,-0.2,-0.6,-0.0,5.6,6.9,7.8,-2.4,1.4,3.4,0.3,0.8,0.9,-4.0,3.5,-0.5,0.7,6.1,-2.7,5.1,-6.2,0.7,-0.1,-3.5,1.5,5.5,3.4,-6.5,-6.0,1.9,-0.4,-6.0,-1.6,-3.2,-0.6,-1.9,-4.3,-0.1,2.6,-3.8,-2.1,-7.8,3.8,0.4,4.8,3.9,2.3,1.8,5.1,1.6,0.3,3.1,-2.4,-0.6,0.7,4.7,5.5,-1.6,1.9,5.5,6.0,9.6,3.7,-0.4,4.2,1.6,3.3,5.7,6.2,-5.0,3.4,0.6,-1.5,4.9,8.8,18.1,-0.8,0.0,1.9,-6.1,1.1,2.0,-0.5,5.3,2.9,2.0,0.2,1.7,3.1,4.0,5.7,7.4,7.6,6.4,-4.8,-0.7,-1.2,1.3,-5.0,7.1,-1.6,2.1,0.5,6.3,4.5,-1.1,-5.3,-1.2,-2.8,3.0,-2.8,-2.3,-0.3,-3.7,1.0,12.7,-4.6,2.4,2.2,-0.8,-0.2,-4.7,3.1,-0.0,0.8,2.4,-1.3,-1.9,-0.7,1.3,-4.3,-3.0,-0.3,-4.7,2.5,0.6,-2.7,2.9,2.2,-0.3,-6.3,-0.9,-5.2,-0.5,-4.2,-2.0,-2.2,-2.3,1.6,4.2,3.2,2.8,-2.3,-3.8,0.2,5.9,-7.2,1.0,-0.5,-1.6,2.7,-0.2,2.0,5.1,-8.4,-1.1,1.4,2.4,3.5,1.2,3.1,0.1,3.6,5.5,3.2,0.4,1.3,-0.3,2.0,-1.9,2.4,-0.8,2.1,7.1,-2.6,8.3,13.8,3.4,4.8,4.2,-0.4,1.3,3.1,3.6,-3.8,4.1,7.8,10.9,-2.7,1.8,6.9,7.9,-0.1,-1.1,3.6,0.0,1.1,3.2,-3.3,-2.8,-1.3,-1.6,4.9,-11.4,3.3,-1.2,8.6,4.1,-2.6,-5.6,-1.7,4.4,-1.1,-3.7,-3.1,-11.8,-2.0,-0.2,3.2,0.3,1.0,0.6,5.3,1.9,-0.4,-1.7,-2.4,3.1,-14.6,-6.9,-0.7,-1.5,3.5,0.7,-0.8,4.3,0.4,4.2,-4.5,0.3,3.0,0.6,-3.8,2.9,-1.2,8.9,0.9,8.8,0.3,-0.6,1.0,0.3,0.0,-6.1,4.5,-0.3,3.6,4.6,-0.2,-1.8,1.6,2.4,1.0,11.8,-2.2,2.9,1.4,-0.4,13.0,5.0,0.1,-2.4,7.2,-1.6,-0.9,-7.1,-4.0,-0.6,4.1,3.9,0.7,2.2,2.2,-0.1,-1.5,2.0,-2.0,6.6,-4.8,-2.6,5.0,-7.4,9.2,-0.1,4.9,5.6,-0.3,1.9,1.1,-1.0,5.8,1.5,-6.9,1.5,-3.2,10.1,-5.9,-0.6,7.8,-3.9,-0.4,3.0,0.9,5.1,4.7,-1.9,1.4,18.9,13.8,1.4,10.0,-7.9,-5.1,0.0,3.4,6.0,-0.8,13.8,8.6,3.4,13.8,-3.5,6.7,4.5,8.5,5.3,0.4,1.3,0.8,-3.2,-1.0,9.2,3.1,1.6,-0.6,0.5,11.1,-3.4,-4.4,4.9,5.5,-3.4,-3.6
2018-01-23,7.9,0.8,0.5,0.8,-4.8,3.8,4.0,-1.8,-5.4,-5.5,4.6,-3.3,-0.9,-0.4,2.5,1.4,2.1,2.7,-0.8,-3.9,2.3,-0.8,2.8,6.0,14.2,-2.7,-2.1,0.4,3.8,-4.4,2.0,-4.8,4.3,1.6,-6.6,-0.8,-8.1,3.9,-2.9,-4.2,-7.7,6.4,1.7,1.0,-0.6,0.3,5.0,-0.8,-0.7,-2.2,-10.6,-3.9,-2.4,3.8,-1.9,0.0,4.0,-0.6,-6.4,1.9,-6.4,-2.6,5.0,1.8,-1.3,-1.4,4.7,-3.1,-9.6,-2.0,-3.6,-1.3,-4.4,3.4,0.3,5.8,-2.8,-0.9,-0.9,3.2,6.1,3.9,3.6,-0.4,-0.4,7.0,2.1,-0.3,4.6,-2.3,-2.3,-2.1,4.9,3.8,-4.1,0.1,11.7,-0.3,9.8,4.9,0.2,4.3,1.0,-5.8,-3.3,-0.1,-1.7,2.1,-0.3,1.0,2.1,-2.2,11.9,-2.8,-1.7,3.5,-5.7,2.8,5.2,-2.3,-4.7,-2.2,-3.6,-0.3,0.6,2.9,0.6,3.3,-4.9,-2.1,1.4,-3.6,-5.1,0.0,-3.8,-4.0,8.4,-11.0,0.8,0.9,4.6,2.7,-2.2,-1.3,0.2,-0.2,1.8,-0.1,-4.9,6.1,-2.7,-7.7,12.5,-4.1,4.6,4.0,2.6,-0.4,-2.9,4.7,4.3,6.3,1.5,-0.7,-1.9,0.5,7.4,-3.5,-5.6,-6.8,0.3,-2.2,1.0,-5.6,0.3,-1.9,-4.7,-5.5,-0.3,-4.8,-3.9,-1.8,-5.2,-3.3,0.7,-0.6,-0.4,8.6,-1.8,-4.5,-6.0,3.3,1.2,-5.7,4.0,-0.7,0.8,-0.2,2.0,-3.2,-4.2,-6.8,-0.5,1.5,2.0,2.4,2.4,4.0,0.4,5.5,2.4,1.8,-3.5,3.9,-0.7,0.6,-7.0,-1.5,3.0,0.2,6.1,0.9,5.2,-7.3,3.9,-1.9,-0.7,-7.1,2.3,2.1,2.7,2.9,-4.8,5.8,7.3,1.5,5.1,0.6,8.7,-1.6,-0.1,10.6,2.0,3.6,2.7,-3.0,-2.6,4.2,-0.7,2.6,-14.2,0.2,-1.1,3.3,4.8,-1.7,-3.3,-0.1,4.6,5.5,-0.9,-3.7,-13.2,-3.4,2.7,1.5,3.9,2.2,-0.2,-9.1,-1.6,-1.7,-4.2,-2.0,2.5,-11.7,-2.7,-0.9,-6.7,2.8,0.4,-1.4,4.7,2.2,-5.6,-1.6,-0.6,-5.7,-0.4,-4.1,-2.9,-3.4,6.9,-1.2,-2.3,0.3,-5.7,-2.2,-0.4,3.8,-2.8,-4.3,0.5,2.2,6.1,-2.0,-1.3,-0.4,2.0,0.7,-6.0,-1.2,5.6,0.8,2.5,15.0,5.1,-10.4,-2.2,-1.7,-3.9,-2.0,-2.8,-4.7,-2.5,2.3,3.0,1.5,2.1,2.6,1.6,1.6,3.3,0.0,1.6,6.5,-2.6,-3.1,-6.4,5.5,-1.4,8.0,6.8,0.8,1.3,-1.8,1.9,5.5,-0.6,-9.3,-1.0,-6.6,10.0,-8.0,-7.2,8.3,-3.8,-2.1,3.1,0.1,3.2,-3.5,-8.0,-5.8,9.8,7.5,0.7,9.3,-7.7,-5.3,-2.7,4.2,3.6,1.1,6.9,3.3,2.9,11.9,-3.8,2.4,2.5,7.3,3.8,3.2,4.1,1.6,-3.8,-1.7,6.7,4.6,-1.1,-2.2,-0.2,4.9,-2.6,-4.6,-3.0,0.6,0.3,-4.4
2018-01-29,6.3,3.1,-0.4,-2.1,0.8,2.1,7.5,5.8,-2.7,-8.6,7.4,-2.1,-1.3,-1.2,8.4,-2.1,10.8,9.4,4.4,-0.9,2.3,1.7,4.6,3.0,8.0,6.5,-4.4,-2.5,-2.5,-6.9,3.7,-3.4,-3.6,-1.5,6.9,-0.8,-4.7,0.0,-2.7,-1.7,-2.3,8.9,0.7,11.1,-1.2,1.7,3.0,0.9,2.1,0.4,6.4,-0.6,-1.5,1.9,2.3,2.0,-7.7,-0.6,5.6,1.3,-5.8,2.9,4.0,1.0,-4.6,-1.1,2.1,0.9,-3.9,-2.3,-4.1,-1.8,-2.1,0.2,8.0,6.0,1.7,1.8,-1.2,3.7,4.9,7.7,11.8,4.5,2.7,5.0,2.4,1.4,0.8,-3.4,-0.4,-1.1,1.8,1.9,2.4,-0.2,3.5,-0.5,9.6,1.8,0.4,4.6,2.5,-0.3,5.3,5.8,-1.2,3.9,1.8,-0.3,1.5,1.5,5.8,1.2,-0.8,5.9,-0.9,7.4,-3.5,3.3,3.1,1.8,0.4,-0.2,0.3,1.4,7.7,2.5,-4.0,0.0,-2.7,-2.6,-4.8,-1.0,3.9,0.8,5.2,0.3,1.7,-2.6,6.4,4.2,1.0,-6.1,-0.8,-3.6,-4.1,-6.7,0.5,4.8,-2.8,-6.7,7.8,-3.0,3.1,1.7,6.4,1.0,-4.7,2.5,1.4,2.2,-9.0,-2.6,-1.4,-2.8,3.6,-2.1,0.3,3.2,-6.2,2.7,-2.7,-2.1,2.5,2.5,0.5,-4.0,-3.4,4.3,-15.4,-0.1,-0.7,-4.0,-3.0,-1.7,1.0,6.2,1.9,-1.5,-2.7,-2.2,1.1,-7.5,2.0,0.4,0.2,3.5,-0.5,1.5,2.5,-3.7,-1.5,1.7,-0.6,4.2,-0.2,0.1,0.9,3.3,4.3,1.2,-0.4,1.3,0.8,2.1,0.9,1.3,8.0,0.5,6.1,-7.3,6.4,10.0,2.6,2.8,1.9,-1.4,3.0,3.5,5.7,4.8,8.4,8.6,8.7,4.1,2.9,6.2,11.2,-7.4,-3.4,1.7,-0.6,4.1,4.6,-5.4,-4.5,3.5,10.3,1.8,3.9,1.1,-1.5,-15.2,2.6,-2.5,-6.9,-0.2,7.4,-0.3,-0.9,5.0,3.4,-3.2,3.2,2.2,3.8,4.8,1.2,-12.8,6.2,0.5,-3.0,-4.9,1.2,2.5,-2.9,3.7,3.2,9.1,1.2,-4.8,-0.4,1.3,-0.5,9.1,0.3,6.1,4.8,-7.5,4.4,-0.8,5.4,-1.8,0.3,3.0,-6.9,-2.6,0.7,1.3,3.8,4.5,2.6,6.7,10.0,-1.7,-2.0,-0.8,2.6,4.4,5.2,-2.9,4.1,1.7,-0.5,11.4,5.9,1.2,-1.9,-0.2,-1.8,-1.5,2.4,-5.4,-1.8,4.7,1.5,3.4,3.8,3.9,2.9,5.6,6.1,-1.7,0.9,-3.8,-1.4,-2.1,-4.6,9.1,-0.2,3.5,2.4,4.8,8.5,-2.8,-2.5,-4.4,-0.6,-4.7,1.3,-1.7,10.0,-9.4,-8.9,-4.3,-4.4,-3.9,3.2,2.1,3.1,3.7,-3.8,-4.6,13.8,10.9,2.3,10.0,-9.2,-8.3,1.8,3.4,2.4,0.9,9.0,4.1,2.1,11.3,-6.4,-3.2,1.3,5.9,5.5,-0.3,-0.8,3.3,-3.2,-1.6,6.0,-0.4,3.9,0.3,3.6,5.5,-6.0,-7.0,4.5,2.4,3.0,-5.5
2018-02-04,3.4,1.4,2.7,-1.3,0.5,5.3,6.1,-4.5,-4.7,-8.5,9.5,-3.3,4.1,-2.3,6.4,0.5,7.3,12.9,3.7,-1.0,-4.6,-0.7,2.3,7.0,6.1,0.6,-0.5,-0.2,4.1,-6.0,-0.1,-7.3,3.2,-2.5,-3.6,-1.0,-5.6,2.8,-4.3,-5.2,-3.0,7.3,-0.4,7.1,-0.8,1.3,3.4,0.9,-0.4,-1.0,-2.2,6.7,-0.2,6.2,-6.1,-0.1,0.8,0.0,4.2,1.1,-4.4,1.0,4.9,2.6,-3.1,-1.0,2.4,-1.8,-0.1,-3.0,-2.7,-0.3,-2.8,1.7,12.7,5.3,2.3,2.2,-5.5,4.2,4.2,8.7,7.7,3.2,3.0,4.8,1.6,0.9,3.5,-2.2,-0.8,-0.5,4.8,3.6,-0.9,2.1,0.3,1.1,9.4,3.1,1.1,4.8,5.2,-0.7,3.1,-1.4,-2.9,2.4,2.5,8.4,0.5,2.2,7.5,1.4,-0.3,3.0,-9.2,0.0,7.9,1.5,8.5,-0.8,2.0,-0.8,1.1,2.2,2.8,4.6,4.4,1.0,4.8,-2.3,-1.8,1.7,-0.9,-5.4,9.7,7.0,1.4,0.2,5.2,2.4,-0.1,-2.2,0.5,1.3,3.9,-0.7,-8.0,7.0,-3.3,-5.0,11.8,1.9,3.0,3.6,3.3,2.5,1.3,4.8,3.1,2.8,2.3,-0.2,-0.2,2.7,2.7,-1.0,1.0,-1.1,-0.7,0.1,3.6,-3.3,0.4,2.1,-3.7,-8.1,1.7,-1.5,-1.8,-1.0,-2.4,-1.7,0.4,1.3,0.0,6.3,0.8,-0.8,-3.4,1.8,3.7,-4.4,2.2,-0.8,0.2,0.8,1.0,2.1,11.2,-1.5,0.6,-1.0,-0.1,3.1,-0.3,3.9,0.5,4.8,4.8,2.8,-0.7,3.3,1.7,0.2,-0.4,-1.2,-0.7,-0.6,8.7,-2.1,5.6,14.4,3.4,5.2,-2.3,-3.1,4.1,2.8,-5.4,4.8,-1.7,9.1,7.1,6.8,6.2,0.9,6.3,-5.4,0.3,7.5,2.3,6.1,6.3,-1.7,-5.2,6.8,0.6,-0.1,-6.5,0.0,-1.8,10.2,5.0,-4.7,-4.1,2.1,3.8,2.5,0.6,0.1,-4.0,-3.0,-4.3,1.2,5.3,4.4,4.0,2.5,0.6,-0.6,-1.3,-3.1,2.9,-12.0,0.6,-1.5,-7.4,5.9,-0.1,0.8,3.8,3.4,3.1,3.0,2.7,-0.5,-0.3,-4.5,-1.4,3.2,10.4,-2.9,-0.9,3.0,-2.9,-0.7,-0.6,3.3,-4.2,-4.2,1.5,7.0,3.2,0.9,-1.9,0.6,2.1,5.4,6.4,-0.7,-2.8,-1.4,0.9,22.0,1.7,2.2,-2.0,1.2,-2.9,-1.4,1.0,-4.1,-1.6,2.8,2.3,-2.6,-0.3,2.9,2.9,1.2,3.1,1.0,1.5,2.0,-2.0,-0.9,-4.4,6.4,-2.0,8.0,2.0,4.6,-0.8,-2.6,-3.7,5.3,1.8,-5.3,3.5,-4.7,10.7,-7.9,-5.8,7.4,-2.3,-6.7,4.4,1.6,4.3,-0.8,-0.5,-4.0,7.0,8.1,3.4,8.8,-7.5,-8.3,-7.6,3.2,2.2,-0.2,8.3,1.9,3.3,11.3,-4.3,-0.7,0.9,8.8,2.0,3.0,3.8,0.3,-5.2,-0.9,7.4,3.8,-0.6,-2.7,0.2,6.1,-3.6,-1.8,-2.3,-0.3,-3.7,-3.8
2018-02-10,4.1,-2.3,-1.8,-1.7,-0.5,5.5,6.8,3.1,-1.8,-7.5,9.0,-4.2,-1.1,-2.0,11.0,-3.3,7.8,8.5,1.8,-1.7,0.9,0.5,2.4,7.4,8.1,-0.3,1.1,1.9,5.2,-3.9,1.9,-3.5,4.6,12.7,-2.5,1.2,-5.8,3.8,-3.1,-1.0,-3.2,7.8,-10.1,-7.1,0.9,-2.2,5.2,1.7,-0.8,-0.1,-5.4,0.9,-2.4,3.8,1.7,0.0,3.5,-0.3,4.0,3.9,-3.8,-1.8,6.1,4.8,-3.7,3.4,-3.4,2.8,-3.2,-2.7,-3.3,-0.5,-3.9,-3.2,2.9,7.8,2.7,2.3,-2.7,3.7,7.0,11.8,6.7,3.0,-0.1,-0.9,2.4,0.6,3.1,-2.5,-0.7,0.4,4.0,8.0,-3.5,1.6,-16.1,0.8,9.0,2.7,-2.2,2.4,6.4,0.4,-1.5,1.2,-2.5,3.5,2.3,-4.9,0.0,1.6,8.6,-9.3,-1.2,3.8,-6.6,4.0,-3.0,0.7,4.4,-1.5,0.0,-0.7,3.1,4.7,0.4,4.3,-4.7,0.7,8.7,-2.6,-1.5,0.3,-8.0,-2.7,7.7,-9.8,1.9,0.4,7.6,2.3,-2.3,-0.8,0.4,-10.2,3.5,-0.3,-4.1,4.0,-3.0,-6.7,8.3,-12.8,4.3,2.8,5.2,-1.3,-0.1,2.9,-0.7,-0.4,0.4,0.1,0.2,2.1,2.5,-1.5,-0.6,-10.6,-4.7,0.6,4.1,-4.5,0.8,-0.1,-2.0,-10.7,2.6,-4.5,-2.5,1.7,-3.4,-2.3,-3.1,0.2,4.5,12.9,0.5,-6.1,-3.9,2.1,0.8,-2.9,3.5,0.6,-2.3,0.9,2.2,1.0,-2.1,2.2,2.7,-0.9,2.9,3.0,2.4,2.3,4.1,5.0,5.7,0.5,-0.4,2.5,-0.5,3.4,-2.0,1.1,0.4,0.5,3.3,-6.5,5.2,12.2,4.5,5.2,5.2,-2.5,2.3,3.2,-0.1,3.5,-1.7,6.5,7.9,3.5,5.5,1.9,3.4,-6.1,-1.3,5.3,3.8,3.7,0.4,-3.7,-4.7,2.7,-1.8,4.2,4.5,5.3,0.5,3.9,0.1,0.7,3.0,-2.1,2.0,9.7,0.4,1.3,-14.7,-2.5,2.8,6.9,7.3,-1.5,2.5,6.0,0.5,-0.7,-2.7,-3.1,2.6,-4.1,-4.8,-0.9,-8.9,-1.9,0.7,0.8,6.0,3.2,-2.5,0.5,2.8,-1.1,-2.6,-4.8,1.6,0.7,11.0,-1.2,1.6,3.1,-1.0,-0.2,-2.2,9.5,-3.4,-4.0,-0.0,-4.7,2.5,0.4,-2.7,-1.0,3.7,5.6,2.2,0.3,-2.7,-2.8,-1.1,11.9,-1.6,-5.4,-1.9,1.3,-2.0,-1.3,1.5,-3.1,-1.3,6.2,3.6,5.9,-0.2,4.6,1.2,-1.0,3.8,0.5,2.6,-2.3,-1.4,-2.3,-3.5,10.1,-1.0,0.6,4.3,4.4,-0.2,-2.1,-2.8,4.6,-2.2,-4.2,4.1,-1.1,8.9,-5.9,-1.7,7.3,1.2,-10.0,3.6,1.4,4.4,2.1,-4.1,-5.2,7.7,9.1,3.2,8.4,-7.7,-6.7,0.1,5.7,3.4,-0.6,7.9,1.7,3.6,13.3,-5.9,0.8,-1.8,11.8,5.9,0.0,3.4,0.8,-2.9,-1.2,11.2,-5.6,2.4,-0.5,2.1,10.8,-5.7,-9.3,1.0,2.4,-9.2,-6.7
2018-02-16,2.2,-9.0,3.9,-1.4,-1.4,3.6,5.4,3.0,-3.8,-5.1,9.6,-4.1,2.7,-2.1,2.9,-1.4,1.6,11.4,2.3,-0.2,0.9,2.2,1.2,7.3,5.0,-0.3,2.6,-0.4,-0.8,-5.3,1.1,-6.6,4.9,3.4,-0.9,-1.3,-6.1,5.2,-3.6,-0.3,-4.1,5.6,11.4,-1.1,-3.2,1.3,2.0,-3.0,-0.4,-1.5,-4.7,1.2,-1.8,-0.4,-10.8,-2.3,-6.1,-2.2,-0.6,5.4,-3.6,-1.7,4.7,2.4,-1.7,-1.2,-1.0,0.6,-4.0,-1.9,-3.4,-0.9,-0.8,0.9,1.2,6.2,5.3,-0.7,-3.2,4.3,5.6,9.9,8.1,3.8,2.6,0.1,1.7,-7.9,2.5,-3.4,-1.1,0.4,3.6,3.4,-4.1,2.1,0.4,-1.4,7.7,3.6,-7.3,4.4,4.1,-3.0,5.5,2.3,-2.3,3.5,1.3,-1.5,-2.0,1.1,10.3,-4.4,-1.5,2.1,-6.4,2.2,-10.9,-3.7,6.7,1.2,-3.1,0.5,0.8,2.3,-3.3,4.8,-5.8,-1.0,5.7,-4.5,-4.3,2.2,-8.3,-5.9,7.8,-2.4,2.5,-1.6,3.8,4.8,-2.9,-2.3,3.9,2.5,4.6,1.2,3.0,-2.2,-5.6,-4.8,8.9,0.9,3.8,2.3,4.5,0.9,-2.1,4.2,5.3,5.5,2.7,-0.3,-3.7,2.4,9.4,-0.6,-4.1,-5.0,-5.0,1.9,4.7,-4.3,1.0,2.6,-2.4,-2.9,0.2,-3.2,-1.6,-0.7,-4.6,-2.7,-2.0,2.5,1.8,5.8,4.3,-2.5,-3.2,2.7,-0.7,-5.6,3.2,-0.3,-2.3,2.5,0.7,3.1,-1.3,4.6,2.8,0.8,-3.2,-0.0,-0.1,2.7,1.0,4.7,4.1,1.4,-2.2,2.1,1.4,2.5,8.0,0.6,2.2,1.9,3.1,-4.1,4.9,11.0,2.2,4.4,-0.8,-4.8,2.5,1.9,-2.3,-0.6,1.3,2.2,5.9,-3.3,6.6,3.3,7.5,-13.9,-1.5,3.4,0.8,3.0,2.4,-2.3,-3.0,5.5,5.5,3.5,1.7,2.8,0.1,3.7,8.1,-1.1,-2.4,1.3,4.3,6.7,-0.6,6.1,5.9,-3.2,6.3,4.4,4.5,7.8,1.7,2.0,3.0,-0.1,-5.2,-1.4,3.1,-9.0,-3.6,-2.2,3.8,-4.0,1.7,-1.3,6.3,2.6,2.2,0.1,1.6,2.2,-0.5,-5.6,1.6,2.1,3.8,-2.6,0.7,1.4,-0.1,-0.8,1.2,3.6,-3.7,-0.9,0.5,15.1,0.5,-1.2,-0.9,-2.0,4.2,4.2,7.4,0.8,-2.4,-5.7,3.9,10.5,4.9,-2.3,-1.5,1.1,-3.9,-1.5,-2.6,-3.2,-1.7,4.5,0.9,8.7,1.3,3.0,4.1,-9.0,2.3,-0.4,-0.0,5.3,-2.8,-1.0,-5.6,9.0,0.5,5.6,2.0,4.4,3.3,-3.3,1.0,3.3,2.0,-6.6,3.0,-4.9,11.4,-8.3,-2.5,10.2,-2.4,-3.5,4.3,2.1,4.3,4.8,3.0,-3.6,12.8,11.7,0.0,10.1,-7.4,-7.0,-2.2,4.2,1.5,-2.4,6.7,3.9,0.5,12.4,-1.7,1.0,0.5,10.8,1.2,2.3,4.4,2.2,-3.9,-0.5,8.4,6.2,1.0,-0.8,4.4,8.8,-3.6,-4.9,0.1,1.4,-3.6,-5.6
2018-02-22,6.9,-0.8,1.3,0.3,-0.0,4.2,3.4,1.5,0.2,-6.7,5.0,-1.6,0.6,-2.1,4.8,-5.0,-0.4,3.1,2.4,2.5,2.5,1.5,3.3,6.0,9.2,1.3,0.3,-2.7,-8.8,-2.4,2.3,-2.6,5.1,5.2,-2.3,2.6,-4.4,-1.1,-1.7,0.3,3.2,6.2,-5.5,-5.9,-0.5,-2.1,1.2,-0.3,2.6,-0.8,-1.7,0.9,-2.1,4.2,-1.3,5.1,2.4,-0.7,5.3,-0.7,-4.6,1.4,-9.5,2.9,-0.3,2.1,0.4,5.0,-1.2,-0.3,11.0,-3.4,-0.8,-0.2,0.7,2.7,0.6,2.0,-3.4,3.2,8.9,4.5,2.9,5.6,-0.2,-2.6,3.5,-0.2,2.6,-4.1,-0.3,0.4,-1.1,-8.3,-1.2,1.2,-9.8,0.7,6.7,4.1,-2.6,2.9,3.3,-2.8,-1.4,5.3,-2.3,2.7,1.8,-2.3,0.9,1.7,8.3,-4.2,-3.6,5.7,-2.7,5.3,-2.2,1.5,-1.8,-2.0,1.7,0.6,1.7,1.9,0.7,4.1,0.0,2.1,0.6,-1.5,-2.5,0.8,-6.6,-0.7,7.2,-6.3,0.8,1.2,5.9,2.4,-0.7,1.3,-0.7,-1.3,3.6,0.8,-4.8,3.7,-1.8,-3.4,9.9,-8.9,4.1,2.6,4.8,-0.5,1.1,4.0,-2.8,1.5,2.7,1.2,0.1,2.4,-12.8,-3.5,-2.7,1.8,-2.2,-0.2,-0.7,-4.4,-1.0,-0.1,-1.5,0.6,4.4,-1.2,1.3,-0.9,-0.3,-3.4,-3.5,1.0,-3.3,-4.3,2.1,-2.6,-1.5,1.6,-0.7,-4.4,4.3,1.1,1.5,-2.4,0.4,0.9,0.7,1.0,-1.7,-4.2,2.0,4.2,2.3,1.0,1.5,7.8,3.5,1.9,-1.4,2.8,-0.7,4.8,-1.0,0.0,12.4,-0.5,-0.5,-4.8,1.0,6.1,7.4,3.1,1.6,-4.6,1.9,0.9,-2.0,0.4,3.5,5.0,4.9,0.7,6.6,3.5,7.0,-11.4,-0.2,9.0,2.3,4.0,2.6,-4.4,-0.0,1.2,1.3,4.5,2.1,5.9,-0.2,3.7,6.2,-1.4,-3.0,-10.4,2.6,-5.8,-1.4,-2.0,-7.1,-4.2,4.0,2.7,3.2,2.6,-0.5,4.1,-1.7,1.8,-4.1,-4.0,2.2,-2.4,3.4,0.1,-7.0,3.4,-0.2,-5.2,4.6,-1.8,-4.3,2.4,0.2,-3.0,-1.9,-5.2,3.3,3.3,7.0,-3.0,-1.8,3.4,-4.7,-0.8,-4.0,8.8,-1.8,-3.2,-0.4,-1.2,1.0,-1.7,-1.2,-0.8,4.2,10.3,0.6,-0.5,-2.5,-3.0,0.4,13.1,1.8,-6.1,-1.7,-0.4,-2.6,-1.6,2.4,-6.0,-2.8,5.8,1.9,6.7,3.6,3.2,-0.7,-1.4,3.9,0.9,0.7,-1.9,-0.8,-2.4,-3.8,4.8,-0.1,3.9,5.3,1.2,-1.2,-0.7,-1.7,7.1,-5.0,-5.7,-0.5,-7.7,8.1,-9.0,-7.6,7.0,-8.1,-9.4,2.2,2.0,5.1,-3.6,-1.2,-4.7,7.2,12.2,2.8,6.3,-8.9,-7.0,-3.8,3.4,0.8,-1.9,4.4,-0.1,-0.8,12.1,-5.7,1.3,2.1,4.0,2.2,-0.4,3.9,-1.3,-3.8,-2.8,7.5,2.6,2.3,-0.2,-2.2,11.0,-2.8,1.0,0.7,6.9,-4.0,-3.1
2018-02-28,5.4,0.9,2.9,1.2,-1.0,4.3,6.5,1.7,-2.7,-3.3,5.8,-5.2,1.7,1.7,6.4,-1.8,6.8,5.2,2.3,9.7,1.3,2.1,2.2,1.6,0.9,1.9,1.1,-0.6,-6.1,0.2,0.1,-4.9,6.4,0.8,-2.9,-0.4,-5.6,1.6,-2.8,-2.5,-4.4,7.3,-4.8,-8.7,-1.7,-3.2,-0.5,-1.9,-6.3,0.4,0.1,0.8,-1.9,-4.7,-1.2,-8.0,4.9,0.7,4.4,2.3,-3.0,-2.7,-5.5,4.0,-0.9,-1.4,5.7,4.1,-3.3,-10.9,12.8,-4.5,-0.1,0.4,8.6,8.1,4.0,3.8,-3.4,2.6,3.3,7.3,-0.3,3.6,0.1,3.7,5.6,0.4,1.2,-7.2,1.4,1.5,5.3,-9.7,-2.6,0.6,-9.7,3.3,9.2,3.1,-0.6,3.9,1.0,-0.3,-2.6,-0.3,-0.1,4.5,1.3,-2.0,3.5,7.9,10.5,0.9,-0.2,7.4,-1.8,2.7,1.5,1.1,4.6,0.3,-2.6,1.3,2.2,4.6,1.6,2.4,12.2,-12.5,6.1,-2.1,-0.3,3.7,5.5,-1.6,6.1,-8.0,1.9,-1.1,5.6,10.1,2.4,-3.4,-1.7,1.4,3.9,-0.8,3.2,-2.1,-2.6,0.4,9.3,-3.3,1.4,0.5,7.1,3.5,-0.7,4.3,-5.9,1.7,1.9,2.2,0.8,1.4,6.8,0.8,2.4,4.2,-9.5,1.0,0.9,-3.7,0.3,0.8,0.4,4.4,1.3,-5.1,-1.5,1.8,0.9,-1.9,-2.4,0.8,-1.9,8.2,0.4,1.5,2.8,3.8,-1.5,-9.2,2.6,1.8,-2.1,-0.9,1.7,0.2,1.7,-1.2,3.4,4.5,12.8,5.3,0.3,5.7,-0.2,3.7,2.9,-0.8,-2.6,0.9,-0.0,5.0,-2.0,3.2,2.1,4.0,5.9,-3.1,2.7,6.4,-2.2,0.4,1.6,-2.8,1.3,1.6,5.9,5.9,4.8,-1.6,8.4,8.6,8.2,4.2,10.1,-1.8,2.4,-9.0,1.5,4.0,3.0,1.5,4.4,-1.1,-4.8,-4.3,-1.8,4.8,0.6,4.5,3.6,4.3,-4.6,3.5,8.0,4.4,-4.5,-2.9,-3.9,-3.4,0.6,4.1,7.0,1.0,3.0,3.2,1.0,0.5,-0.3,-2.2,4.0,-2.6,-2.3,2.9,-5.6,6.1,0.5,0.0,1.5,-0.6,1.1,0.0,0.2,-0.2,0.4,-3.5,3.4,3.2,7.6,-3.3,4.2,4.1,-3.3,-2.0,-1.3,0.9,0.2,-3.9,0.3,5.1,1.6,-1.3,0.1,-0.4,1.0,1.3,1.1,0.2,-3.4,-2.3,1.5,11.7,2.7,-2.9,0.1,-0.5,-0.4,0.0,4.5,-3.9,-3.6,2.9,4.3,2.3,7.0,2.9,-0.2,0.4,4.2,4.0,-0.3,1.3,2.4,-1.6,-1.5,8.2,-3.6,3.2,5.9,-5.2,0.6,1.9,1.7,-2.8,2.9,-6.9,2.8,-6.7,10.9,-5.9,-3.9,4.9,1.7,1.3,5.6,6.2,-0.6,-1.2,2.9,-3.0,13.5,16.6,-5.2,4.3,-3.1,-2.1,-2.1,6.5,-0.2,-3.2,6.4,4.6,0.3,14.6,-3.1,1.1,2.0,-3.9,2.0,3.4,4.0,3.5,1.5,3.2,10.5,3.7,6.0,1.9,6.5,11.0,2.1,5.0,2.9,2.2,-7.6,-0.4
2018-03-06,0.4,-1.2,1.5,-1.0,-3.0,3.9,6.0,3.2,-3.7,-10.1,5.7,-5.7,2.8,-1.9,6.7,-5.2,9.1,5.3,1.9,-2.4,3.2,-7.3,2.0,4.1,5.6,7.0,1.1,-1.0,-5.2,-3.8,1.3,-8.6,16.8,6.3,-4.0,4.7,-4.8,-1.7,-3.6,-3.0,-8.8,5.4,-8.9,-3.7,-7.6,-3.0,-4.0,-1.7,-1.0,-2.6,1.7,-0.9,-2.8,3.1,-10.6,-1.0,12.6,-4.5,4.8,0.4,0.2,-5.5,2.1,-3.6,0.3,-4.8,6.2,3.4,-7.5,1.2,-0.5,-4.7,1.1,-1.5,-0.6,2.4,5.7,2.1,-4.0,3.2,-5.5,-4.1,0.2,-2.1,0.6,4.3,13.8,-1.5,1.5,-4.6,-1.2,0.5,2.9,-4.2,-1.7,-0.2,-5.2,3.6,9.9,-1.8,-3.1,-0.2,-10.4,-7.8,-7.2,-1.8,-5.1,2.2,3.4,-0.6,-6.5,5.7,8.9,-0.9,-0.2,2.9,-2.6,1.0,0.6,-4.7,7.7,-1.0,2.2,-1.6,-0.3,0.5,-0.4,0.5,-3.1,0.6,-1.3,-2.0,-3.4,0.3,-3.8,-4.6,6.4,-9.8,2.4,2.9,-0.3,3.6,-3.2,-3.9,-4.6,-1.4,-0.2,1.8,-0.6,-11.1,-2.9,-5.4,10.6,-11.2,2.1,2.6,2.0,-1.8,-2.9,3.3,-4.9,-2.2,-4.8,-0.9,-3.8,4.1,6.9,-0.1,0.0,12.4,-4.3,-2.6,-1.0,-5.8,-0.3,1.3,-2.7,3.6,-1.1,-13.2,-2.1,3.6,6.9,0.4,-2.8,-0.6,-1.8,5.3,5.8,-2.3,-1.9,3.7,7.6,-7.8,3.1,-2.7,-1.0,-2.1,-0.5,-1.1,1.6,7.7,4.8,5.3,2.7,5.0,1.9,2.8,0.3,6.1,3.8,4.8,-1.3,-4.5,-1.5,-1.3,-3.9,2.9,6.9,2.9,3.6,-5.4,-3.7,15.2,4.7,0.5,1.5,-3.3,2.9,2.0,-13.6,2.6,3.2,6.1,7.0,1.6,1.9,3.2,8.0,-1.3,2.2,-1.8,1.2,-1.0,1.9,0.3,2.5,2.7,-2.5,0.1,-1.0,12.7,-0.6,1.9,-9.2,-0.0,-5.1,0.7,4.2,2.3,-2.9,3.3,-2.3,0.0,4.1,7.1,4.1,0.0,2.9,5.1,-2.6,-2.7,-7.5,0.4,2.6,-11.6,-1.9,-2.7,-1.9,4.4,0.7,-4.8,1.0,-1.3,-1.1,1.0,2.0,-4.9,-0.5,-2.5,2.7,0.3,5.1,-0.3,-15.7,-8.7,2.7,-1.8,-1.2,6.7,-4.9,1.1,1.4,2.1,2.3,-1.8,-3.8,1.2,0.6,-7.3,15.9,-1.4,-11.4,-0.3,0.6,15.8,3.0,-2.8,-3.0,8.0,-1.5,-1.1,-6.8,-0.2,-0.7,2.2,-8.9,1.8,-0.6,-1.1,1.4,1.3,3.8,-1.4,3.1,1.8,-5.0,0.1,-11.3,7.3,2.6,1.7,-0.6,5.6,2.3,-0.1,1.5,4.6,4.2,-8.7,2.1,-2.9,5.0,-7.4,-5.3,10.1,-5.2,0.1,5.5,3.8,5.6,4.1,-2.6,-2.2,18.3,15.2,3.9,10.6,-8.4,-5.6,-3.8,7.3,7.6,-1.1,11.1,1.8,3.0,10.7,-6.6,2.9,5.1,10.8,9.1,0.6,3.1,2.8,-4.2,-4.9,5.7,2.7,-1.0,-0.5,-3.0,5.0,-1.4,-6.2,-5.1,1.2,-3.0,-0.9
2018-03-12,6.7,-1.8,-0.5,-0.5,-1.7,6.1,6.4,-0.8,-6.9,-2.9,7.9,-3.8,-0.6,-1.9,8.3,-1.7,5.3,7.2,0.5,-2.7,7.3,-0.9,3.7,6.3,6.0,0.2,2.3,0.3,1.6,-5.1,1.8,-6.4,4.3,5.3,4.2,0.6,-5.9,2.0,-3.2,-0.3,-12.2,4.0,-3.5,1.3,0.6,0.3,2.3,0.8,-0.3,-0.7,-4.1,-0.4,-1.6,2.6,-2.1,1.0,1.4,-1.5,2.4,-0.1,-3.5,1.6,8.5,-0.3,0.7,-1.4,3.2,0.2,-8.4,-13.3,1.0,-0.4,-3.2,0.1,-3.7,3.8,3.9,2.8,-2.4,6.4,2.6,5.4,0.4,0.3,1.8,3.8,1.0,13.8,7.9,-1.6,-1.0,-1.7,5.6,5.3,-0.8,-1.5,3.5,4.7,7.9,3.7,-2.1,2.5,0.8,-7.5,11.8,9.7,-4.4,4.7,2.1,-1.6,-1.5,1.1,7.9,-4.9,-7.3,3.2,-5.8,4.2,12.3,-10.7,-10.6,-1.2,-1.9,2.7,3.1,4.6,0.4,-0.0,-1.9,6.0,5.4,-0.7,-0.9,-0.3,-9.8,-7.0,7.9,-12.2,-0.4,-2.1,6.4,6.0,-1.8,-2.9,-2.2,0.1,4.8,-1.2,-1.5,1.6,-2.0,-6.8,10.6,-13.3,-1.4,6.4,4.4,0.0,-2.5,4.2,-1.0,2.0,2.1,0.1,-2.3,0.5,-13.2,-2.6,-4.7,-1.5,-1.9,0.3,-5.7,-4.7,-0.3,-0.4,-3.8,-5.7,-0.8,3.4,-0.1,-8.2,-4.8,-0.7,-0.6,5.3,-4.3,9.0,1.9,-2.9,-3.9,2.0,4.1,-6.0,3.4,1.5,0.4,0.3,1.9,-0.2,2.0,0.3,1.6,3.2,-2.0,1.7,-0.8,3.4,1.8,4.6,8.2,5.4,-2.4,4.5,2.1,4.6,-6.7,2.4,2.4,-0.8,-1.7,-5.7,12.8,7.9,2.2,7.1,0.9,-3.8,2.4,2.6,10.6,-1.3,1.5,7.2,8.1,-1.7,1.4,8.4,7.7,-8.4,-5.8,6.8,2.2,-0.3,0.9,-0.4,-0.3,-0.3,5.5,4.0,2.3,5.6,-1.3,-1.6,6.5,-0.4,0.4,2.1,4.3,3.6,-2.3,8.1,-4.9,-2.9,1.4,5.1,6.9,7.1,1.2,5.3,0.3,1.2,-1.4,-0.6,2.5,-6.2,5.4,-3.0,0.9,1.3,0.9,-0.4,3.4,1.1,3.2,-1.6,1.1,-1.9,0.7,-4.4,1.3,0.4,3.2,-1.9,0.6,1.8,-0.3,4.1,4.3,6.3,-5.9,4.9,1.9,1.4,16.6,0.1,2.0,-2.4,4.0,4.2,7.8,1.5,9.7,2.3,5.0,17.7,-0.4,-2.1,-2.7,1.9,-2.8,-1.9,-5.7,-2.8,0.0,5.3,-1.9,0.5,5.6,5.8,4.8,2.9,3.5,0.0,4.3,-2.9,-3.0,-1.9,-6.9,8.2,-5.1,6.6,1.9,5.4,4.6,-6.6,-3.5,10.0,0.1,-8.0,4.9,-0.8,9.8,-9.4,-1.4,9.7,-5.2,-5.6,6.7,1.2,3.5,5.7,-5.4,-0.8,16.4,12.9,3.6,7.8,-9.1,-6.2,-0.5,7.4,2.0,-0.9,8.8,2.9,1.6,11.0,-5.9,6.1,-1.6,9.9,4.1,1.3,4.0,1.7,-2.1,-0.6,3.2,1.4,1.1,-2.1,2.4,16.5,-2.3,-3.8,-1.7,-2.7,-8.4,-5.4
2018-03-18,10.5,1.6,3.5,-2.9,2.9,3.2,2.6,-0.4,-2.3,-2.3,11.3,-4.1,-3.2,-0.3,5.1,1.3,0.5,14.5,-1.8,3.1,8.6,3.5,2.6,-4.7,-6.8,-2.7,-15.3,2.2,-0.1,6.2,-9.8,-4.2,-5.8,-12.4,1.2,-17.2,-0.8,3.0,-6.0,-6.1,-6.9,3.6,-2.5,-0.1,7.5,-0.3,-0.6,-3.2,-2.5,-2.4,-2.3,5.0,-1.3,3.0,1.3,-3.6,11.2,-2.7,6.7,6.7,-0.3,0.9,-2.7,1.7,2.7,-0.6,5.4,2.9,0.5,-0.3,-10.4,-2.8,-3.4,-4.7,4.6,4.0,-0.8,3.4,-2.3,3.5,1.2,0.7,0.4,4.6,4.0,5.5,6.9,11.1,-3.0,-4.2,0.9,-0.2,3.8,-8.7,-0.0,1.4,3.5,4.4,8.3,-8.2,1.4,3.2,3.4,-1.5,0.0,-3.8,-1.1,3.7,2.8,2.9,0.4,7.5,6.5,-0.7,0.5,6.5,-1.0,12.0,-7.8,-10.6,3.4,2.9,2.8,4.5,2.5,3.7,3.7,3.9,-1.7,3.5,0.3,-5.1,-5.1,-2.2,-3.2,-12.2,1.1,-4.2,5.1,0.5,5.6,4.4,2.3,-2.3,-1.7,1.2,2.8,3.6,-2.3,2.3,-6.4,-12.0,21.8,-5.7,3.5,3.1,9.9,0.8,-3.5,2.9,-2.8,7.7,4.5,5.5,2.1,7.0,-0.8,-2.1,5.3,-8.0,3.9,0.2,-0.7,-3.0,0.1,1.9,-0.2,10.3,6.5,5.6,-1.8,1.7,-8.8,-2.2,-1.3,-0.0,5.1,3.2,2.8,7.4,-2.3,1.9,3.9,-8.0,2.3,1.3,-5.2,9.1,1.0,0.4,0.7,4.3,2.3,2.8,4.9,14.1,2.9,3.2,-2.2,3.4,4.1,-2.3,-0.4,2.4,1.0,1.6,0.2,6.6,-10.3,2.3,2.7,-2.4,3.6,5.3,5.2,5.6,0.1,3.1,5.9,6.0,-9.8,-5.7,-0.9,8.8,10.5,6.6,2.0,6.6,10.9,-2.7,9.2,0.5,1.1,2.5,3.1,-1.9,0.9,4.7,2.2,3.9,6.8,1.5,3.5,6.4,-2.2,0.8,-0.6,5.3,3.8,0.8,0.6,6.3,8.5,-1.7,1.6,3.9,8.9,1.2,1.8,6.1,1.4,-3.6,-2.9,1.1,4.0,-3.1,-1.9,-4.7,-2.7,3.2,1.1,-0.9,1.2,1.6,1.2,0.6,0.5,1.9,-1.5,-2.0,2.9,4.0,4.3,-1.3,-3.2,2.2,0.7,-0.7,1.8,3.0,-8.8,10.3,0.5,6.7,-3.6,-0.2,0.2,7.1,2.0,1.3,7.0,2.7,4.0,-2.0,-2.7,22.5,-1.2,-0.3,-3.0,-4.3,-2.5,-1.2,-9.1,-2.1,5.2,6.2,1.7,6.5,4.2,4.2,1.1,1.5,2.4,-11.0,-1.6,-1.3,-0.7,-6.6,-18.0,6.4,-10.6,1.7,8.1,3.9,2.2,-9.2,-1.0,1.9,-7.9,-6.0,4.4,-2.2,8.0,-3.9,-8.8,10.7,0.2,4.1,12.9,4.9,11.9,4.2,-1.3,-4.8,11.4,11.1,5.4,10.6,-15.6,-5.7,0.0,9.9,-6.0,0.4,7.8,1.8,-3.3,7.5,-4.8,1.2,0.2,1.6,-1.2,4.9,3.6,1.8,1.0,3.0,9.9,3.3,-0.7,3.1,6.3,5.8,-3.8,-3.8,1.2,1.9,-2.4,-3.1
2018-03-24,6.3,-0.9,-0.2,-0.5,-1.0,4.0,5.0,-3.0,-7.4,-6.8,5.0,-2.6,-2.6,-1.3,4.8,-5.2,6.0,25.6,-3.2,-12.7,6.8,-0.5,2.1,-2.1,-2.7,-0.6,-0.5,-0.7,-0.9,-3.9,1.8,-3.0,0.2,-4.4,-3.9,-3.1,-20.7,-0.6,-4.1,-2.5,-6.4,5.0,-4.8,-4.8,-2.4,0.7,0.3,-1.6,1.7,-1.1,-5.8,-0.9,-2.5,-3.2,-3.8,2.6,-1.7,-1.5,2.8,5.3,-5.2,-1.8,0.5,-1.9,0.3,-7.8,2.1,0.7,-3.6,-0.1,-6.6,-5.1,-0.6,-1.2,0.1,4.2,0.7,2.1,-2.7,4.5,-7.1,-3.1,2.8,5.0,0.9,2.4,1.9,2.5,6.6,-6.5,-1.3,2.2,7.8,-1.8,1.5,0.5,1.8,5.4,10.8,4.7,-1.7,3.6,3.5,-6.3,-2.9,-1.3,-3.3,2.9,3.7,-0.5,1.2,-1.1,8.0,-4.6,-4.7,3.3,-4.9,3.0,2.6,-4.7,-9.9,1.1,5.0,0.4,2.6,6.3,0.7,1.2,1.5,4.8,1.4,-3.8,-4.2,0.2,-7.2,-9.6,6.6,-9.0,4.0,7.6,5.2,6.8,-1.7,-5.1,-3.6,-0.6,4.3,-0.2,1.0,3.9,-4.0,-3.4,8.1,-15.3,8.5,4.3,4.5,-0.9,-5.3,3.3,-7.0,-4.5,-0.7,2.6,-0.7,2.1,0.5,-0.8,-3.0,9.7,0.8,1.6,4.9,-4.2,1.0,-3.2,-7.5,-0.5,4.3,-0.3,-0.1,-1.2,5.2,-3.1,-1.3,0.7,-4.9,4.4,1.0,0.6,-3.1,4.3,-1.4,-6.0,2.2,1.0,-0.3,0.8,0.3,0.8,0.6,-1.1,2.0,1.7,1.5,1.8,-0.9,4.0,1.0,3.7,1.8,0.2,-1.8,2.8,-0.6,3.1,-2.5,2.6,4.9,-0.6,-0.3,-3.9,-0.9,3.8,1.4,4.4,0.3,-3.5,2.7,3.2,10.1,0.6,-4.8,7.7,7.6,1.0,9.1,8.1,11.3,-4.7,-5.2,7.1,3.2,5.5,2.9,-2.0,0.5,1.7,6.6,4.3,4.0,4.0,2.0,7.3,3.5,-3.2,-4.8,12.0,1.2,-1.7,-2.0,5.0,4.1,-5.7,-1.2,4.7,6.3,5.6,1.3,-2.2,-4.3,1.1,-0.9,-0.9,1.5,-0.4,-1.6,-0.4,0.9,4.5,-0.8,0.2,3.4,-0.6,1.2,0.5,0.5,-2.1,-1.7,-4.9,-1.1,-1.4,4.1,-3.5,5.1,2.7,-4.2,-1.7,0.3,3.9,-2.2,-1.6,0.6,3.8,1.9,-0.1,4.0,-3.3,1.1,-3.6,3.8,-0.1,-2.9,-2.4,1.5,18.0,2.8,-0.7,-2.9,2.8,-5.4,-2.3,0.4,-5.7,-1.0,5.1,1.1,-7.2,11.2,1.8,0.9,1.2,5.1,0.6,-0.2,-2.3,0.8,0.3,-5.8,7.7,-7.2,5.6,7.7,3.3,0.1,-1.6,-3.3,0.4,0.2,-7.0,-1.6,-4.7,9.5,-7.6,-6.0,7.0,-5.0,-0.7,5.6,0.0,3.6,6.5,1.4,-1.7,8.7,13.1,1.8,9.0,-8.8,-6.0,8.5,4.6,2.2,-2.0,5.6,-0.2,0.8,11.8,-5.8,2.8,-1.0,10.6,3.9,-0.5,1.0,-2.2,-3.2,-2.1,5.4,-2.2,1.2,-2.0,0.1,10.6,-5.7,0.3,0.7,-0.2,-8.6,-8.0
2018-03-30,4.9,-1.1,0.0,-0.1,1.5,4.4,5.1,1.8,-3.7,-5.4,9.9,-3.1,2.2,0.3,6.0,-0.5,5.8,13.5,4.1,4.9,7.1,-0.1,4.1,3.1,12.6,-1.4,2.3,-0.2,-2.6,-3.6,4.3,-1.0,3.8,7.6,-0.3,-0.5,-10.0,-2.7,-4.8,4.5,-4.4,7.0,6.6,-8.3,-1.2,3.8,0.4,-0.2,2.0,0.4,-4.2,9.9,-1.8,1.8,6.4,1.3,2.4,0.7,11.9,2.6,-6.5,-2.6,8.0,6.1,-2.5,-0.0,2.7,4.3,-0.8,-12.9,-2.5,-1.5,-10.9,1.9,4.9,1.6,4.5,1.8,-3.6,2.4,3.5,6.2,5.8,4.1,1.5,3.6,5.2,-1.4,5.2,-3.8,3.5,4.1,5.4,2.6,-1.2,-0.4,-13.9,6.4,10.4,2.9,0.1,2.0,0.5,0.5,0.1,0.5,-1.8,4.0,2.0,2.7,0.8,2.2,8.4,-2.7,-3.9,6.3,-2.6,3.9,2.2,-2.1,1.0,1.7,-0.9,2.4,1.0,5.4,-2.3,3.6,-7.6,0.9,8.1,-2.7,-2.6,2.3,-3.4,3.8,4.6,10.1,4.4,-0.8,3.4,0.8,-1.1,-0.8,-0.2,6.3,6.0,-0.7,-2.1,1.4,-1.7,-1.6,13.2,7.2,4.3,2.7,5.6,1.1,-3.0,4.7,2.9,-5.4,-0.7,3.6,-0.4,2.9,0.5,-1.9,-2.6,-7.9,-3.4,2.7,1.7,-2.9,0.5,-1.0,-2.8,-0.3,5.0,2.0,3.2,-0.4,-5.6,-0.9,-0.9,-3.3,3.9,7.3,2.7,3.8,0.1,3.8,3.6,-4.4,2.1,3.0,-1.2,0.8,0.8,6.2,-1.2,-0.2,1.9,4.7,3.4,6.8,-2.4,3.5,0.3,2.2,5.5,0.1,-1.3,1.3,1.3,1.8,-7.2,3.7,1.8,1.2,1.5,-2.4,5.5,10.5,4.6,3.9,1.3,-1.3,3.4,4.3,-2.2,2.5,1.6,7.8,9.9,3.0,4.1,5.2,6.6,0.5,1.1,4.6,3.5,1.3,2.7,-0.7,-0.3,7.6,8.7,3.6,3.3,2.2,0.4,0.3,6.3,-1.5,-2.6,-3.5,3.8,1.3,0.3,9.0,1.9,-4.1,5.7,2.3,7.8,7.0,2.9,1.7,-0.3,0.8,-2.0,-2.7,3.1,-1.3,-0.5,8.2,4.7,6.0,2.0,-5.5,2.8,1.0,-0.0,-1.1,2.0,2.3,-0.3,-3.8,2.3,-3.4,4.2,-5.0,-3.4,3.8,-6.8,1.2,4.0,1.9,4.8,5.1,3.8,5.4,5.3,-1.6,2.9,4.3,2.2,-3.8,2.2,1.3,6.9,-3.3,2.8,11.5,8.3,-1.5,-1.4,-2.3,-2.0,-1.0,0.1,-8.4,0.3,5.0,-1.2,5.5,6.0,3.3,2.9,11.9,7.4,3.3,1.6,-2.6,0.4,-2.8,-4.9,7.3,-1.8,1.5,7.5,2.8,7.2,-0.1,0.1,0.5,-3.8,-6.9,2.3,-4.4,11.0,-7.2,-8.7,6.6,-7.2,-5.5,-4.6,0.9,3.7,2.6,-0.8,-2.7,12.9,13.2,1.6,7.7,-9.6,-7.6,-5.5,1.5,2.2,-1.4,7.1,0.9,3.2,9.8,-7.9,-6.9,-0.4,14.2,6.4,1.1,2.6,-1.7,-1.8,0.8,5.6,1.7,3.8,0.7,3.5,10.6,-4.3,-4.4,2.5,3.2,-9.0,-8.6
2018-04-05,6.0,-0.9,3.1,-2.1,3.6,4.0,4.5,2.3,-6.5,-6.5,5.0,-0.3,2.7,-5.5,2.0,2.8,3.9,5.4,1.9,-2.8,2.5,-0.4,3.5,0.8,-1.0,-0.4,-1.0,0.4,-1.5,-3.2,-0.3,-5.8,2.3,11.8,-1.8,3.3,-7.7,0.7,-4.1,-4.0,-11.6,5.3,-5.7,-8.2,-1.2,-0.8,0.2,-0.6,0.4,-0.2,-0.5,2.1,-1.4,-4.0,-6.7,-0.1,-1.7,-0.4,2.9,3.7,-3.9,-2.5,-0.3,-1.2,-4.1,1.0,-0.4,2.5,0.0,0.3,-8.3,-6.1,3.3,2.6,-1.4,2.6,-1.3,-2.3,-0.9,4.7,-4.1,-2.0,2.4,3.1,0.9,-0.8,1.0,5.0,5.0,-11.3,2.1,1.5,-5.0,-0.7,2.2,-0.4,-10.0,-1.3,5.5,4.9,-0.2,1.8,6.2,-5.4,-1.1,0.6,-3.6,2.0,5.3,-2.2,-0.9,-0.7,9.8,-4.2,0.4,3.1,-9.3,8.3,1.5,-2.5,-10.2,-2.5,-6.4,1.9,-0.9,-3.0,2.6,2.1,-5.4,-2.1,4.2,-2.6,-3.2,-0.2,-9.1,-1.9,6.5,-6.5,0.9,-1.2,0.1,0.4,-4.0,-1.7,-0.5,0.2,2.8,0.8,-13.2,3.4,-3.3,-4.5,8.6,-9.5,4.1,6.4,5.6,-0.4,-3.2,1.5,-1.1,4.3,1.5,-0.1,-1.4,2.5,-1.3,0.1,-1.4,4.1,0.5,0.3,2.9,-2.2,-0.5,-0.4,-7.2,0.8,-0.3,1.1,2.0,0.6,4.2,-3.2,-2.9,1.5,-4.5,1.7,0.5,-0.7,-1.5,-0.4,0.3,-9.7,1.7,0.8,-0.5,-1.3,0.8,-2.5,-1.0,-1.8,1.3,-0.3,-4.9,2.5,0.9,-1.9,-3.5,3.4,3.6,1.9,-4.5,0.1,0.7,1.8,-5.2,-0.6,2.1,-2.2,3.2,-1.8,1.4,8.9,-2.8,0.5,0.2,-4.2,2.1,1.9,-4.6,1.2,-5.9,3.9,6.5,-0.7,5.1,1.9,9.3,-4.7,-8.3,4.1,2.6,0.7,-1.4,-1.4,-1.7,2.5,4.8,1.6,2.2,-0.7,-1.5,2.9,4.3,-3.7,-2.1,-1.1,0.4,3.1,-2.6,1.7,1.0,-4.7,2.0,-0.7,3.1,3.2,2.1,-2.9,-2.0,-0.1,-8.9,-3.0,0.7,-0.0,3.0,-0.5,-0.9,5.3,1.4,-4.7,-0.5,-0.7,0.8,-2.4,-0.4,-0.6,-0.8,-6.4,1.4,-4.8,0.9,-4.5,-3.5,2.3,-5.8,3.1,2.5,1.5,-0.3,2.5,2.2,0.1,1.8,-2.1,2.8,1.5,-1.6,-1.9,4.5,-1.4,5.7,-2.9,2.5,9.2,9.8,5.1,-2.9,-1.6,-3.6,-2.3,-1.1,-4.3,-3.9,10.6,-2.9,10.1,12.8,0.1,2.9,3.4,5.7,4.3,3.1,-3.9,1.5,-2.4,-5.9,4.4,-1.9,4.3,8.1,3.7,1.4,3.7,0.2,-1.9,-0.3,-7.2,-1.8,-7.9,7.4,-6.7,-9.2,10.5,-3.3,-10.3,0.3,2.1,2.1,-7.9,-2.6,-2.8,9.6,10.3,3.1,9.7,-7.2,-9.1,-7.7,0.5,0.5,-4.0,7.1,-3.4,2.4,12.3,-5.1,2.8,-1.5,1.1,0.9,0.1,-0.6,-7.1,-1.0,1.0,3.9,2.1,3.2,-1.9,0.8,1.0,-6.0,-5.2,1.5,-2.9,-11.4,-6.4
2018-04-11,0.9,-11.4,4.2,-0.3,-1.7,4.3,4.7,-3.6,-3.2,-3.4,10.6,-5.8,-1.1,-2.5,6.1,0.9,2.8,9.7,-3.5,-0.1,7.2,-1.1,2.6,1.3,-1.1,0.3,2.0,-1.5,-5.3,4.1,7.2,-2.2,2.9,4.2,-1.4,9.0,-2.6,-0.5,-3.6,-6.2,-0.9,11.6,-8.5,-0.5,-2.6,-3.9,-1.7,-0.3,1.4,-0.7,2.3,2.5,-3.9,7.8,-5.5,0.9,-1.4,0.5,1.8,-1.8,-5.4,-4.5,-0.7,-2.4,2.6,-4.6,-0.1,-0.5,-4.1,-3.6,-8.4,-6.0,-3.8,-0.6,-1.3,1.3,-2.5,-3.2,-0.9,4.9,-1.2,1.9,4.9,0.3,-1.3,1.6,0.5,-2.0,1.2,-8.5,-2.1,0.7,-0.4,-3.2,0.3,1.6,-6.2,-4.4,2.2,4.5,-1.3,-0.6,1.9,-2.6,0.0,-0.1,-2.2,2.2,1.4,-5.6,-0.3,5.1,8.7,-2.4,-5.7,1.7,-4.9,4.7,1.3,2.1,-2.1,-1.7,-2.6,4.2,3.3,1.5,0.8,6.2,-4.9,-13.7,4.7,-2.5,-2.0,1.2,-4.1,0.9,7.0,-10.2,0.5,1.1,4.9,-8.1,-1.9,-6.0,-0.5,-3.2,6.0,-2.3,-5.2,3.4,-2.4,-1.2,9.5,-11.8,1.8,6.6,7.6,0.6,-6.0,1.9,1.9,14.3,6.7,2.1,-2.5,7.3,-0.6,-4.6,-7.9,-10.6,-1.3,0.7,0.9,-3.2,-1.5,-1.5,-0.4,-3.5,-0.1,0.5,1.5,-4.0,-13.1,-2.8,-2.6,1.3,-6.7,7.1,-2.9,-3.1,-2.5,3.3,1.0,-2.4,-0.5,-1.7,2.3,-1.6,-0.3,0.8,0.5,-3.7,2.0,3.9,2.1,3.8,-4.0,5.4,-0.2,2.2,0.5,0.4,-2.1,1.9,1.0,0.7,-3.5,1.3,6.1,-0.2,4.1,-2.9,-0.0,1.8,1.4,2.1,0.7,-4.7,3.9,-0.3,-13.7,1.4,1.4,4.0,6.6,1.9,11.7,5.5,6.5,-9.4,-7.6,2.3,4.9,10.0,2.8,0.5,-0.7,3.6,7.3,1.2,6.1,3.0,-0.4,7.7,8.1,-11.2,-7.0,0.0,2.6,1.7,-0.8,6.0,-14.2,-7.9,0.5,1.3,2.9,6.5,1.6,-8.2,2.2,-0.6,-2.8,-0.2,1.9,-2.8,1.6,6.6,3.1,5.3,1.1,-1.7,5.7,3.5,2.3,4.0,2.1,1.5,-1.3,-2.1,3.0,-1.8,2.8,0.3,-3.9,3.4,-4.5,3.1,6.0,4.1,7.7,5.4,5.8,5.4,5.6,-2.1,3.5,0.8,3.1,-1.8,6.1,-2.3,1.2,-3.6,4.6,10.7,-1.9,0.8,-1.8,0.8,-0.3,-0.8,2.3,1.4,-1.7,6.9,-4.9,4.0,8.5,3.2,9.3,6.3,7.4,4.0,1.2,-6.6,0.5,-0.8,-2.8,-1.8,-1.5,5.8,5.2,8.4,7.9,0.5,-2.6,2.0,1.1,-5.2,5.2,-5.4,8.5,-7.2,-2.5,10.2,0.3,10.5,3.8,3.2,6.7,-0.1,-1.3,-0.4,20.6,12.6,2.2,6.6,-7.1,-8.6,-12.5,5.4,-1.0,-4.2,5.6,4.0,-1.3,14.4,-3.4,-1.7,-0.4,-0.3,-0.5,0.4,0.8,0.5,3.3,-1.1,5.7,1.6,7.3,-0.7,3.8,8.6,-2.5,1.6,2.0,1.1,-4.4,-4.2
2018-04-17,4.1,-2.3,8.4,1.1,-2.0,3.3,4.4,0.6,-0.7,-0.1,13.6,-1.7,4.8,1.7,4.9,-1.1,6.0,10.7,1.1,-3.8,6.2,14.8,2.3,1.7,3.7,3.8,0.2,-3.8,-4.8,-6.0,4.2,8.8,3.8,-1.8,-1.0,0.4,1.7,1.9,-3.5,-9.3,-5.5,7.7,-2.2,11.2,-1.2,-7.3,-0.8,-2.1,2.9,0.4,-2.9,-0.0,-2.8,4.5,0.5,1.0,5.8,1.7,3.3,1.7,-5.0,-4.1,-2.0,-2.4,-3.8,2.3,5.3,-0.5,-4.8,-5.9,-6.9,-2.9,7.1,3.6,1.2,3.4,2.4,-7.0,-8.1,2.7,4.8,7.9,8.0,1.3,-1.1,0.3,7.7,10.8,7.0,-4.1,-1.6,8.5,17.5,4.4,-0.4,3.4,-1.0,-0.1,6.4,3.2,-0.8,2.0,5.0,-1.8,3.3,-4.0,-5.9,2.1,2.0,2.8,1.1,0.9,9.2,-6.2,0.4,8.3,-7.3,-3.7,-0.5,-3.6,14.2,2.0,0.8,-1.3,5.5,-7.8,2.7,9.9,-3.3,7.0,11.7,1.0,-3.8,4.9,-12.6,-6.5,8.0,-10.3,4.4,0.2,4.8,9.2,1.2,-2.6,2.1,-0.7,5.5,0.9,2.1,2.7,-0.9,1.0,9.9,-13.8,3.8,0.6,8.5,2.6,-2.4,3.2,4.0,3.4,2.5,-1.9,-1.9,3.2,0.3,5.2,0.2,1.9,1.3,-0.0,0.4,-4.8,0.1,-0.1,1.5,-3.8,-3.1,2.1,1.8,6.1,0.5,-3.1,-2.1,0.4,-2.3,11.7,-4.5,-1.2,-3.7,-1.4,0.4,-5.0,2.4,0.1,0.2,2.0,0.1,-0.1,2.5,-5.3,-1.2,1.9,-3.6,-1.0,-0.3,9.1,2.3,1.8,3.4,-3.3,-0.9,2.2,0.3,0.4,-3.9,0.1,0.7,-1.5,-2.1,-0.9,5.7,12.0,1.2,0.5,-0.5,-4.6,1.4,1.8,-5.1,1.5,-12.3,2.2,5.7,1.2,9.2,6.4,11.5,-4.5,-1.4,7.4,1.8,-7.1,-3.6,0.8,0.4,11.5,7.0,3.8,2.5,0.5,-2.8,-4.4,4.8,-3.6,0.1,4.1,2.1,1.8,5.2,4.9,1.0,-6.2,5.1,-1.3,0.7,6.2,2.7,5.8,-0.1,-0.4,-11.0,-2.1,2.1,-3.5,3.6,2.6,0.4,5.4,1.5,-0.9,2.6,2.1,-0.8,-1.5,2.2,1.6,3.0,-6.0,3.2,-2.0,6.2,-0.5,-7.1,1.1,-0.3,8.6,5.7,4.5,0.7,1.4,2.3,5.1,-7.4,-2.8,-0.0,5.1,1.8,2.6,5.7,2.7,4.2,0.4,3.7,0.7,1.3,-5.4,-3.6,-10.1,-5.8,-2.8,-0.6,-6.6,2.8,2.5,-6.3,1.8,3.8,4.4,8.0,6.4,6.5,2.6,1.3,-0.8,-0.4,-12.9,-5.5,6.8,1.5,4.8,3.4,10.0,6.3,-7.2,-2.4,0.7,-2.2,-8.7,-0.2,-7.4,8.8,-5.9,5.6,12.8,-8.3,-10.4,-2.9,-1.7,1.0,10.4,0.6,-2.6,17.3,11.3,-1.1,9.6,-8.3,-7.5,-5.3,-1.7,0.3,-1.9,10.5,-0.5,10.2,12.5,-6.3,-8.1,-0.8,-1.5,1.3,2.7,-4.0,-3.1,-6.9,0.9,4.9,-6.8,3.6,-3.4,11.5,17.3,-4.5,-3.6,-0.9,-5.4,-7.2,-5.0
2018-04-23,3.9,-5.5,5.0,-2.9,1.2,3.8,4.1,0.6,-0.6,-6.0,13.1,-6.1,-1.4,-6.7,3.6,-0.9,4.1,16.6,2.2,-4.5,9.0,12.9,5.2,-2.0,-11.1,-3.4,-1.1,-2.3,-7.4,-5.1,3.4,2.2,0.4,5.0,-6.0,2.7,-13.8,-0.7,-4.9,4.9,-11.1,2.5,-10.3,0.2,-2.7,-3.9,-1.9,-4.4,0.2,-3.1,-6.8,-1.8,-5.6,-3.9,-9.2,1.0,6.4,-4.0,-0.3,-7.1,-4.5,-7.3,0.4,-1.6,-12.8,-2.7,1.3,-1.5,-9.0,-1.4,12.2,-3.3,-2.3,1.4,-2.6,-4.9,14.9,-4.2,7.9,4.2,-0.6,-1.1,1.1,-0.3,-1.7,0.8,0.5,0.3,-14.8,-4.6,-2.6,-1.3,-5.4,2.7,3.3,-0.8,-7.3,-4.1,0.9,-0.5,-1.6,-5.9,1.0,3.1,-1.6,-0.5,-14.4,1.7,2.1,-0.2,-4.4,15.3,8.8,-5.5,-4.6,0.5,-3.0,1.8,7.1,-0.6,11.9,-2.2,0.1,-2.8,-1.0,-1.6,4.2,7.3,6.2,2.1,-1.2,-0.8,-4.1,1.1,-7.0,-3.3,4.4,-5.5,0.5,0.3,1.3,-0.3,-4.9,-1.4,-14.0,-6.9,-0.2,6.9,-3.1,1.9,-4.9,-1.8,6.9,-7.2,-5.4,-1.0,0.1,-0.2,-2.7,3.2,2.2,1.0,0.2,11.7,-15.3,7.2,-2.6,-4.9,-2.5,-2.2,-3.3,1.8,5.6,-0.9,-1.6,7.6,-2.5,-9.0,-14.2,3.0,0.1,0.6,-6.1,-1.0,1.6,2.6,-3.1,4.3,1.0,-9.5,-7.2,-0.5,1.5,-2.8,-4.2,-1.7,-0.1,7.8,2.3,-0.3,-0.7,-4.6,1.1,-3.1,1.2,4.4,-3.2,6.4,-5.3,-2.2,3.0,2.1,0.3,5.6,-1.7,2.4,-1.2,-3.2,-0.4,-0.5,0.5,-0.8,1.6,9.1,1.1,4.8,-4.5,-8.0,-0.1,-2.0,-7.1,5.2,-4.0,-0.3,1.3,12.5,-3.2,5.0,8.2,-4.7,9.1,-1.4,-0.9,-3.0,-4.7,-0.6,-1.2,8.9,3.3,-1.0,-0.7,4.0,-2.7,0.3,5.5,-6.1,-1.2,1.0,1.8,4.4,1.1,-1.0,1.3,-3.2,-0.9,0.5,2.3,3.1,-2.0,2.0,-2.6,4.5,-7.5,-8.4,1.9,-10.2,4.7,-3.5,1.4,8.9,-1.2,0.1,5.3,1.0,-1.8,5.0,-0.4,-0.3,-1.8,-7.9,-2.6,-3.1,1.6,3.9,-5.3,0.6,0.0,4.5,6.9,4.3,11.1,4.0,2.9,-5.6,11.4,-5.6,1.8,3.1,2.7,2.7,4.0,2.9,6.8,-4.1,-0.0,10.9,1.1,-6.0,-4.2,-3.5,-4.8,-3.4,-7.7,-2.5,-3.0,5.3,-7.8,1.9,8.0,4.0,3.8,2.9,2.1,1.8,0.5,-3.2,-1.9,-1.4,-12.8,8.7,-9.0,6.0,0.9,2.3,4.4,6.9,-2.6,0.7,2.6,-10.1,3.0,-4.2,7.6,-8.3,-4.1,8.1,-8.6,-13.0,4.2,-0.2,2.4,-0.8,-5.9,-2.2,14.3,12.6,-0.4,8.3,-11.7,-12.2,-9.7,1.3,1.2,-1.8,8.4,2.6,1.6,8.1,-11.4,-7.9,-4.2,4.1,4.1,0.7,0.8,-2.1,-6.0,-2.5,-0.8,0.7,-1.0,-2.5,1.5,13.4,-3.6,-4.2,-2.1,1.8,-1.3,-3.7
2018-04-29,0.4,-3.0,5.4,0.5,1.3,5.2,6.6,7.1,1.0,-2.5,8.2,1.2,-0.2,-0.8,5.2,0.3,2.4,12.5,2.5,-4.5,-2.3,4.2,5.3,3.3,0.2,7.2,1.5,0.5,-1.9,-2.7,1.0,-0.7,6.8,8.4,7.4,4.4,-4.8,3.0,-3.2,-1.8,1.2,9.0,3.4,6.8,-0.2,1.2,-0.3,1.5,3.6,1.2,-0.3,5.1,-1.9,2.1,3.8,0.2,5.4,1.4,-5.4,3.2,-4.4,-4.2,-0.8,1.7,2.4,-2.2,0.6,3.0,-2.0,3.1,-1.8,-2.0,1.3,4.2,-0.4,5.5,2.2,0.3,-2.5,5.6,0.8,1.3,4.4,0.0,-2.2,0.9,5.8,-2.6,-16.7,-6.3,-5.1,13.5,2.0,3.2,5.9,5.3,-5.3,1.6,1.1,2.0,0.4,-1.1,8.0,-3.8,1.4,-0.5,1.7,3.9,-1.6,0.1,1.9,3.3,12.2,-4.2,-2.0,4.3,-2.9,5.9,4.3,0.6,-7.3,2.8,-0.5,-9.2,10.7,3.0,4.6,6.9,10.3,1.4,-4.2,-1.7,-2.5,4.5,-3.7,1.4,15.0,-2.9,3.5,2.8,9.4,10.3,0.6,-0.2,5.5,5.2,-6.8,7.9,-2.2,0.3,-4.7,-2.9,12.7,8.0,0.6,6.1,14.4,-6.6,-1.8,4.4,5.4,10.4,-13.0,2.9,-0.2,6.6,-3.1,-4.2,-1.6,7.7,-4.2,-1.8,7.1,1.0,3.9,2.2,6.7,-1.7,-0.3,0.8,7.3,1.5,-0.4,-1.0,0.4,3.2,2.3,11.6,0.0,-4.3,-3.6,1.9,0.9,-11.3,3.3,1.0,2.7,4.2,1.6,-2.9,-0.6,-8.8,6.4,1.6,4.8,6.7,11.4,7.4,-4.4,1.2,3.2,0.9,0.4,-1.0,0.4,0.8,-2.4,-2.8,-5.4,-0.8,3.0,2.7,3.6,6.1,3.6,5.0,-7.7,-4.6,0.9,-0.2,-1.0,4.3,-2.1,0.9,1.9,-1.5,1.2,1.0,12.4,-3.7,2.0,-11.9,4.9,-1.1,-1.8,5.6,8.0,10.6,8.8,-14.6,5.5,1.5,-1.2,-1.4,6.5,-3.0,-1.5,3.0,1.6,7.8,5.1,6.1,8.6,-1.3,5.3,2.7,4.9,5.5,3.1,0.5,0.7,-0.5,-6.0,0.9,3.8,-2.1,7.8,11.8,7.1,12.2,4.1,-9.4,10.9,1.6,-6.6,-3.8,1.7,5.3,3.7,-1.7,8.1,-10.0,9.6,5.5,-4.1,3.2,-4.6,10.0,8.7,6.6,6.7,10.3,6.9,8.5,8.7,-2.2,4.0,4.4,7.4,-6.1,1.0,2.0,9.0,2.9,6.8,11.4,5.3,-14.2,-1.3,-4.4,-1.6,-0.2,4.5,-6.3,5.0,4.5,-6.8,0.9,6.2,6.6,11.9,13.3,14.6,0.4,3.5,1.7,1.5,-3.3,-2.8,2.2,-6.4,9.2,7.4,6.0,11.9,-2.6,-0.8,4.7,5.7,-7.8,-9.3,-2.3,10.9,-5.5,-9.1,10.0,1.2,-10.0,7.3,2.1,5.9,0.1,-3.6,-2.4,9.5,11.9,0.1,9.2,-2.1,-7.9,-6.4,3.5,0.9,-5.4,6.5,1.1,-10.2,14.3,-10.1,-1.6,-5.2,2.3,1.3,4.0,4.4,-3.6,0.4,-0.1,7.4,7.7,5.5,1.1,6.0,3.8,-1.1,-3.6,2.0,2.8,-7.2,-4.7
2018-05-05,-3.7,7.4,2.7,-0.8,-1.8,5.9,5.8,-2.2,-5.5,-6.0,9.6,-3.3,2.7,-1.4,5.0,-0.4,9.0,6.2,2.8,-3.3,-2.1,4.4,2.4,-1.9,-3.2,7.2,4.0,0.8,-4.4,-2.7,-0.4,2.0,-6.2,8.7,-0.2,3.3,-3.2,-1.2,-2.4,-0.7,-2.9,8.5,3.7,4.8,-1.3,-2.1,-5.8,0.3,3.4,-0.8,-5.5,1.4,-3.4,2.6,5.7,1.9,4.5,-1.9,2.4,2.7,-2.9,-7.9,5.3,1.1,-6.9,1.9,-3.5,-3.8,-0.1,4.4,2.8,-3.3,1.9,4.1,1.5,2.1,-1.0,0.9,-7.7,3.8,5.4,-3.1,0.5,-0.6,1.7,1.3,-0.0,-2.3,9.8,-5.6,-3.7,-0.3,-3.2,4.8,0.3,1.5,7.6,-3.1,1.7,4.2,-0.4,0.4,5.7,-1.1,3.0,3.3,-3.2,3.7,0.0,-2.6,1.7,6.2,5.3,-4.8,-10.1,2.4,-5.5,6.9,6.2,-1.8,14.3,1.3,-0.2,-5.3,1.0,1.3,3.5,7.8,6.1,1.1,-2.7,-3.8,-4.0,-2.3,-6.8,4.9,6.2,-10.5,1.4,1.1,8.1,5.0,-2.8,-2.2,-1.4,-4.7,2.4,-8.6,-8.3,2.0,-3.1,1.3,10.2,-12.5,1.1,-0.1,-1.0,1.0,-3.5,1.8,-4.3,-6.0,2.8,-1.1,-3.6,2.9,-2.1,-5.3,-2.6,-3.2,-9.5,2.0,2.1,-3.0,2.2,1.2,0.2,0.7,-2.8,-4.4,7.5,-3.0,-1.8,-1.4,-1.0,1.8,1.8,2.7,-10.0,-1.8,-1.8,-0.2,-0.5,-3.3,-1.3,0.9,3.9,3.5,1.7,0.4,0.9,-12.6,-0.9,1.5,6.5,7.0,1.4,-4.1,-5.9,2.0,3.6,3.3,-1.6,-1.8,0.6,3.0,-3.2,6.2,1.4,4.9,4.7,-0.9,-0.9,4.4,1.3,1.4,9.5,-1.6,3.7,1.3,6.6,8.1,-2.5,1.2,-0.7,9.0,3.3,6.3,9.1,-4.5,-0.8,-1.4,6.3,-0.5,3.0,1.0,-2.6,5.1,3.9,1.0,-1.4,1.1,0.4,1.5,4.5,0.7,-2.2,0.6,4.1,0.2,3.1,5.0,-1.9,-3.3,-0.7,0.3,2.4,5.1,3.5,1.1,2.1,1.8,-0.5,-1.4,2.6,-5.4,3.3,3.0,5.6,4.3,0.9,2.4,3.7,0.6,-0.2,-0.6,1.7,2.8,5.7,-1.8,2.4,1.1,8.1,1.0,-4.7,2.9,-0.6,6.1,6.5,4.0,5.3,4.8,5.2,5.6,6.1,-2.1,0.2,1.8,3.0,0.9,7.1,0.4,3.0,6.6,0.2,6.5,7.1,-3.8,-2.0,-8.5,-2.1,-0.3,2.9,0.7,2.2,2.9,-3.6,1.5,5.8,8.8,5.7,8.7,9.6,2.6,0.6,1.1,0.3,-10.0,-2.2,18.4,-5.0,9.4,4.0,-0.6,6.4,0.5,0.7,3.4,-5.5,-5.8,7.7,5.3,10.0,-2.9,-7.0,3.9,-1.5,-12.7,3.2,3.3,-3.7,6.5,-1.2,-1.8,10.8,12.2,0.4,5.6,-2.0,-5.5,-5.8,0.3,-0.3,-4.2,7.3,-2.3,-10.4,15.7,-3.9,-4.0,-2.6,5.5,3.6,-0.8,-0.9,-0.9,-3.1,1.7,-2.4,1.4,7.0,2.4,9.3,-2.0,-3.9,-7.5,3.4,5.2,-2.5,-4.4
2018-05-11,0.4,-5.7,6.2,-0.3,-3.3,2.6,4.3,-1.6,-4.3,-8.3,6.4,-2.3,1.4,-3.3,1.6,-10.5,8.6,6.5,1.8,-3.6,-4.4,5.1,5.4,-3.2,-3.8,0.4,-4.2,-0.2,-1.9,-4.0,-5.0,-0.2,3.3,3.1,1.4,4.9,-8.7,2.6,-6.5,-5.9,0.8,8.4,1.1,1.0,-0.6,-2.8,-2.6,-0.8,2.8,-0.8,-2.5,4.0,-4.0,1.6,-0.2,2.3,-0.8,-0.4,-3.0,5.8,-5.8,-6.8,-1.7,-4.5,-0.2,-0.8,-0.6,-12.0,2.4,0.4,-0.5,-8.0,-0.6,1.6,-0.8,-0.3,1.7,2.1,-4.9,3.4,5.2,2.2,3.4,-2.4,-0.1,1.6,1.2,-0.5,-14.2,-11.3,-5.3,0.6,4.6,-2.1,3.8,5.4,-5.2,-8.9,2.4,4.8,-3.4,-6.0,4.6,-1.2,-1.4,4.1,-4.7,1.8,2.6,-1.2,-2.1,3.6,7.7,-1.7,2.4,1.2,-4.4,3.9,1.8,2.3,7.7,-0.5,-3.8,-8.5,1.5,2.9,4.0,9.6,1.6,-7.1,-9.8,-2.7,-2.9,-1.8,-1.9,3.5,9.6,-10.1,1.0,1.0,2.5,-7.6,-5.0,-0.4,2.4,-1.3,-0.4,4.2,-4.6,2.0,-3.5,-12.7,10.6,-13.0,2.2,3.2,9.8,-6.3,-7.0,4.4,-1.5,-2.0,0.7,2.8,3.0,4.5,0.1,-5.1,-5.9,0.0,-1.8,-2.1,5.5,1.6,0.3,-0.3,-14.0,-2.6,0.0,-1.5,-0.7,-0.6,1.5,-3.9,-1.8,4.8,1.5,2.0,0.2,11.7,-9.6,3.4,-0.5,-6.8,1.4,-1.6,0.7,1.0,0.6,1.0,0.8,-3.5,-1.7,0.3,14.1,3.9,8.8,-1.9,-4.6,-2.1,0.0,1.1,-3.5,5.3,-0.8,-1.2,-0.2,2.3,0.6,-1.6,1.7,-1.6,1.3,8.3,-1.8,4.6,1.4,-2.9,1.0,0.9,0.4,-1.1,-4.7,0.1,3.7,-4.0,4.4,3.0,-1.4,-3.0,0.5,2.1,2.0,-4.4,-12.6,2.6,3.7,9.7,6.2,2.5,-3.6,6.1,-4.0,-3.3,0.8,-5.4,-4.5,1.4,1.2,7.0,7.7,7.8,-0.7,-3.3,-3.4,3.0,6.4,6.8,-0.4,-1.2,-4.0,-1.3,-3.2,-3.9,1.2,-4.4,7.0,13.3,4.2,9.2,1.7,-5.3,4.5,0.4,-5.9,0.0,-1.5,3.9,0.2,-5.7,4.8,-2.2,3.6,-2.9,-5.9,1.2,-3.1,-0.2,7.8,9.4,11.0,1.5,4.4,3.1,7.7,-2.5,1.3,-1.0,1.9,0.2,3.4,2.9,5.5,-2.1,5.9,14.3,3.7,-1.1,-2.8,-7.6,-7.9,-3.2,-0.5,-7.6,0.0,7.6,-1.8,-0.8,2.6,0.5,8.0,7.7,7.4,6.3,1.8,5.9,2.3,-9.6,-6.5,5.6,-0.3,5.4,4.6,2.9,4.2,2.8,3.7,-1.5,-8.1,-10.3,1.9,-3.2,6.5,-3.3,-8.6,5.2,-2.6,-8.1,2.7,-2.6,1.2,0.7,-7.6,-2.2,11.5,9.4,2.2,6.4,-6.2,-6.2,-5.9,2.5,-0.1,-5.8,7.8,-2.5,2.3,9.4,-7.8,-3.6,-4.3,-0.1,0.4,1.0,1.2,-4.3,-1.8,-1.1,3.8,0.5,3.5,1.5,-0.2,-0.3,-5.4,-5.0,-0.0,4.4,-6.7,-5.3
2018-05-17,2.6,-3.5,8.9,-3.6,-0.1,2.7,4.3,-1.7,-4.0,-4.8,10.5,-3.2,-4.9,0.5,0.7,0.2,3.9,11.9,-1.9,-8.0,-4.9,-2.6,2.1,-2.4,1.9,8.9,5.8,-3.2,-9.7,-1.1,-1.8,-3.7,12.9,8.1,-9.3,-5.4,-3.4,-6.3,-0.9,-2.5,1.4,2.9,10.5,12.4,-0.8,-2.9,-4.8,-2.5,-1.9,-1.5,-6.1,0.2,-4.8,-0.7,7.2,-4.4,-3.6,-2.2,0.2,-5.8,-4.9,-4.2,-0.4,-4.1,2.3,-9.1,3.3,-1.7,-3.1,0.6,-5.3,-2.8,0.6,-1.7,-2.2,4.4,-0.5,-0.6,-3.8,4.7,-0.1,1.7,2.3,0.4,-0.1,10.5,0.9,1.5,2.2,-5.0,-0.3,1.0,5.2,-4.2,-1.9,2.1,-8.1,-1.9,0.2,4.1,-5.6,3.0,1.1,-1.1,-1.5,3.5,-2.4,4.7,-3.3,-2.2,-3.7,0.0,7.0,-4.7,-1.1,2.7,-5.1,3.6,14.7,5.0,11.2,0.8,-5.6,1.2,0.3,3.3,2.0,5.5,3.6,0.2,-1.0,-4.2,-4.5,-1.1,-6.6,6.5,11.9,-14.7,2.0,-2.4,0.9,-1.6,-4.9,-3.1,-2.1,-2.8,-0.0,0.9,1.7,-0.4,-3.7,-11.7,10.8,-16.3,4.2,4.3,10.4,-8.2,-3.4,3.2,0.7,2.0,-0.8,-1.8,-0.8,2.6,10.7,2.3,-1.4,7.2,-2.5,1.2,6.8,-1.6,1.1,1.4,-13.7,-2.5,-2.1,-13.3,8.2,-0.1,-1.1,-2.2,-4.3,5.6,0.9,7.4,-13.0,-4.3,-2.1,2.9,-2.8,-5.5,-0.6,-1.3,-0.8,1.9,-1.6,-0.2,7.1,-6.4,-3.5,8.7,-2.8,0.3,6.2,0.3,-4.6,0.0,3.2,-0.2,-4.8,4.6,-1.5,-2.3,-6.6,-0.5,-1.4,-3.2,1.5,0.2,5.3,8.7,-1.4,3.6,-3.2,-3.8,1.9,1.3,3.7,-5.4,-5.1,2.7,4.4,-7.1,8.2,-0.3,1.6,-7.2,2.4,-2.8,-1.4,-11.2,-5.5,-0.1,1.5,7.9,7.2,-1.4,-2.8,-1.5,-6.6,-7.1,4.0,-4.5,-2.1,-7.4,2.0,3.3,-0.1,-4.4,-0.4,-3.7,2.3,1.4,1.7,4.5,0.8,-5.1,4.7,-0.8,-8.4,-5.1,2.2,-6.5,2.9,11.3,3.0,8.0,-0.4,3.6,5.1,-2.0,-0.1,2.4,-1.5,7.0,2.8,-6.9,-0.6,-1.7,10.4,2.6,-2.4,1.4,-1.7,5.2,5.9,4.6,2.8,-1.6,3.3,8.0,2.1,-2.1,2.4,-1.0,2.0,-1.3,5.1,2.0,5.3,3.9,2.9,9.6,-2.1,-3.2,-2.2,-4.8,-3.7,-2.3,-5.0,-2.9,1.9,4.0,-8.0,2.7,11.0,1.7,6.3,4.3,5.4,2.0,0.2,-4.3,0.6,-6.0,-7.4,7.9,0.6,9.2,0.7,2.9,6.1,4.4,-13.6,0.4,-5.3,-8.4,2.2,1.0,9.9,-10.3,-18.5,6.7,-4.6,-4.1,-0.7,-0.5,2.4,-1.2,-1.9,-5.7,9.7,9.6,0.2,6.8,-9.6,-8.1,-1.7,1.9,4.3,-9.1,5.2,-0.9,2.5,9.5,-8.1,-1.3,-4.6,6.8,3.1,0.7,4.7,-3.5,-2.9,-0.2,5.3,3.8,-1.8,-2.8,0.0,2.3,-3.8,-10.2,-6.6,-3.9,-6.9,-6.2
2018-05-23,2.1,-6.1,5.8,1.5,-5.2,2.2,4.0,4.4,-0.6,-4.9,8.4,-6.0,5.5,-1.8,0.7,-7.0,1.4,5.9,3.2,-2.0,0.2,2.7,2.0,-1.4,0.3,2.2,-2.0,-5.1,-7.6,2.1,-0.3,-2.0,7.4,1.4,-12.6,0.3,-7.0,-5.8,-0.3,-2.1,1.0,17.1,5.5,6.9,-1.7,-0.3,-6.5,-5.7,1.4,-2.3,-17.0,4.8,-4.0,4.9,-1.1,1.3,-0.0,0.0,-1.8,0.8,-6.4,-6.3,11.7,3.3,-0.1,1.4,2.5,-6.4,-1.4,-1.2,2.8,-1.0,-2.8,1.9,0.2,5.5,3.1,0.2,-2.9,5.3,5.7,13.0,1.8,3.7,-0.1,1.7,-0.2,1.4,9.3,-3.7,-1.7,-0.7,2.3,-2.3,0.7,6.1,-1.4,4.7,5.3,4.9,1.4,4.4,2.3,-4.8,-1.9,-6.7,-0.5,3.7,-1.6,0.2,3.1,2.6,14.8,3.0,-14.1,1.9,-4.0,10.1,3.8,4.2,2.0,0.7,8.1,-1.5,2.2,5.5,3.1,8.6,5.8,1.2,-0.7,-1.1,-0.8,6.9,2.2,2.4,8.5,0.2,-0.6,8.0,8.4,-1.8,-0.1,-2.2,2.4,0.7,2.0,0.7,-2.9,-3.3,-1.0,1.1,12.6,-3.1,-9.1,7.3,4.1,1.1,-2.6,2.7,1.0,3.8,0.5,0.0,-6.8,14.2,-0.4,-4.5,-3.5,-0.8,-5.3,1.6,2.6,-1.5,0.5,1.1,-15.4,2.3,-0.7,3.2,0.5,-1.8,3.1,-2.9,-3.3,0.1,-12.7,8.8,-4.4,-0.3,-0.3,4.3,-0.3,-7.0,-0.2,1.0,1.7,1.7,0.4,2.0,-3.2,-9.4,-0.8,1.9,2.4,5.4,-6.7,-2.1,-4.0,2.2,4.8,3.2,-0.0,5.8,1.6,-0.7,0.2,0.3,-2.5,0.3,3.2,4.5,4.2,10.9,2.5,6.3,12.6,-0.6,5.0,4.3,9.4,7.4,-2.8,3.8,5.9,4.9,5.2,5.4,12.2,-2.7,-1.9,0.9,4.4,-0.4,5.1,3.1,4.3,6.0,14.6,-7.4,-6.5,5.5,-2.1,6.8,7.2,2.7,3.8,4.6,2.5,8.0,1.9,6.4,-9.3,-2.6,8.5,3.9,5.2,1.4,6.3,2.6,0.7,-6.8,-2.7,-6.8,4.3,-4.1,12.3,9.0,7.1,13.6,3.8,-4.2,4.2,2.4,-1.1,5.4,4.6,3.2,3.1,-7.9,0.6,1.7,6.1,1.4,-2.3,4.2,-1.8,7.1,12.4,13.3,6.0,6.4,7.3,11.1,10.3,-0.6,2.6,-1.1,3.8,1.0,3.4,5.8,3.7,2.8,7.1,12.7,11.7,-2.5,-0.1,-3.3,-2.9,-0.2,5.0,-3.5,1.2,8.4,-15.5,6.0,0.4,4.0,11.2,8.7,8.9,8.5,5.9,-10.1,1.5,-2.1,-1.6,8.1,1.3,10.1,4.7,-10.2,6.8,-5.5,-11.4,3.5,3.3,-3.8,1.1,2.6,10.5,-8.4,-1.5,9.7,-0.2,-6.8,-10.7,2.7,1.2,10.5,-0.6,0.5,12.4,11.2,1.3,10.4,-3.7,-4.2,-7.1,1.4,-1.4,-1.0,10.1,3.4,11.1,12.1,-4.8,-2.1,-1.1,0.9,3.6,5.7,4.1,1.5,-2.9,-3.5,3.4,-0.1,3.4,0.9,5.5,-1.3,-2.6,-6.0,-1.0,3.0,-3.1,-5.1
2018-05-29,9.5,10.1,11.6,7.7,5.0,11.8,12.7,7.0,3.9,0.7,19.0,3.4,6.8,8.2,12.1,6.3,8.3,19.4,10.3,0.4,5.4,8.0,4.6,-0.7,3.6,3.0,2.5,3.1,1.2,2.7,1.6,3.3,9.5,8.2,0.6,4.1,-0.4,2.1,-0.2,0.6,-1.6,7.4,7.3,4.2,1.9,-0.2,5.2,1.4,4.8,-0.5,-0.8,1.2,1.4,5.3,-10.8,4.7,4.1,-1.6,3.4,1.5,-0.9,3.6,-3.0,0.4,7.2,2.6,2.6,0.2,-3.1,7.7,10.6,-0.8,-0.6,12.4,4.3,10.8,9.7,5.9,2.4,8.2,14.5,5.0,5.2,-0.1,1.3,1.6,5.2,4.5,-5.4,-5.1,1.7,5.3,10.1,13.5,11.2,9.2,0.6,2.7,5.8,9.6,2.8,8.1,5.1,-8.2,5.0,8.1,4.4,9.8,7.9,4.0,-6.0,11.3,8.2,-4.7,-8.0,3.8,-5.7,5.3,1.7,3.9,2.6,5.3,-0.8,2.7,5.8,11.1,10.2,11.5,5.9,1.7,9.6,1.4,-0.4,0.4,-8.1,-0.5,17.4,5.0,9.0,3.0,3.5,6.1,1.9,-2.3,8.8,0.7,9.0,5.2,1.8,0.1,0.0,-2.8,20.5,3.3,8.1,5.3,-3.4,1.4,-6.2,10.2,-13.2,-11.2,10.6,7.4,8.9,8.8,-0.9,0.6,-2.5,0.6,-5.2,0.6,-7.8,9.7,6.8,6.1,2.3,4.1,4.4,-3.0,3.7,2.4,-0.4,1.3,0.9,-12.8,4.8,11.9,-4.1,1.6,3.7,3.9,8.1,-6.4,1.6,2.1,7.9,5.6,3.0,5.2,5.5,-7.0,0.1,0.9,-2.7,-10.5,3.9,6.6,3.2,8.7,7.9,7.8,1.6,-2.6,4.4,4.7,2.5,3.0,6.6,2.0,2.0,-0.7,3.7,9.4,2.8,4.1,4.3,-3.1,5.7,4.5,5.6,-1.6,-1.1,0.2,5.4,-9.8,-3.3,-1.5,-4.5,-11.5,1.6,6.3,0.6,0.0,2.6,7.5,4.3,7.3,11.5,7.9,-11.7,3.7,-3.9,0.6,4.4,-0.6,3.1,3.1,4.5,0.3,2.6,10.9,-0.6,-1.7,4.8,4.7,3.9,5.8,0.7,-2.9,4.4,-0.2,-3.8,-9.7,3.6,-9.7,3.7,9.9,9.1,11.1,2.5,-5.5,5.1,-2.1,-3.5,-0.7,-0.2,3.9,2.4,-4.6,1.9,3.7,9.0,1.2,-0.5,-0.0,5.5,12.5,9.4,7.8,9.0,6.9,6.6,9.4,7.8,-4.5,1.6,12.2,0.2,-2.8,1.4,1.5,4.2,3.8,2.9,10.1,7.3,2.5,0.7,-1.5,-13.2,0.6,-2.8,5.3,-3.9,7.4,-3.2,3.1,-1.0,-0.0,7.8,10.0,13.6,0.8,7.3,1.7,3.1,-0.2,-7.1,19.0,-3.6,6.4,4.5,5.8,11.4,-9.8,-1.6,1.3,6.2,-8.5,10.1,-0.4,4.9,-5.8,-0.9,6.8,-5.3,4.6,8.1,5.9,9.8,3.3,0.4,-4.2,10.2,10.0,1.2,6.7,-5.3,-1.1,2.6,7.1,-4.7,-6.1,4.0,2.2,-0.5,10.0,-7.5,-1.1,0.2,-4.0,-0.6,4.5,5.3,2.1,-5.9,-0.5,12.0,5.7,1.0,-3.0,3.2,11.7,0.9,-5.8,-1.6,-1.7,2.6,-1.4
2018-06-04,0.9,0.5,7.5,2.1,-5.3,6.1,6.4,0.1,-2.9,-5.7,11.8,0.7,4.9,-1.8,5.5,-4.3,-1.8,8.2,4.5,-3.9,-0.1,5.9,3.6,0.0,0.1,0.7,-0.4,-2.1,-3.2,-0.3,-0.7,3.0,10.1,2.3,-3.4,-2.0,-20.7,-1.5,-4.4,-3.8,0.5,10.0,0.4,3.3,-10.6,-3.7,-1.0,-2.2,4.7,-1.1,-8.2,1.9,-5.0,0.8,-1.6,5.4,3.4,-0.8,7.6,5.5,-4.9,-8.1,-3.4,-3.2,-3.4,-0.0,1.7,0.9,-1.4,-1.6,1.0,-4.1,-3.2,5.6,1.8,9.0,1.7,0.7,-3.2,5.1,1.5,-2.1,2.8,-1.5,-2.4,3.7,5.2,-1.4,11.1,-5.7,-0.4,1.2,-0.4,4.0,2.4,3.8,1.0,4.4,4.2,2.9,-0.1,4.4,5.9,-2.3,6.8,6.8,-1.9,5.4,-0.3,1.3,0.3,0.8,5.1,-7.5,-2.2,5.4,-4.9,5.6,3.8,1.0,2.2,3.3,-1.1,0.5,3.0,2.4,2.9,5.0,4.5,3.0,0.2,-0.7,0.1,-0.4,-14.2,7.9,10.9,-1.5,5.8,2.5,6.4,-0.5,0.8,-2.2,1.6,-0.8,-1.5,6.4,-4.7,8.4,-3.3,0.3,14.2,-10.0,10.3,5.2,7.1,1.5,-3.9,3.1,0.2,-2.1,-3.9,0.7,-5.5,-9.7,-1.2,-6.1,-0.8,0.3,-2.2,4.5,3.8,-0.6,3.9,0.2,1.2,1.7,2.6,-3.6,-3.7,-0.3,-2.5,-1.1,-2.4,1.7,7.7,9.1,-6.1,-2.0,-2.3,2.5,-0.6,-6.5,-1.1,-0.4,2.5,2.7,1.0,4.7,-2.9,-9.4,-2.6,6.0,-1.8,4.4,-5.5,4.0,-4.4,-0.4,3.1,5.2,-1.5,6.0,0.5,0.9,1.5,2.6,1.2,0.2,4.4,-0.5,4.5,10.8,1.8,3.5,5.7,-0.7,6.6,4.4,6.2,1.6,1.3,2.3,6.1,1.5,6.1,8.7,8.6,-7.9,-1.7,5.4,1.8,2.3,4.0,4.8,4.5,8.5,6.2,0.4,-5.4,-1.5,-2.6,4.7,1.8,0.2,8.4,-4.9,0.5,10.4,5.0,6.2,-0.9,-2.8,5.6,-0.4,1.8,7.6,2.1,-0.2,1.2,-0.8,-2.4,-8.1,0.8,-5.8,5.5,9.9,9.9,14.1,4.0,-11.7,3.8,3.3,1.0,3.1,0.1,4.8,3.8,-14.3,2.4,-1.6,7.7,3.0,-3.8,4.6,-1.2,9.1,12.1,8.6,11.3,12.3,7.4,12.4,8.5,-11.8,2.4,7.7,4.0,1.9,4.6,4.4,4.2,3.8,5.5,8.9,-1.4,-12.9,-2.8,10.7,-2.9,-0.7,2.9,-3.6,3.4,7.7,-6.5,0.4,8.6,6.2,11.7,10.6,12.4,4.1,5.3,-5.0,5.3,-14.6,-3.1,13.4,6.8,-0.7,7.2,14.4,3.6,2.0,-6.6,7.1,-8.8,-7.4,8.8,-4.2,9.0,-7.0,-8.4,8.4,1.4,5.4,1.6,2.5,-4.2,0.6,-6.9,-4.2,10.2,13.2,2.4,9.4,-1.2,9.4,-10.5,3.3,-2.5,-6.7,6.4,1.9,0.8,11.9,-14.4,0.6,-0.6,-2.0,0.1,2.3,1.7,-0.4,0.9,-8.4,1.1,0.0,2.6,0.9,2.1,-3.5,-8.2,-5.7,1.3,-2.4,-2.8,-7.2
2018-06-10,1.5,2.4,4.3,3.2,4.5,7.9,7.4,2.0,1.5,-3.4,15.7,1.9,3.6,1.7,4.8,-1.9,9.1,18.2,0.3,4.5,2.0,5.0,4.4,0.6,2.1,1.0,-2.2,-1.8,-2.4,8.5,0.9,-4.6,1.8,-0.7,-3.1,3.8,-6.7,-1.3,-5.0,-1.7,-2.2,6.8,1.7,-0.7,1.7,1.3,10.1,-14.2,1.8,1.0,-2.7,-4.0,-2.4,4.0,-2.9,2.0,-2.7,-0.3,-4.2,7.1,-5.4,-2.2,3.8,1.1,7.7,-0.0,2.2,-3.5,-0.8,0.1,-2.9,-0.9,-4.8,3.5,-1.8,5.3,-0.2,0.2,-1.2,5.6,4.1,5.6,5.5,0.1,0.8,2.2,5.7,1.3,10.2,-3.3,-0.4,1.0,7.3,3.6,7.5,6.7,-1.2,3.8,6.1,5.9,0.3,-0.8,3.4,0.1,3.4,5.3,-3.3,5.8,0.9,-1.8,-0.5,8.1,19.0,-3.8,1.3,7.2,-6.3,4.3,0.2,-4.6,7.2,5.3,0.0,0.9,2.7,5.0,6.4,10.5,2.3,2.2,6.6,-1.0,-0.6,1.3,-6.0,-2.1,10.9,2.0,5.2,0.7,4.6,4.1,-0.3,0.4,2.1,1.5,6.8,-4.6,7.1,2.9,-1.8,-0.1,13.8,-0.0,6.4,1.4,17.8,5.3,-0.4,6.8,2.8,-5.3,9.9,0.6,-2.1,-3.2,1.1,0.0,-0.8,-1.3,-0.9,2.6,5.9,0.3,3.9,4.2,-19.8,1.1,-2.2,-1.4,-1.4,2.6,-0.7,2.6,0.2,5.1,4.6,12.8,-3.5,-3.9,-1.3,0.7,-1.0,-2.6,1.8,0.2,2.3,3.0,2.5,4.1,0.9,-7.8,-3.2,9.2,2.1,5.8,13.1,-1.5,-8.9,2.5,3.7,2.9,2.1,8.4,3.0,3.6,4.0,4.2,8.3,1.5,2.9,-0.1,3.4,6.9,5.6,7.9,6.1,0.9,6.6,5.7,3.4,8.5,4.6,2.2,6.2,10.2,2.5,12.5,0.9,-4.7,-0.6,10.1,1.4,-1.3,-2.0,2.7,0.1,9.3,6.5,7.9,-1.4,-1.1,-0.5,-1.2,-0.5,1.4,-10.8,-0.6,3.7,-2.9,5.0,5.9,1.0,-4.9,6.4,0.6,2.0,8.9,2.5,-4.9,5.8,-4.5,-7.4,-8.5,2.7,-5.7,8.4,12.2,9.1,10.1,3.5,1.0,6.1,-0.2,-1.7,3.4,0.6,7.7,5.5,10.2,3.3,0.9,10.0,-0.7,-5.3,4.7,-4.1,6.0,10.5,6.8,10.2,8.5,7.5,5.1,8.5,0.7,4.6,0.4,3.7,-0.1,4.7,4.7,7.5,7.6,4.2,8.2,-0.8,-2.0,-1.2,-7.6,-12.7,-0.3,1.0,-13.1,1.2,5.6,-7.6,7.3,8.7,2.4,11.1,12.5,10.3,5.1,3.9,3.9,1.7,3.2,-4.7,10.4,6.5,7.6,7.3,11.9,9.8,2.9,-2.3,-1.5,10.7,-6.2,9.7,-3.1,8.3,-9.1,-16.2,9.3,3.2,-9.2,-2.8,-0.2,1.4,-0.0,-1.7,-0.9,10.1,10.5,-4.4,8.4,-18.1,-5.8,-6.9,1.6,-3.6,-8.9,12.5,1.5,0.2,8.2,-5.9,2.1,-2.9,1.5,-4.0,-1.8,1.6,-1.0,-4.1,-3.3,3.8,-0.1,7.1,-2.8,0.6,4.5,-6.9,-8.7,2.5,-3.9,1.5,-5.7
2018-06-16,3.2,-3.3,7.3,0.3,1.5,4.1,5.5,3.2,-3.7,-6.0,11.0,-2.2,5.0,-0.3,2.7,-0.1,0.4,17.1,5.8,-8.5,-1.2,-0.9,3.8,-2.5,-1.5,-2.8,-3.7,-3.0,-4.4,-1.7,-1.1,-1.4,5.4,-1.1,-5.7,-14.1,-1.7,-0.1,-4.0,-1.2,-7.9,5.1,2.5,2.7,-1.8,1.3,-1.2,-8.6,0.9,-1.9,-3.9,-0.5,-2.9,0.8,1.5,-0.1,-2.1,-1.4,0.2,2.6,-2.4,-3.3,2.6,2.3,-2.0,-2.1,-1.2,-0.9,-7.6,0.2,-9.3,-2.6,-3.0,3.5,2.3,0.3,0.6,1.5,-11.1,2.0,0.5,-1.2,-1.5,-4.0,-3.3,0.4,-2.3,3.0,-1.7,-7.1,-2.3,-0.8,7.7,1.7,-0.8,3.3,-1.8,1.3,3.6,4.1,-0.4,-2.1,9.4,-3.0,3.1,3.3,-10.7,-4.9,-5.9,-2.6,1.3,-1.0,3.8,-13.0,-2.4,1.5,-7.1,4.0,-4.2,-8.9,-2.1,0.6,-2.3,-5.2,-0.6,3.0,2.4,5.4,-0.6,-1.9,9.9,-1.6,-1.3,9.3,8.5,-4.0,8.1,2.5,4.4,-0.4,3.9,5.2,-1.6,-1.2,1.9,-14.8,9.5,4.3,-5.1,0.3,-3.5,1.2,11.4,-0.1,7.5,0.5,17.0,-1.1,-1.1,3.7,1.5,-9.0,8.3,-2.4,-1.4,5.2,3.6,-4.2,-3.4,1.3,-5.8,6.1,1.4,-4.3,0.1,1.1,0.5,0.2,-2.6,-1.5,2.1,-0.3,-4.9,-3.2,-3.2,0.6,-5.2,6.4,-5.6,-2.5,-1.8,5.5,6.4,-2.3,0.2,-2.1,-1.4,5.3,0.1,1.0,-2.2,-11.4,-2.0,-3.7,2.6,3.7,1.9,7.4,-7.5,1.1,2.3,-1.4,0.4,2.2,-0.3,1.1,-3.2,-3.9,-0.4,-2.5,1.9,-1.2,0.8,1.6,2.0,0.7,1.6,-1.2,3.5,2.8,4.2,2.3,-3.9,1.4,3.4,-3.5,6.3,9.6,13.8,-0.9,8.5,1.9,0.3,3.9,4.6,4.5,3.6,10.3,7.4,-3.0,-4.9,0.8,-0.5,5.8,5.1,3.5,-5.3,11.7,4.4,8.1,5.1,8.3,6.9,-7.3,4.0,2.2,3.8,8.3,3.6,-0.9,3.0,1.6,-0.6,-4.8,1.6,-4.4,13.6,7.6,2.3,13.8,2.4,9.9,5.4,-0.1,-3.5,-0.6,0.7,7.3,8.1,-8.2,-0.4,-4.4,8.9,-0.6,-2.4,4.3,0.5,5.4,6.6,4.0,8.1,6.3,5.8,12.0,8.5,10.4,1.3,2.5,2.9,-1.2,2.5,1.0,6.8,9.3,7.5,5.9,6.8,10.5,-1.7,0.7,-2.8,-0.7,2.4,0.0,3.1,0.1,-4.6,-1.6,2.4,2.7,11.3,9.7,10.4,4.8,5.6,-1.6,3.6,1.6,-3.4,16.4,-14.0,9.3,6.7,7.2,8.1,1.2,-2.6,3.5,-9.1,-7.3,8.6,0.2,9.6,-5.8,-5.8,6.5,-5.0,-6.1,6.4,-1.8,-2.3,-1.3,-0.7,-4.2,8.3,12.6,0.0,9.8,-10.0,-9.7,-12.6,5.5,-3.2,-11.0,6.4,2.4,2.5,9.9,-16.9,-1.8,-1.2,0.8,-1.2,6.1,4.0,0.3,0.8,11.3,-2.0,4.9,5.4,0.3,7.1,18.8,-7.6,-8.4,3.1,-3.5,-9.9,-10.1
2018-06-22,1.3,0.7,9.0,1.4,5.4,3.5,6.0,1.1,-3.0,-6.1,10.2,-2.0,3.9,-0.4,4.5,-4.3,0.6,13.6,5.4,-5.8,-1.0,1.7,-0.9,-1.5,3.5,2.2,2.4,-2.1,-3.2,4.5,-2.5,-3.8,10.5,4.1,5.2,1.4,-5.8,-1.5,-4.3,-4.9,2.0,7.7,-0.5,6.4,-1.7,-6.8,-2.7,-2.2,2.0,-0.8,-4.9,2.8,-4.1,2.2,-2.2,0.3,0.2,-0.7,2.3,1.9,-4.6,-5.3,-5.8,-2.8,-0.6,-0.5,0.3,-5.3,-5.5,6.5,11.8,-5.9,4.5,2.8,2.9,6.5,3.4,3.5,4.4,4.1,2.1,2.0,-1.2,-3.0,-0.1,1.4,3.2,3.2,4.4,-9.4,-1.1,2.5,3.9,2.1,3.7,-1.4,-1.7,3.1,4.5,5.6,-1.4,4.6,5.2,-0.3,-0.1,6.2,5.4,3.3,-2.8,-2.4,0.1,4.2,7.9,-4.5,-5.2,2.6,-2.6,9.9,2.1,6.3,6.3,1.3,-3.8,-0.5,4.9,6.0,4.3,1.9,2.9,2.7,5.4,-3.4,-0.9,1.0,-5.9,7.6,9.1,0.3,0.0,-1.6,10.4,2.2,-0.4,-1.4,0.1,-0.6,4.9,2.8,1.9,3.2,-3.2,-2.4,11.9,-3.0,-8.2,-2.2,2.2,1.9,-2.5,4.4,-5.1,2.7,3.7,1.1,0.3,4.1,-0.1,-0.9,-1.5,4.5,4.8,4.7,2.1,-3.2,-0.8,0.1,0.7,1.8,-2.0,0.4,3.1,1.5,2.9,0.7,-2.5,2.6,-2.1,3.2,-2.7,-0.7,-0.4,4.0,-1.4,-4.5,-1.1,0.1,-1.6,1.0,0.6,0.6,-0.2,-4.5,0.9,-6.3,-7.7,-4.6,-5.0,5.2,-4.9,-0.6,1.9,0.2,-1.9,5.9,1.2,1.8,-2.9,0.2,0.1,-4.0,5.3,-1.0,2.7,6.1,9.3,6.6,0.6,-1.1,3.5,3.0,2.6,-1.3,-1.9,2.7,5.1,-3.2,-1.1,8.6,12.6,-5.9,-2.2,-0.1,5.0,0.9,0.8,4.5,-1.8,4.5,2.2,-1.8,-2.9,15.8,1.2,2.2,3.0,-4.5,-8.1,-4.7,1.1,4.6,2.5,4.4,-1.5,-9.6,1.3,3.9,5.4,5.4,3.2,-12.4,5.8,0.2,-5.8,-4.0,1.0,-3.5,3.1,4.5,2.4,8.5,0.9,-10.9,5.6,0.5,-0.7,-0.5,0.5,8.0,6.1,-7.0,1.1,-2.1,6.7,-1.2,-3.3,3.8,-2.8,4.2,6.0,4.3,2.5,0.9,5.6,6.9,8.5,-3.2,-0.5,-0.3,3.2,0.1,4.9,2.5,6.7,4.2,3.4,8.1,0.6,7.5,-1.5,-3.0,-1.3,-0.7,0.6,-2.2,-1.0,2.6,-9.8,-0.2,1.2,3.3,5.9,11.5,8.6,3.2,2.5,-2.5,1.9,-2.0,-4.5,15.9,1.2,12.9,5.7,10.2,7.9,-6.9,-7.7,0.8,1.7,-7.1,2.9,-8.4,10.2,-3.9,-3.8,4.5,-3.5,-3.7,-0.5,1.2,0.3,-1.7,2.7,-1.6,5.2,12.7,5.7,8.8,-6.8,-3.8,-4.7,1.4,-2.3,-8.6,7.4,1.6,6.3,10.5,-5.4,-2.4,-0.8,1.9,0.7,1.5,2.0,-2.5,-2.7,2.2,3.3,2.1,6.0,1.3,6.7,0.5,-3.3,-4.9,2.8,1.4,-2.0,-4.6
2018-06-28,1.9,-5.3,9.0,1.5,2.6,4.5,5.3,5.5,-0.4,-1.0,10.9,-1.1,-1.2,2.3,8.7,1.3,3.1,8.6,1.7,-3.5,12.4,1.8,2.7,3.6,3.3,5.8,1.3,-3.9,-6.0,-2.0,-0.7,-4.3,7.9,2.5,2.3,1.0,-4.8,0.0,-2.4,-1.4,0.7,8.2,-1.5,2.6,-0.6,3.1,-5.0,-7.6,2.0,-0.3,-7.8,0.8,-4.3,8.3,-0.6,-0.8,-1.9,0.8,2.7,2.3,-5.0,-4.8,10.2,6.1,-4.4,-0.1,1.1,6.6,0.3,5.4,-1.6,-7.5,1.8,-1.6,-4.4,6.2,4.9,4.8,-12.2,2.3,4.1,8.8,0.6,-0.5,-0.3,2.2,7.5,2.0,2.1,-10.2,3.6,1.5,7.1,-0.1,0.5,2.6,0.3,0.3,0.3,3.8,0.2,3.0,2.3,-3.1,4.5,2.8,-14.8,3.8,4.4,-2.5,0.0,3.1,5.0,-2.6,1.7,10.4,-5.8,4.6,4.0,6.2,1.6,2.2,-2.5,0.3,1.4,7.1,3.7,7.1,-1.2,1.0,0.8,-5.1,-2.2,-5.8,-3.5,-11.4,11.8,1.5,2.9,-0.5,6.7,-0.8,-1.0,-4.7,6.3,7.2,13.0,4.4,-4.4,-0.6,-4.9,-3.0,14.2,0.3,0.5,1.2,9.0,2.2,-11.8,6.0,6.4,7.1,12.3,0.9,-2.0,5.4,0.0,-7.5,-4.0,-0.3,-5.0,0.2,4.6,0.3,4.1,0.9,0.1,-2.8,-2.5,-1.5,2.0,-3.6,-4.0,-1.7,-2.2,3.2,-0.3,7.0,-9.4,-3.9,-4.5,7.9,2.6,-6.1,-1.2,1.0,1.1,3.1,0.8,2.1,-0.1,-5.6,-2.1,0.2,-2.2,-6.5,3.1,5.5,-5.1,-0.6,3.8,0.5,0.5,-1.6,-0.6,-0.2,-3.2,-2.2,0.4,-2.1,-1.1,-1.9,2.9,5.1,3.3,1.8,11.8,-1.0,2.4,2.4,1.6,2.2,0.6,3.5,4.7,-1.8,5.6,8.8,13.5,-0.5,7.2,-10.1,3.3,3.8,-1.9,7.3,9.1,9.5,5.0,-2.2,-1.3,5.2,1.7,3.1,6.6,-2.5,0.3,2.5,3.9,6.8,6.8,5.6,-2.1,-3.5,9.1,3.7,5.8,3.9,4.7,2.1,4.3,3.4,-0.8,-3.5,6.0,-2.4,8.2,3.0,5.6,7.9,2.7,-1.4,10.7,4.1,4.1,4.7,1.0,3.9,4.6,-3.7,-11.8,-5.5,9.4,1.2,-2.7,3.8,-3.4,8.5,6.7,5.9,3.4,8.0,3.8,4.7,8.1,0.2,0.2,4.2,7.4,3.0,8.1,6.3,7.3,-0.1,8.8,14.0,3.0,-1.7,-0.1,-2.3,-0.8,0.3,1.0,-2.9,2.2,3.4,7.5,-2.6,2.8,6.4,14.3,-12.8,16.3,3.3,5.8,2.4,-0.9,-0.7,-3.7,9.8,0.1,14.2,9.0,6.0,10.2,-0.7,1.4,10.0,11.6,-9.1,2.1,-1.8,13.6,-3.8,-4.0,12.1,3.7,5.6,12.4,-2.6,0.8,-4.7,1.8,-0.3,15.1,15.5,6.7,14.3,-4.9,-1.8,-4.1,14.0,0.4,5.4,9.4,4.5,6.8,13.9,-2.5,0.7,-2.1,3.2,0.6,6.5,6.2,2.0,1.7,-8.4,6.0,4.5,6.0,2.6,12.0,6.4,-2.5,-2.9,3.4,2.3,-0.1,-2.2
2018-07-04,1.5,-1.2,3.3,-1.1,2.0,4.0,4.0,0.1,-1.0,-8.9,7.5,3.2,1.2,-1.5,-2.2,-2.7,-5.8,9.0,3.7,-4.6,1.5,3.2,3.9,-3.0,-1.7,3.2,2.7,-1.5,-6.8,-2.1,1.6,-6.3,9.7,5.2,-7.8,3.0,-6.4,-3.5,-4.0,1.1,-1.5,8.8,0.0,-1.4,-2.4,1.3,-7.5,-6.6,0.8,-0.5,-0.5,1.6,-4.9,4.7,-14.9,-0.5,2.8,-1.1,5.2,1.4,-6.0,-5.6,-3.4,-14.0,-5.6,0.2,0.3,-2.0,0.3,5.3,13.4,13.2,-4.3,4.0,4.4,3.1,1.6,-1.8,-8.8,1.2,5.3,-7.4,2.7,-2.5,-1.6,-0.5,0.6,4.0,-15.8,-14.5,0.4,-3.1,9.2,-0.1,1.8,0.1,-4.4,-2.2,1.2,2.3,-2.6,0.5,2.8,-0.5,-1.4,-4.5,-2.9,3.1,3.4,-2.5,3.0,3.9,9.0,-7.0,-1.7,2.4,-8.6,3.5,2.6,11.1,1.6,-1.9,-4.7,-2.9,-2.4,6.3,2.0,7.7,6.4,6.1,-1.7,-1.9,-1.7,1.5,-5.1,-4.2,8.9,0.2,-0.1,-1.5,3.3,-1.7,-2.8,-7.6,-1.8,-3.9,-1.4,5.6,-4.8,-2.6,-0.6,-0.9,15.2,-1.7,-2.0,-1.0,8.5,4.9,-5.6,-0.3,-2.8,13.2,8.4,1.8,-2.3,6.1,0.5,-4.6,-4.1,-1.1,-5.7,3.6,2.2,-0.1,2.2,-0.2,2.6,-0.2,2.1,0.2,-1.9,-1.9,-3.2,-3.7,-5.9,3.1,4.8,8.4,-10.0,-2.1,-0.2,0.9,-1.9,-16.6,-2.0,-1.2,2.4,0.3,-3.3,-0.9,0.5,-15.5,-8.6,1.5,0.5,3.3,-1.3,6.0,-9.0,-1.2,0.6,0.9,-1.4,1.8,-0.9,-2.9,-2.6,1.8,0.5,-0.6,4.3,-1.6,1.6,4.0,-0.3,2.4,9.5,-2.9,3.0,-0.7,0.9,1.8,-4.3,-2.1,0.4,-0.4,2.2,7.8,12.7,-4.4,0.5,5.4,0.3,0.8,-1.4,0.1,-3.2,8.2,10.5,2.6,-7.4,3.3,-1.7,1.0,2.7,-0.2,-14.0,2.0,5.6,5.2,4.4,11.6,-9.2,-5.8,7.3,2.9,3.4,3.1,0.6,-0.1,-1.4,-4.8,-6.0,-6.6,0.6,-4.1,-0.0,5.5,2.2,3.9,2.1,0.7,4.1,-0.4,-4.6,-3.5,-2.1,-0.0,0.5,-10.1,0.7,-1.9,6.3,1.4,0.0,3.3,-12.1,3.9,6.6,3.8,5.7,9.1,5.7,2.8,6.1,-1.6,1.7,-2.7,2.5,-1.0,2.7,-0.9,-0.9,1.4,6.3,5.8,-5.1,8.8,-3.0,0.2,-1.7,-0.7,1.9,-1.3,2.5,3.0,-11.4,0.3,5.5,4.4,9.3,9.5,11.9,-1.5,1.9,-9.8,4.1,-1.8,-3.4,17.7,9.1,1.6,3.1,10.1,8.0,-4.0,-5.1,1.0,2.5,-8.0,11.8,-0.6,6.9,-7.1,-10.3,4.1,-2.7,-8.6,2.7,0.0,-0.3,1.3,0.1,-6.7,5.0,13.1,1.3,4.8,-7.5,-8.6,-7.7,-0.9,-3.6,-10.0,4.8,-2.2,0.1,8.8,-2.5,-2.9,-0.2,1.8,-2.6,2.7,-0.3,-3.2,0.5,-0.3,-3.1,-2.4,5.0,0.8,6.2,-4.2,-2.3,5.5,0.4,5.7,-4.4,-12.2
2018-07-10,1.0,-0.9,5.7,3.1,2.7,6.1,8.9,4.8,-1.1,-6.6,13.3,-4.8,-3.4,2.9,9.9,-6.7,4.4,13.7,0.6,-7.4,4.3,2.7,7.0,0.5,1.6,5.0,3.3,0.6,-1.9,-3.4,-0.3,-4.4,11.0,4.5,5.8,1.0,-4.6,0.9,-4.7,-2.5,1.4,17.0,1.0,2.0,-1.1,-16.2,-1.2,-2.0,3.6,0.3,-5.7,-1.4,-2.8,8.7,-13.0,1.3,1.5,0.8,-2.4,5.2,-16.8,-3.6,4.2,5.2,0.6,1.6,2.8,-3.4,4.5,11.5,-8.5,-5.9,0.3,5.7,2.5,6.1,2.2,2.9,-2.7,7.0,4.4,8.7,11.1,2.0,-0.2,1.0,12.6,5.1,-4.0,-11.4,2.1,0.7,9.2,5.9,9.1,1.6,4.7,0.0,3.4,3.8,3.0,2.7,4.9,0.6,7.1,3.7,-3.7,6.5,5.2,10.1,1.3,5.6,6.2,-4.7,-0.6,11.4,-3.2,-10.5,7.3,9.8,11.1,3.3,-4.0,-0.2,2.0,7.8,4.9,5.1,2.8,0.6,4.3,-2.3,-1.6,0.0,-6.8,-0.3,20.0,-10.4,2.5,-1.0,7.7,-1.4,1.6,-0.3,3.4,2.5,2.3,9.2,-5.9,2.6,-2.0,-1.1,16.7,9.2,-2.2,-0.5,10.8,9.3,-1.7,5.1,1.8,6.8,2.4,-1.3,-1.3,0.3,0.3,-3.7,-2.2,0.5,-5.0,-1.1,6.9,0.3,5.0,3.4,5.7,-1.6,-6.5,-3.2,-0.8,3.3,-0.7,-2.7,-5.0,5.6,2.5,11.0,-1.0,-2.8,-2.3,0.4,5.5,-15.3,1.1,-0.9,1.0,6.6,1.0,-1.3,1.7,-2.8,-0.9,1.8,2.4,2.9,-5.0,2.2,-1.5,1.4,3.2,0.7,1.0,2.8,0.9,-1.9,-4.5,1.7,1.6,-1.2,2.5,-2.0,3.2,3.7,3.0,3.3,6.3,-2.9,10.8,-0.2,-4.2,-1.2,8.4,-0.7,1.6,-4.9,-1.5,8.7,15.6,-4.8,-7.3,-3.4,2.8,-1.6,1.6,-0.1,1.5,4.2,-0.0,-2.7,-3.6,3.6,-1.7,-1.6,8.4,-2.2,-6.1,-2.2,5.0,8.5,2.9,5.4,-3.8,-5.6,6.4,2.0,5.4,9.0,3.6,-1.0,1.9,3.6,1.8,-0.5,3.3,-5.6,6.4,5.0,4.5,6.9,3.6,-4.8,7.7,0.7,-1.3,3.1,1.1,3.0,0.7,-5.1,3.3,4.3,2.2,-4.7,-1.2,4.3,-7.9,8.6,7.6,4.4,4.7,1.8,5.0,5.5,5.1,-2.6,5.7,5.4,5.2,-2.4,4.9,5.5,4.8,-0.1,4.0,9.4,3.4,-0.3,-0.9,-1.8,-10.5,-1.9,-0.5,-7.3,0.2,3.3,-1.4,-0.4,3.0,4.4,10.4,11.1,8.7,3.1,3.4,4.3,1.4,-4.9,-6.1,8.8,-1.9,9.1,8.7,6.3,9.3,-10.5,1.0,10.6,-5.1,-6.8,1.7,-3.3,9.4,-6.2,-6.3,9.1,-6.2,-3.6,-2.9,-2.2,2.2,0.7,-1.8,-5.5,-3.6,12.4,-0.2,10.2,-11.0,-5.9,-5.0,-5.5,-1.2,-8.8,6.4,-1.7,-0.2,7.9,-9.7,-4.5,-4.9,-3.9,-5.2,0.3,1.6,-1.6,-2.3,1.9,1.5,-1.7,5.6,-0.5,3.9,14.8,-1.9,-4.5,2.1,6.8,-4.4,-3.0
2018-07-16,3.2,8.6,13.0,2.8,4.4,6.8,7.8,4.0,0.3,-4.7,10.4,-1.6,10.3,1.4,6.5,0.6,1.6,10.3,8.4,-7.4,-0.4,1.4,2.5,-0.2,1.7,1.5,-2.0,-2.4,-2.8,-2.2,-2.1,-4.1,4.0,0.7,7.1,6.9,-4.8,-0.5,-3.2,-6.2,-3.7,9.2,3.1,3.1,-1.2,-0.2,-4.0,-1.9,6.0,0.5,-6.5,7.1,-2.8,-0.4,0.1,3.4,2.9,0.6,0.0,6.1,-3.8,-4.9,-7.1,6.2,-5.7,-0.6,-2.4,-1.4,-8.0,8.0,8.4,9.9,-3.9,3.3,1.5,4.2,1.3,1.3,-11.9,2.3,5.2,-2.6,-1.1,-0.9,-1.6,-1.7,7.7,-1.0,-3.9,12.1,0.5,0.1,8.5,4.2,4.3,0.7,4.6,0.7,7.6,5.5,2.3,0.6,5.2,1.2,2.0,-1.8,1.4,1.1,3.3,-5.7,-2.0,3.2,9.9,-3.4,-1.9,7.8,-5.7,7.4,4.8,3.3,2.5,0.5,-4.8,-1.2,2.6,6.2,6.9,-0.8,7.0,-0.7,4.6,-1.4,0.3,3.0,-3.3,9.9,12.8,4.5,2.3,-2.3,4.3,2.0,2.3,-6.5,0.8,8.4,3.7,3.5,-2.3,1.1,0.2,2.0,13.9,0.7,4.2,3.1,7.3,2.3,-3.5,5.9,-2.8,-5.0,3.8,-6.2,-3.5,4.2,2.3,-0.7,-0.2,3.6,-0.9,3.3,2.3,-1.9,4.0,4.8,4.0,3.6,-8.0,1.7,4.8,5.0,0.9,1.1,1.9,0.5,1.4,3.8,5.1,-5.5,-1.2,-0.3,-0.1,-6.6,-0.5,-1.2,-0.0,4.4,5.4,-0.9,-4.1,0.1,2.5,4.8,11.8,10.3,12.4,4.8,-4.8,0.6,3.7,1.9,0.7,6.3,2.0,4.0,-2.6,6.4,-1.1,3.8,6.6,-1.4,4.3,9.2,3.1,5.5,4.6,5.8,7.5,6.6,2.4,4.1,-4.1,3.5,7.2,3.4,-0.7,10.0,17.1,-5.3,-4.1,2.4,0.7,-1.9,9.2,0.7,1.0,10.8,8.0,-3.8,-6.8,6.3,-4.0,-2.0,4.7,2.4,-4.6,4.8,5.0,11.6,5.7,6.4,-2.8,0.9,2.2,6.3,6.4,6.2,2.4,0.8,2.2,-0.3,-1.6,-1.9,3.7,-1.8,2.0,14.2,8.8,12.5,5.0,2.2,7.6,2.7,2.8,3.9,1.7,1.1,1.4,-2.5,1.2,5.8,10.2,3.1,1.3,6.0,-1.5,13.9,12.1,8.2,-9.3,13.8,8.9,12.1,8.1,2.2,3.3,3.6,4.7,4.3,7.6,5.2,-0.0,0.9,8.6,9.5,3.8,12.7,-0.2,6.1,-0.4,1.4,3.5,-1.1,7.0,4.8,2.2,2.0,12.3,5.0,12.5,-11.9,15.3,2.2,4.8,1.0,4.5,-0.1,-2.1,13.4,-10.1,7.5,10.1,12.1,13.5,3.8,-1.2,-0.3,2.0,-5.5,6.1,1.2,9.2,-3.0,-4.7,2.5,1.1,0.2,8.8,2.9,4.9,-3.9,2.0,-0.4,12.4,15.1,3.7,12.8,-6.6,-4.0,-3.1,5.9,-0.2,-9.8,10.8,1.6,5.1,10.7,-7.0,-0.1,1.7,2.2,1.0,4.3,2.7,1.5,-3.7,2.7,16.6,2.5,7.4,1.2,5.8,17.8,-2.5,-5.6,5.2,2.6,-0.5,-5.3
2018-07-22,-0.5,4.2,1.3,3.1,-2.3,5.9,6.4,2.9,0.0,-4.3,10.7,1.2,2.4,-2.3,11.2,-2.0,1.0,11.4,1.2,-2.0,-0.1,3.0,3.1,-0.2,3.2,3.3,-2.9,-0.2,-5.4,-0.1,-2.2,-3.2,6.4,3.0,0.9,-9.6,-5.0,1.6,-0.3,-6.0,-3.7,7.2,2.2,4.4,-1.9,-3.6,-3.8,-5.2,-1.1,-1.4,4.6,0.5,-2.0,-3.4,-4.6,-4.2,2.7,-1.2,15.0,3.2,-1.3,3.6,-3.9,4.0,-3.3,-0.7,-1.5,0.0,-4.0,12.0,10.1,4.1,0.4,3.7,0.1,5.2,1.5,-0.9,-13.5,5.3,-1.3,-2.3,-1.6,-2.0,-0.7,1.0,4.1,5.5,-7.4,-0.5,-0.5,0.7,4.6,1.8,2.1,-0.5,5.2,-2.8,2.6,4.5,-0.5,2.9,3.1,-1.0,4.3,3.5,3.1,1.9,3.1,-5.3,0.4,8.0,8.1,-4.6,-6.3,5.8,-6.4,3.5,7.3,9.1,4.3,0.0,-4.8,-0.8,1.7,2.9,4.9,16.5,4.3,-0.5,0.9,-3.6,0.8,4.7,-7.8,-5.7,8.6,6.5,-1.0,-0.6,3.4,3.0,0.2,-0.6,1.8,1.6,2.7,0.6,-10.3,-2.7,-3.4,-2.3,12.4,5.7,-5.4,-1.5,7.5,-1.2,-1.3,5.2,0.4,6.9,2.3,0.3,1.0,2.7,-0.5,-6.7,-0.2,10.2,-0.7,2.5,6.6,0.7,1.5,2.2,-7.2,0.8,-2.6,-1.9,3.0,-4.4,-9.2,2.4,0.3,4.3,-1.9,3.3,7.8,-5.7,-2.6,0.9,-0.9,-5.3,-1.5,-3.1,1.5,1.9,1.7,0.9,0.4,-0.8,-7.6,4.0,5.5,10.3,-7.2,1.7,-2.3,-1.3,-0.7,4.9,0.8,2.1,2.0,1.7,-0.6,2.6,2.1,-0.6,3.6,-0.4,2.4,-9.4,2.5,1.8,4.6,2.5,2.8,5.1,1.3,7.0,-5.9,1.7,6.0,11.5,5.2,6.8,16.1,-2.8,5.2,-2.3,-1.6,1.9,4.1,-0.8,-1.4,11.4,12.7,-5.0,-6.5,8.5,-0.1,3.1,9.9,0.8,-2.2,2.0,3.8,7.1,0.3,13.0,-10.4,-6.5,3.0,5.6,6.1,5.8,1.4,0.2,3.4,-12.0,-4.4,-7.2,3.5,-0.4,7.2,6.3,2.8,15.4,1.0,6.1,3.5,-4.2,-4.9,2.1,0.2,2.3,0.8,-9.8,2.6,-0.1,5.4,3.1,-7.5,2.9,-7.5,8.0,10.6,7.8,1.3,3.7,5.2,7.9,9.2,7.5,0.9,1.0,2.4,1.9,7.2,3.5,5.3,-3.3,6.8,11.5,-4.2,-0.7,-3.7,11.8,-4.2,-1.5,3.5,-9.8,0.9,2.2,-4.9,13.3,4.2,2.0,9.4,-2.5,8.3,-6.8,0.3,-2.6,7.6,8.6,-4.1,4.7,-2.6,6.7,4.4,11.0,4.7,-8.4,0.9,3.0,-3.3,-9.5,-1.7,-5.5,7.5,-7.4,-10.1,11.5,1.9,0.1,3.2,2.7,8.3,2.0,-6.7,-6.5,10.7,11.7,2.5,7.7,-4.7,-4.6,-6.1,0.8,-10.0,2.7,5.3,4.3,-0.0,8.6,-7.1,4.7,-3.5,-1.7,-5.6,2.8,1.5,-4.0,-1.1,1.1,9.8,-1.6,6.2,0.7,4.3,7.6,-5.5,-8.0,5.4,4.2,-6.4,-3.0
2018-07-28,4.2,1.0,7.3,1.5,4.3,6.6,6.1,2.1,-0.4,-6.7,12.2,4.3,-3.8,2.2,6.0,-8.9,-0.5,14.1,0.2,-16.2,-0.8,3.0,3.8,8.3,1.7,4.4,1.3,1.1,-2.1,-6.0,-2.3,-4.2,10.3,4.5,-1.7,3.8,-5.5,0.1,-4.6,-3.4,-2.3,6.1,7.5,-11.6,-1.5,-10.0,-7.6,1.1,3.4,0.3,0.1,-8.6,-2.7,1.4,2.2,2.7,5.6,1.8,5.9,2.1,-3.8,-2.8,-8.8,11.7,0.2,0.8,-1.6,2.2,-10.3,7.5,7.4,7.3,-0.2,0.3,2.6,5.5,3.1,2.8,-2.8,6.2,5.6,11.9,-1.3,0.1,1.0,1.2,-1.8,8.7,-0.2,5.0,2.0,1.0,13.6,0.5,1.4,5.9,-2.4,-0.3,3.3,8.9,-1.9,3.7,9.0,3.1,2.0,5.7,-1.3,6.6,3.4,-0.1,-0.6,3.7,11.7,-4.1,-10.2,-1.3,-3.9,2.7,-4.2,16.0,6.4,-0.5,-17.0,0.3,0.6,3.2,3.9,9.8,-2.5,-0.4,3.1,-4.3,2.1,5.2,-8.4,-0.8,18.1,7.4,5.7,6.8,3.9,2.7,0.0,3.7,3.8,9.3,8.9,11.6,-2.2,-0.6,-1.9,2.3,15.9,7.7,7.1,7.3,10.3,3.9,1.9,5.8,4.1,15.1,9.9,3.1,-4.1,-2.5,-0.9,0.3,1.2,1.8,-0.2,4.0,-13.5,3.8,4.6,5.1,3.6,1.4,5.7,1.3,3.9,2.1,0.5,-3.1,-3.7,-7.5,4.1,6.4,3.3,3.8,0.7,2.3,3.0,-2.4,-1.0,1.1,1.8,5.7,0.0,0.4,-4.1,-2.3,-7.1,7.4,2.9,1.8,4.4,2.0,-3.4,0.6,4.4,5.3,-0.0,4.9,0.7,-0.3,2.7,2.8,1.0,-0.9,2.1,0.7,-0.0,-10.8,2.0,3.9,-14.0,-7.9,-0.8,3.9,-1.4,6.4,-6.5,-3.1,6.2,6.5,5.2,0.7,12.2,-5.5,-4.9,1.6,2.7,0.5,4.5,7.2,1.9,12.1,11.5,-1.3,0.1,-0.1,-1.6,1.4,5.1,-0.2,-1.5,4.2,4.3,5.4,6.0,10.1,2.1,-1.8,10.0,-0.3,7.3,8.0,3.1,3.0,3.3,-0.1,1.4,-6.4,3.3,-1.3,10.1,-9.6,10.6,18.2,5.8,-1.5,9.5,3.2,1.9,3.2,3.9,3.3,1.4,-12.2,2.8,4.8,5.0,6.3,-2.0,3.7,-9.8,1.5,11.7,11.0,12.9,12.2,9.3,17.1,14.2,-1.2,4.2,6.8,7.6,3.0,7.3,5.3,2.5,-0.1,5.5,8.3,2.1,6.3,-1.3,1.9,1.9,0.9,2.2,0.0,0.7,5.7,1.3,3.7,5.4,7.3,11.1,13.0,15.4,5.6,2.9,-1.5,3.9,-0.4,-3.7,3.8,0.1,17.4,8.7,12.2,14.4,5.9,-3.0,3.4,2.4,-2.5,-0.5,-2.0,10.3,-5.4,-1.4,9.0,2.0,2.1,5.8,3.1,5.4,1.2,-3.9,-4.2,7.8,14.4,3.0,8.6,-3.7,-4.3,-4.8,4.0,0.1,-2.3,6.7,-3.8,4.7,10.5,-5.1,-5.0,1.2,3.9,1.8,1.9,0.3,-2.9,0.8,3.4,4.3,4.9,5.7,1.7,4.4,2.0,8.2,7.5,4.3,-7.5,-2.7,-12.2
2018-08-03,3.4,0.0,14.2,4.9,3.3,7.5,6.8,-1.2,0.6,-1.6,13.4,3.5,10.5,1.8,3.2,-4.4,-0.3,17.1,3.4,0.0,-1.5,3.4,4.7,0.3,0.8,1.5,2.1,-1.0,-1.4,-1.0,-1.7,-0.1,10.1,4.2,7.2,7.1,-4.3,-2.8,-3.6,-2.0,0.7,6.7,0.1,2.2,-1.8,-4.1,-0.8,0.6,3.5,0.2,3.0,2.9,-4.7,2.1,-3.4,1.3,0.7,0.8,1.0,5.6,-5.8,-7.5,4.5,6.7,3.3,2.7,1.6,-2.4,-1.9,-0.9,-6.6,3.6,-6.6,-0.2,1.5,3.2,2.9,2.1,-2.2,3.8,7.9,1.3,5.4,-0.3,-1.3,0.5,3.3,-2.7,-4.1,2.3,-1.9,-5.3,8.6,-5.6,12.9,4.1,-4.9,0.0,0.3,3.5,-1.5,-0.3,9.4,3.3,5.2,-6.1,-2.5,1.3,1.1,3.5,5.0,1.3,7.3,-5.4,-3.3,4.7,-3.5,11.6,-4.8,1.8,14.4,-0.9,-1.4,-2.8,2.6,5.5,7.5,9.5,1.3,-1.5,-12.5,-2.8,1.3,2.4,-7.9,0.1,18.4,9.3,-0.7,3.1,4.5,4.2,1.1,1.6,4.5,5.0,12.4,-7.7,0.4,-0.0,-3.1,-1.6,16.0,8.5,-10.1,2.3,11.9,-2.9,0.8,3.7,3.9,8.4,10.1,-1.2,-8.3,4.4,0.8,-0.3,-5.3,-1.1,3.5,3.4,12.2,4.6,4.3,4.7,2.7,2.2,-1.7,2.7,4.2,0.3,-3.7,-0.8,-0.6,5.0,3.1,11.5,-3.5,-4.5,-1.0,0.4,0.3,-6.0,-4.2,-0.7,1.2,3.4,1.4,0.4,0.5,-10.8,13.9,3.4,1.4,4.8,1.5,-1.7,-7.4,-1.6,3.5,0.4,0.1,4.7,1.2,-0.2,-0.3,0.2,0.1,-2.0,1.6,-0.7,3.0,6.8,3.6,4.9,5.0,-1.1,-1.6,0.5,-0.9,10.1,-3.7,-0.8,3.2,-11.8,-2.4,11.2,15.0,-6.5,1.2,-0.7,0.9,-4.8,-4.6,3.8,1.2,10.6,10.0,-15.1,-8.2,7.1,-3.8,-5.7,7.4,1.2,-11.4,3.4,2.2,9.6,8.8,8.0,-1.1,-4.8,2.3,5.6,4.4,2.6,1.6,4.1,2.1,-3.9,-6.7,-15.1,0.5,-3.2,3.8,11.1,7.0,6.1,1.5,3.2,7.0,2.3,3.0,1.8,1.0,1.7,1.9,1.4,-1.5,1.0,5.3,3.6,-2.8,1.3,8.3,7.5,10.4,6.0,9.5,9.3,5.7,3.3,6.1,-2.0,0.1,-0.2,4.5,0.3,6.0,3.5,-0.0,0.4,5.4,8.0,0.8,9.1,-3.8,-2.0,-6.0,-2.1,0.9,1.4,1.1,3.7,-9.9,4.4,13.8,7.6,11.9,12.3,12.4,-1.8,0.3,-1.2,2.6,-6.2,-4.4,19.7,-3.8,6.3,3.6,8.1,7.8,4.0,-5.0,-0.7,9.8,-9.0,-5.9,-5.5,7.4,-4.4,-17.1,6.6,-3.6,0.4,4.3,0.8,-6.5,-4.2,-5.5,-5.3,11.0,11.5,1.5,7.1,-9.6,-4.2,-6.1,0.5,-5.4,-7.6,5.5,-2.1,3.1,8.5,-7.6,-3.2,-5.0,-0.8,-3.3,1.6,0.8,-1.5,3.0,2.1,-0.3,3.9,4.3,0.9,3.6,-6.5,-6.5,-8.4,0.3,-1.4,-6.3,-0.8
2018-08-09,8.1,-4.9,9.4,-0.5,5.9,7.2,6.8,1.6,-2.5,-10.2,14.0,2.9,-7.0,0.0,5.5,-3.9,4.7,13.7,4.0,-7.1,-0.5,-7.1,2.5,0.4,1.4,3.6,0.4,2.9,-1.1,4.3,-0.4,-7.1,11.9,5.0,3.5,-3.6,-3.5,-5.8,7.9,-1.8,-2.6,8.8,2.6,2.6,-3.4,-3.7,-3.1,-0.6,1.3,0.3,-3.9,8.3,-3.1,2.1,4.8,1.5,5.4,1.4,6.9,5.3,-4.3,-3.1,-15.8,-13.4,-10.5,1.7,0.2,2.3,2.9,-9.5,5.2,11.0,7.5,7.6,-2.1,4.9,2.6,0.9,7.4,6.0,4.0,6.9,2.4,-3.6,2.1,2.8,-5.4,3.2,6.9,10.1,12.0,11.1,0.9,5.6,-8.5,4.4,1.5,0.6,-1.8,6.3,-0.6,1.1,6.6,2.3,6.0,5.4,3.4,10.9,-1.6,2.0,1.0,7.2,9.2,-0.3,1.7,3.8,-4.6,4.6,6.6,8.4,-10.2,2.6,-4.4,13.1,12.6,7.4,0.2,5.1,0.6,-8.2,1.3,1.2,1.4,0.9,-2.1,-2.7,21.2,7.1,4.0,-1.5,17.1,2.9,-3.5,3.6,5.5,-1.0,2.6,5.0,3.8,6.2,0.5,-3.1,13.4,3.2,1.3,0.0,11.9,-0.9,0.7,7.4,8.9,14.9,10.6,4.5,9.2,6.2,-1.3,1.4,1.1,-3.0,-2.0,1.5,12.5,1.7,6.8,5.0,0.9,1.8,3.4,-3.8,1.7,1.4,-4.9,-0.3,-1.4,6.7,4.1,5.8,1.6,-2.1,1.1,-1.7,1.7,1.3,-1.9,-0.9,-1.9,3.2,1.1,2.3,2.1,-6.6,-10.5,2.2,1.3,3.0,0.8,-0.0,-4.0,0.1,3.7,0.6,3.2,3.4,2.4,1.6,-3.9,1.2,1.8,3.6,6.2,-4.1,5.2,8.5,1.2,4.3,8.1,-2.3,6.5,2.6,2.3,5.4,9.1,-0.2,3.4,-0.8,2.5,3.3,9.9,-2.5,-7.4,-0.6,0.1,-0.9,-1.1,2.6,2.9,11.5,6.3,-6.6,-14.5,6.7,-2.0,-0.6,3.7,5.9,4.5,-1.5,5.7,5.4,3.8,9.3,8.1,-4.0,6.6,2.7,1.3,1.6,4.7,-4.7,0.9,1.7,-0.5,-3.1,2.1,-2.9,14.3,8.5,7.1,9.9,1.5,3.4,6.0,4.0,2.6,1.7,4.0,-0.9,2.0,-7.5,6.5,-8.0,0.0,1.3,-2.3,1.8,-9.5,-10.7,11.7,-4.6,7.4,9.9,7.1,7.4,4.6,2.1,2.4,1.7,3.6,3.2,7.8,4.1,-1.1,-1.7,4.2,9.1,6.6,-9.2,-1.7,-4.9,4.3,-1.1,-2.3,-6.1,-1.5,1.7,-1.7,-0.2,-0.5,4.9,11.3,-13.8,13.8,7.5,4.4,5.4,-2.0,-5.8,-7.9,9.9,-2.2,8.9,8.8,11.2,-11.1,12.4,2.0,-8.9,0.7,-7.9,2.0,-3.8,10.6,-8.7,-8.8,7.9,0.8,-2.4,6.9,2.4,-3.8,0.8,-7.0,-5.3,11.4,9.9,1.3,8.3,-7.3,-3.4,2.8,0.4,-2.8,-4.8,5.1,-0.8,4.3,9.5,-8.2,3.5,-2.8,-3.3,-0.9,-0.7,1.5,1.0,-2.7,4.4,-0.6,-0.2,2.5,-1.3,4.4,14.3,-2.9,-6.0,0.4,1.8,-5.1,-7.1
2018-08-15,-0.9,-4.3,4.2,2.2,10.6,5.1,4.0,0.1,-1.6,-3.4,14.8,0.5,-11.5,-0.3,-0.6,-5.5,-0.1,15.6,5.5,0.6,1.6,4.9,4.3,0.8,2.4,2.1,-1.0,-0.3,-0.4,-1.5,0.0,-8.9,6.2,2.8,0.2,-13.8,-5.3,-1.9,-4.3,-4.0,-2.6,8.2,10.9,8.1,-1.1,-2.1,-1.2,-1.6,5.0,1.3,-6.7,1.1,-5.1,-9.3,-15.1,1.6,8.1,0.9,10.4,4.3,-5.5,-8.9,-3.6,5.1,5.2,-1.3,0.4,-2.1,-1.9,-7.6,-8.3,6.8,13.1,3.1,0.3,0.3,-2.0,10.7,-3.8,6.0,3.6,-3.0,4.6,0.3,-1.1,3.5,4.2,5.5,8.3,6.6,8.6,6.7,1.1,2.9,9.3,5.0,-0.5,-0.5,2.8,5.0,-4.4,-1.2,3.5,2.2,0.6,3.2,-6.7,2.3,4.3,0.0,-0.2,5.4,6.6,-3.0,-3.2,4.9,-4.4,5.6,-0.5,8.2,9.7,1.4,-4.1,9.4,4.5,2.1,5.3,10.1,10.2,-0.3,-2.1,-4.0,2.1,-0.9,-9.1,0.8,8.4,-1.3,4.3,0.6,6.8,1.3,-3.0,0.5,-1.3,1.1,1.1,10.9,1.7,3.1,-4.4,-4.4,13.0,-1.2,3.4,0.4,12.6,-3.8,-1.6,3.7,-1.2,6.4,2.5,6.8,-9.9,15.2,-0.2,-2.8,-1.9,5.1,-6.2,3.0,5.4,1.4,1.5,3.5,-2.6,-1.7,-3.4,-1.8,-1.7,-1.1,-1.6,-0.9,0.4,2.7,-3.4,5.0,-5.5,-4.0,-1.5,2.1,6.9,-2.4,-2.8,-2.1,-0.2,4.1,0.4,3.6,0.4,-14.7,14.4,-3.6,-6.4,3.9,0.2,-1.0,-3.4,-1.4,2.0,1.6,0.2,2.0,0.6,-3.0,-2.2,-3.6,-1.1,-1.3,4.3,-0.5,2.2,7.6,4.2,1.0,-1.9,-0.1,-1.0,1.3,4.0,8.7,5.7,-0.4,2.9,1.4,4.9,9.7,7.7,-8.0,2.0,4.7,6.5,1.2,-1.7,5.6,2.7,8.6,7.2,-8.7,-4.2,1.0,2.1,6.0,6.0,4.4,0.6,7.1,4.6,-3.4,3.0,5.8,0.1,-6.2,-1.2,2.8,9.9,4.5,3.2,4.0,0.5,-0.4,-0.6,-2.0,3.3,2.3,8.2,11.6,7.6,9.6,1.1,2.3,7.2,2.1,0.7,2.6,2.5,1.0,1.2,-2.3,1.1,-1.0,6.2,0.1,-3.4,4.5,1.8,4.6,10.3,7.5,15.5,10.2,5.9,3.2,9.3,3.8,1.6,2.5,4.1,4.7,9.1,3.8,0.2,3.0,7.1,10.3,1.0,5.2,-1.2,-1.4,-0.7,-0.4,2.1,-2.5,-0.1,1.9,-3.6,-6.1,-1.4,3.9,8.7,11.6,10.6,4.2,2.9,-3.5,-1.0,-0.9,-3.7,12.2,0.2,8.0,6.3,14.7,7.8,-5.0,-6.3,0.3,1.6,-7.7,6.3,-2.8,9.5,-6.8,-10.8,10.6,1.5,1.7,3.4,2.4,3.4,0.2,-7.2,-6.1,9.8,12.7,2.3,12.2,-7.4,-4.2,-4.9,-6.4,-3.3,-11.4,4.6,2.8,2.6,9.6,-5.1,0.9,-1.5,1.8,-0.6,0.4,3.5,-1.0,-1.4,-6.6,4.4,5.5,4.0,-1.4,4.3,7.5,1.0,5.8,-0.1,-0.7,7.7,5.4
2018-08-21,2.0,-3.3,4.5,2.1,-7.0,5.2,3.2,-4.3,-3.0,-9.8,11.2,-2.1,1.3,-0.6,-2.8,-7.1,0.3,7.2,2.4,-3.7,-2.6,-1.2,4.3,0.2,-0.1,0.5,-3.1,0.1,-3.0,-1.4,-2.1,-7.4,10.8,1.2,-10.5,2.0,-7.3,-3.2,-2.3,-0.3,-3.0,4.9,11.6,3.7,-4.5,-6.7,-2.6,-3.3,0.2,-1.9,-2.3,3.8,-6.2,-1.6,-8.5,-1.1,-2.6,0.0,3.6,-0.1,-7.2,-6.2,-8.1,-13.3,-9.2,-4.5,-1.0,-2.6,-6.0,12.9,13.1,4.1,-9.8,1.3,1.1,1.6,0.5,1.0,-14.0,4.7,-4.6,1.3,0.3,-5.9,-3.2,1.1,5.0,-2.7,-0.9,1.0,-0.6,3.9,1.1,1.9,-2.6,-1.4,-1.2,-4.8,0.2,5.8,-4.7,-0.6,-0.6,1.2,1.1,3.7,-15.0,2.1,2.2,-5.9,0.9,1.5,4.0,-4.3,-4.2,3.5,-2.9,9.3,7.0,8.0,2.6,-2.3,-7.2,4.5,3.6,0.9,2.0,10.1,3.1,0.7,-2.9,-5.3,-1.7,0.2,-6.6,-2.1,6.1,-6.4,-0.3,-0.2,2.1,-3.4,-6.2,-10.8,-0.4,7.2,6.2,6.7,-7.4,-1.6,-4.5,-3.0,11.1,-9.6,-0.6,1.8,16.5,-0.6,-9.2,0.7,-0.3,11.8,6.7,-1.4,-7.6,11.7,-1.3,-2.3,-0.8,3.6,-2.8,2.4,8.5,-3.2,0.3,1.8,-2.5,-5.1,-3.9,-0.8,-1.9,-2.1,-0.1,-2.0,-1.2,4.5,-3.6,4.0,8.6,-8.5,-3.9,-0.9,0.9,-6.0,-2.8,-5.3,-1.2,0.1,-0.3,-3.6,2.3,-16.7,14.3,4.5,-6.0,2.6,-11.4,-1.3,-6.1,-3.7,-0.6,-0.5,-1.7,3.1,0.2,-2.8,-3.9,1.2,1.7,1.3,2.2,-6.1,0.9,4.6,1.9,-0.3,-3.1,-6.2,1.0,0.3,2.3,2.4,-4.1,-1.8,1.5,-5.4,1.8,4.8,6.4,-5.7,3.8,6.0,0.5,-0.2,-4.9,-2.1,-2.5,9.2,6.0,-6.3,-12.3,-2.2,0.5,0.8,-0.5,-0.4,-5.1,1.5,2.1,0.5,5.8,6.9,-8.7,-6.8,6.9,-0.3,1.9,2.8,1.8,2.9,-3.0,0.1,1.6,-6.6,0.3,-8.3,1.6,8.0,-0.8,7.0,0.6,-7.4,1.9,0.3,-3.6,-0.4,0.2,-1.7,-2.3,-2.9,-3.7,-5.5,2.4,-14.1,-4.2,0.2,-13.6,3.0,6.3,0.9,9.9,6.9,3.7,5.4,1.7,-4.8,-1.0,-1.2,-0.3,1.4,4.5,2.9,-1.7,-1.4,3.2,7.3,2.3,2.7,-4.1,-7.4,-1.2,-3.2,0.2,-8.4,-1.3,-1.5,-7.6,14.3,0.2,0.3,4.4,7.6,8.0,4.8,3.5,8.4,-1.2,-7.0,-5.4,13.0,-2.0,3.6,2.3,7.4,3.5,4.6,-10.4,1.6,4.2,-9.5,5.9,-7.4,7.3,-10.0,-10.9,16.4,-6.9,-8.2,6.9,0.8,-7.6,-3.2,-6.7,-5.5,6.5,8.5,1.0,8.9,-10.8,-9.2,-6.0,13.6,-8.0,-10.7,1.1,-3.4,-2.5,5.9,-9.1,-6.8,-3.0,-3.8,-5.8,-1.5,0.9,-2.6,-1.9,-13.3,-2.4,0.8,4.0,-0.6,-1.4,-5.6,-5.5,1.2,-0.2,0.9,9.2,-10.4
2018-08-27,2.1,2.1,3.6,2.2,-3.0,4.6,4.6,-0.7,-1.8,-5.5,8.3,-0.9,2.9,1.6,3.7,-1.9,-2.8,12.7,2.8,-3.5,2.2,2.7,3.6,2.1,2.1,2.5,2.1,-4.1,-3.7,0.0,0.7,-2.6,11.2,5.4,-3.1,3.3,-2.7,0.7,-2.4,-0.1,4.0,2.4,4.1,0.3,-7.8,-10.2,-3.0,2.9,3.9,-0.5,-5.1,-0.6,-5.5,4.3,6.5,5.8,2.7,-0.6,-7.0,2.1,-7.8,-7.0,-10.5,-10.5,-1.4,-0.9,2.0,4.0,-4.9,-4.4,6.6,7.5,11.4,2.9,0.4,4.1,2.8,2.0,-5.2,6.2,2.2,2.5,4.7,-3.8,1.0,2.8,0.6,-1.6,-4.3,2.1,-12.9,10.6,3.1,4.6,6.6,3.6,-1.5,-2.2,3.5,4.5,-1.1,2.8,3.9,-0.5,0.4,-1.8,1.9,2.7,-1.8,5.9,-0.8,2.0,4.7,-3.2,-3.5,1.6,-4.2,0.2,2.9,1.2,-2.3,-1.4,-3.0,13.4,5.5,-0.0,2.9,7.3,-0.3,-3.1,-9.2,-0.6,-0.4,-1.7,-5.7,-4.9,10.5,-5.2,-0.6,-1.6,1.2,1.5,-2.2,-1.0,-2.6,5.0,14.5,4.6,1.3,1.9,-2.5,-0.2,9.9,-5.9,8.4,-0.8,11.6,2.1,-1.1,1.7,-1.9,12.3,11.3,2.5,-4.2,8.0,-2.9,-1.9,-1.4,4.6,-3.1,2.0,1.9,-3.3,1.8,2.8,0.9,13.0,-0.2,-2.6,-4.5,2.2,1.2,-1.9,-2.6,2.0,-2.9,3.7,-4.4,-2.0,-1.3,4.0,1.4,-5.7,-5.8,-4.3,-3.4,0.5,-1.6,0.8,0.5,-10.7,1.9,5.5,0.9,3.0,-6.7,5.5,-6.1,-4.8,0.2,-3.6,-1.5,0.7,-1.3,-6.1,-2.9,1.6,1.5,-0.2,5.7,0.6,1.4,-13.2,2.0,4.2,-1.7,-2.0,0.1,0.6,3.3,12.4,-1.4,-2.9,1.5,-3.5,7.1,3.3,4.2,-8.4,-3.5,0.0,0.5,1.9,0.7,2.9,1.1,9.0,9.5,2.2,-5.5,6.8,-1.1,2.9,5.3,0.9,-6.4,2.6,5.2,6.5,8.2,9.6,-5.2,-6.1,3.6,4.2,5.4,5.0,2.6,-5.5,0.1,-1.6,-3.6,-19.6,1.9,-3.9,2.7,10.8,6.1,7.8,1.5,-5.0,1.3,-0.1,-0.4,-2.2,0.8,2.7,0.1,3.3,-2.6,3.5,7.5,-2.7,-1.6,3.3,-12.0,5.4,6.8,4.5,7.7,6.1,3.9,4.5,5.5,0.4,2.4,2.7,1.7,-1.7,2.8,-0.1,-0.2,-2.1,2.9,8.1,4.0,2.4,-2.5,0.3,-5.4,-2.0,2.8,-9.3,2.6,2.4,-1.0,0.7,14.6,3.0,5.7,9.1,8.2,-2.0,-1.7,3.7,2.5,-2.2,-3.8,5.7,3.2,5.7,8.8,6.8,6.2,5.3,-1.6,-2.8,3.0,-11.0,2.0,-7.9,9.4,-8.8,5.3,6.8,-1.9,-5.0,5.6,0.9,-2.9,-2.2,0.8,-4.1,10.4,10.9,1.1,5.5,-10.6,-7.0,-5.6,1.9,-3.6,-8.8,6.9,2.2,1.9,7.5,-5.1,-0.5,-1.7,2.0,-0.2,2.3,3.8,-1.4,-1.8,0.4,1.0,4.4,6.9,-2.6,-1.8,2.0,-6.3,-4.1,4.4,-11.6,-9.9,-9.5
2018-09-02,0.1,-2.3,3.8,-0.9,-4.1,1.0,2.8,-0.2,0.9,-7.9,3.6,-3.4,-1.3,-2.9,-0.1,-1.8,0.0,4.8,2.3,-4.0,-1.1,3.3,3.1,1.1,1.7,0.4,-3.1,-4.5,-5.9,-3.2,-2.1,-2.6,5.6,-2.5,6.0,-2.7,-11.0,-1.2,-6.2,-2.5,-3.5,5.0,-6.9,-4.6,1.0,-12.4,-3.9,-2.7,0.1,-2.5,-8.8,0.4,-5.0,0.4,-5.9,-3.6,-1.2,-2.3,1.3,4.3,-6.9,-5.1,-12.0,-12.5,2.7,-2.9,-2.7,-1.0,-1.1,2.0,8.3,0.9,1.1,-2.4,2.5,0.0,-2.8,-1.5,-2.1,4.1,-2.0,8.9,1.3,-6.1,-2.6,0.2,-0.6,-0.5,-6.5,0.6,-1.0,1.8,0.1,-6.9,0.9,0.2,-6.1,-3.4,1.7,-0.1,2.8,-2.4,3.5,0.1,4.0,-12.8,-4.9,2.2,7.8,-0.4,-0.8,1.0,2.2,-7.0,5.6,2.8,-2.5,6.6,-1.6,2.0,0.2,-2.2,-10.2,3.0,2.2,1.2,2.4,4.1,3.9,-3.4,-3.1,-8.1,-5.1,0.1,-10.4,7.7,7.8,-1.0,-3.5,-5.9,2.1,-2.9,-2.8,-1.8,-1.4,-4.8,-0.5,1.6,-5.4,2.4,-9.5,-3.5,8.1,-2.6,15.6,9.6,4.2,0.3,-3.6,1.0,0.2,6.3,1.6,0.7,-2.8,2.1,-2.2,-5.4,-3.1,-4.9,-3.6,0.8,-1.3,-5.6,-1.3,-1.1,7.2,6.9,2.4,-4.5,-2.6,-2.6,-4.9,-2.0,-0.1,-2.8,-7.4,2.3,-6.3,3.6,1.8,1.5,-0.2,-14.5,-3.4,-2.1,0.2,0.1,2.2,-3.7,-8.2,-2.6,-3.6,-4.0,-3.4,-2.4,3.9,0.7,-7.2,-2.6,-0.5,-0.6,-3.4,0.9,-2.1,-0.7,-2.7,-2.8,-3.6,-1.8,-0.8,-7.9,0.4,5.8,-0.8,0.1,-0.3,-0.9,4.3,2.4,-4.4,6.5,-2.4,2.1,1.9,6.1,-6.3,2.9,3.1,3.6,3.2,-1.4,5.0,-9.2,-6.8,-0.4,-3.2,10.1,5.4,-2.1,-4.2,2.9,-1.9,1.6,-0.5,-2.8,-8.2,-3.8,9.7,7.5,0.1,7.6,-3.8,-1.1,-0.1,2.8,1.6,2.8,0.9,-1.5,-4.3,-2.1,-5.7,-2.7,0.6,-4.1,2.5,12.1,5.6,7.3,0.4,11.9,2.7,-2.0,-2.0,3.3,-1.2,-0.4,-1.3,-10.7,1.9,-2.4,0.5,-2.3,-4.8,1.9,-7.5,2.1,9.4,3.8,-0.4,7.2,4.2,3.2,4.9,-3.4,2.9,2.6,0.9,-2.8,8.7,2.2,1.1,-2.8,1.5,3.4,2.0,-1.1,-1.9,-5.5,5.3,-2.8,-0.2,-5.2,-1.3,5.2,-1.1,-10.8,10.8,-1.8,7.6,10.1,7.7,7.0,1.5,0.8,-1.1,-3.3,-6.7,11.1,0.8,3.4,3.5,-9.0,7.1,2.5,2.4,4.9,-0.2,-9.6,1.3,-6.6,7.8,-13.3,1.9,7.3,4.2,-1.9,-3.8,-0.7,0.8,-1.7,-7.6,-5.6,10.5,10.9,-3.0,9.1,-6.4,-6.2,-6.7,-1.4,-2.4,-8.6,3.7,-3.1,1.7,9.7,-6.3,-5.3,-3.5,-0.1,-3.1,1.2,2.2,-5.8,-3.3,3.3,3.6,3.2,3.6,0.7,6.4,-6.0,-8.1,-2.8,2.6,3.1,-4.7,-7.1
2018-09-08,-0.6,-4.2,15.9,-2.0,-0.2,2.9,2.7,-1.3,-2.5,-7.7,13.5,0.9,-2.9,-2.3,1.7,13.3,-5.1,15.0,1.4,-2.2,-1.3,2.3,3.9,1.5,3.0,1.5,-1.5,-3.6,-3.3,-5.0,-2.7,-4.7,8.8,2.6,-2.8,-6.9,-6.5,-1.8,-6.7,-1.7,-1.6,5.4,5.6,-8.0,-2.0,0.9,-5.3,-4.2,-0.3,-1.8,4.9,-2.7,-6.8,-3.3,2.7,-1.3,-0.6,-0.3,0.1,2.8,-9.3,-11.1,5.8,-3.9,-3.2,-2.0,-0.6,-0.9,-2.9,-3.8,9.0,12.6,4.3,0.8,1.5,0.8,-0.3,-1.1,-6.2,1.4,-0.1,3.1,-1.7,-1.2,-3.1,-1.7,4.2,-2.2,-5.5,1.5,-0.8,5.8,5.2,0.0,5.1,5.4,-3.4,-1.7,2.2,5.4,-2.3,1.0,3.9,-3.2,-2.7,5.4,-4.5,0.5,-5.6,-3.5,-0.1,-2.0,7.4,-3.2,-2.4,2.3,-3.5,16.1,4.2,-5.8,-1.3,-1.1,-2.5,-1.2,2.7,2.9,3.0,7.6,-1.5,-1.4,-6.0,-1.2,-3.3,0.4,2.5,-9.3,8.1,-0.8,0.8,-2.3,2.2,-0.2,-4.5,-5.1,0.7,-5.7,2.3,2.5,-4.3,-3.2,-3.4,-4.3,11.1,-3.0,-6.5,8.1,11.5,3.0,-5.8,4.0,-2.9,3.4,8.5,-2.4,-5.1,4.9,-7.7,-6.2,-4.6,-7.2,-5.0,0.8,5.4,-2.4,-0.0,2.4,0.0,6.1,-2.9,-1.7,2.1,-4.0,-6.5,-4.4,-3.7,7.1,1.9,6.0,5.2,-2.4,-0.8,2.6,1.6,-4.7,-3.9,-2.9,-3.3,0.3,-0.6,-2.7,6.2,-9.4,-0.6,11.4,-2.1,0.6,5.3,3.1,-1.8,-3.5,1.0,2.0,-0.9,-4.8,-2.2,-3.1,-4.1,-4.8,-4.5,-2.4,0.9,-4.7,0.1,11.1,1.8,-2.3,-11.5,0.5,3.6,2.3,1.7,6.8,2.4,1.8,1.5,5.8,6.5,9.2,9.9,-5.0,12.3,-14.4,-1.3,2.7,-0.9,-1.8,0.6,9.6,6.6,-10.5,-10.6,2.0,0.3,2.4,0.7,1.1,-7.9,3.1,-1.2,6.9,4.6,5.6,-10.0,-8.1,4.5,3.1,4.2,0.9,1.2,-2.9,-1.5,-4.8,-7.6,-9.7,0.7,-7.3,2.7,4.7,3.1,5.4,-0.4,-2.8,4.7,1.5,0.7,-0.7,0.0,-0.6,-0.4,-7.8,2.4,-5.5,2.9,-2.2,-4.2,0.9,-6.6,3.3,4.3,4.5,3.0,3.3,2.7,3.2,5.8,-3.2,-2.7,0.9,1.3,0.9,5.7,1.8,4.2,-1.8,3.6,7.6,-3.8,-3.6,-4.0,-7.7,-7.2,-4.2,-2.4,-7.3,-1.2,3.6,-5.0,-7.5,-9.7,1.1,6.8,6.4,5.3,-2.3,-2.3,-6.0,-2.0,-6.5,-7.7,4.2,-5.5,4.3,3.4,-3.5,3.7,-3.5,-7.6,-1.2,-3.9,-10.5,-4.0,-2.3,9.6,-12.4,-4.4,3.4,-1.1,2.1,6.0,0.2,-4.2,-0.1,7.7,-3.8,11.8,11.1,-3.4,4.9,-13.4,-2.9,-8.1,0.5,-5.0,-9.6,4.0,0.0,-1.7,7.6,-7.5,-8.0,-6.0,-1.9,-3.2,1.6,0.4,-3.4,-2.3,1.2,6.2,1.7,2.1,-0.2,4.7,12.3,-6.6,-7.4,-1.7,2.6,-13.3,-11.8
2018-09-14,-2.7,-2.7,2.5,-1.0,0.3,2.5,1.7,-0.8,-3.7,-11.1,9.3,-1.7,-1.4,-1.9,0.2,-10.3,-1.2,9.7,-1.3,-3.8,-3.1,2.5,3.6,5.4,4.1,-1.9,-1.1,-2.1,-4.7,-2.6,-4.1,-7.5,4.1,-1.9,-2.9,-9.5,-5.7,1.3,-3.4,-4.3,-4.1,6.0,2.4,3.7,-2.1,-7.1,8.2,-9.7,0.2,-2.9,-8.2,5.4,-3.8,11.7,-12.2,-1.8,7.4,-3.0,4.4,2.2,-1.6,-10.0,3.1,-7.5,-3.8,-0.6,-3.6,-0.3,-3.9,-1.6,-5.0,-13.1,6.9,0.1,-3.0,-2.2,-3.2,-2.2,-12.9,5.4,0.1,1.4,0.2,-3.5,-1.4,3.2,4.2,1.8,-1.8,8.2,5.4,7.4,7.1,-0.3,2.7,4.9,-0.9,-11.7,3.7,1.0,-1.8,-3.1,2.4,-2.1,3.5,6.0,-2.5,1.3,2.2,0.6,-5.4,6.1,4.8,-3.7,0.1,6.6,-2.6,2.2,7.1,3.0,0.0,-2.8,-7.7,9.2,7.0,7.3,2.1,4.9,5.9,-15.6,-0.1,-5.6,-4.6,-3.6,-8.5,0.5,9.6,-1.1,-0.3,-2.6,9.3,2.7,-1.9,-13.5,3.3,7.4,1.4,-2.1,-5.5,-0.5,-3.8,-1.3,11.5,-2.4,-2.4,-1.9,8.1,-2.6,-4.2,2.8,1.9,10.0,6.0,-2.9,-4.4,1.9,-1.2,-6.1,-6.1,6.2,-3.9,-0.6,5.2,-4.2,0.3,2.5,-0.2,9.3,-3.6,-4.7,-1.7,-6.0,-12.8,-0.5,-1.0,-0.5,-2.2,6.3,-3.8,-0.7,8.3,0.9,2.5,-8.3,-3.9,-1.4,6.5,2.0,1.2,5.8,10.2,-9.3,-1.9,-0.3,8.0,-2.3,-0.3,2.2,-5.2,-2.3,0.7,1.7,-4.0,0.9,0.7,0.5,-6.7,0.4,-0.3,-1.8,-0.3,-3.9,2.2,8.1,-0.5,-2.9,4.6,-0.7,5.2,2.2,1.6,8.6,0.5,1.6,1.6,11.4,1.8,7.5,13.8,-3.7,-4.2,-8.3,1.8,0.0,-1.4,-1.0,-0.9,7.5,1.3,-8.1,-11.1,2.5,-1.6,0.1,1.6,-0.8,-1.8,-1.3,4.7,3.9,2.9,0.6,-11.4,-4.2,-6.0,2.2,3.2,2.4,0.7,-5.9,-0.6,-2.8,-3.9,-2.7,1.0,-7.8,2.4,6.3,1.6,2.9,0.1,-6.8,2.1,-1.5,1.1,2.3,0.3,7.9,0.6,-2.1,2.1,-3.9,6.9,-1.1,-4.6,-2.6,-1.7,4.9,7.8,4.9,-9.1,1.0,2.0,0.9,4.1,-4.3,2.0,6.5,1.0,-2.0,1.7,-0.1,8.4,-4.9,4.3,12.2,-0.3,-0.6,-2.2,-6.9,-4.9,-3.0,-5.9,-5.4,1.5,2.8,-3.0,0.2,7.3,1.4,7.2,2.0,6.2,-1.9,0.3,-2.4,-2.7,-4.4,-10.5,8.2,-1.4,4.6,4.9,-0.2,4.7,-5.8,-5.5,3.4,2.5,-8.4,-2.3,-5.4,6.0,-18.1,-5.3,4.7,-5.0,-7.1,6.6,-2.5,0.3,-1.2,-11.7,-7.2,3.3,9.7,2.4,8.3,-10.2,-7.3,-5.6,-9.2,-0.8,-4.3,2.1,0.7,1.9,8.0,-8.5,1.8,-2.3,3.1,0.8,0.6,3.0,-1.1,-5.3,-2.9,1.5,1.3,-2.5,-2.0,1.9,15.4,-4.2,-7.5,-4.9,1.5,-1.2,-2.8
2018-09-20,-3.6,0.1,3.9,0.3,2.1,3.7,4.2,-4.7,-3.6,-6.1,10.5,1.4,3.7,0.5,0.7,-12.0,-2.0,8.6,-1.0,-3.7,-2.1,5.0,2.5,0.2,3.2,2.1,0.3,-2.7,-5.2,-1.3,-1.4,-10.7,5.5,1.6,-7.7,1.5,-8.2,2.7,-3.9,-0.2,-4.0,5.3,-1.3,0.9,-2.1,-4.3,-1.2,1.4,1.1,-0.5,-6.2,0.7,-7.3,-0.7,-4.1,0.1,-1.3,-1.4,-2.9,2.4,-8.4,-9.1,-14.4,-11.1,-2.1,1.5,-5.0,2.1,-2.5,-2.9,7.0,10.6,10.0,1.2,0.7,0.3,0.7,-0.2,-9.7,5.4,3.9,-0.1,1.4,-2.3,-0.2,3.0,5.5,1.7,-6.0,6.7,-12.5,8.4,-1.5,-3.2,-0.3,1.9,-1.2,-3.6,-0.9,4.1,-4.8,-0.7,5.8,-2.4,2.0,5.6,8.2,1.9,6.1,1.1,3.7,16.0,9.7,-2.2,2.5,0.6,-1.3,6.4,4.9,5.4,-0.2,-3.1,-7.3,-13.4,1.1,-0.9,1.7,12.3,2.1,-5.1,-2.4,-2.7,-1.8,0.0,-4.6,0.6,10.3,-1.1,0.3,-0.6,1.0,3.8,-1.5,-1.7,1.1,-0.5,-0.1,3.8,-0.9,5.9,-2.9,-3.2,12.2,-5.2,3.1,1.9,3.3,1.8,-3.4,2.2,-1.1,5.5,2.9,4.5,-0.9,6.2,-4.9,-3.2,-1.9,-0.8,5.9,3.1,4.2,-1.5,1.5,1.1,-0.3,6.1,8.1,-0.6,-0.7,-0.8,-5.9,-2.2,-1.5,0.1,-4.6,2.6,-1.5,-5.4,-1.5,1.0,2.7,-3.1,0.8,2.4,-1.7,-2.1,-0.6,0.7,-2.9,-6.0,-7.9,-0.8,-0.1,4.0,-7.5,1.9,-3.7,-1.3,1.2,-1.3,-2.2,4.6,0.2,-3.4,-2.3,1.7,3.4,-5.4,0.9,-2.3,1.9,5.5,1.5,2.8,1.7,3.1,4.6,3.9,1.1,6.8,-11.5,0.5,1.5,12.0,4.6,5.1,9.6,-6.1,-5.0,-8.1,8.7,3.9,6.1,2.2,4.6,9.2,2.5,-16.5,-6.5,4.4,-2.4,5.6,1.9,0.6,-4.9,2.2,3.6,6.1,2.9,1.2,-9.0,-6.8,0.8,-2.3,2.3,4.7,1.9,-0.9,-1.8,-4.9,-10.6,-7.8,0.2,-1.9,10.3,9.5,5.9,7.7,0.9,0.4,3.9,-1.1,-3.0,0.5,-0.5,-1.0,-0.3,-12.3,-2.4,-2.8,4.8,4.0,-7.3,2.0,-0.1,5.9,9.6,6.6,9.6,7.6,4.6,12.8,5.0,-1.7,3.3,6.2,3.2,-1.9,2.7,0.5,6.1,-1.2,2.0,5.0,0.2,2.9,-2.1,-2.2,11.0,-2.9,3.4,-2.9,-4.6,1.6,-3.8,-3.2,5.7,4.6,9.0,8.0,9.7,0.0,0.2,-2.5,3.4,-4.3,-4.5,0.9,-7.6,6.9,4.0,-3.5,5.3,-4.9,-5.8,2.2,-1.5,-10.2,-7.4,-4.1,7.1,-10.4,-3.2,-2.3,0.6,-1.1,4.4,0.7,2.0,-0.3,-8.3,-7.5,10.6,12.0,-0.6,2.6,-8.2,-6.6,-8.5,0.3,-4.3,-9.9,2.0,1.2,4.9,10.1,-7.6,-3.6,-3.8,2.5,-2.4,2.3,4.4,-0.1,-0.2,1.6,5.7,5.0,7.2,-2.2,-0.2,10.1,-3.5,-2.9,2.0,0.0,-6.3,-6.0
2018-09-26,1.9,-9.4,4.8,0.6,2.1,4.4,2.6,3.4,-0.6,-5.6,11.3,0.3,8.5,1.1,-0.9,-3.2,-2.9,15.6,0.6,-5.7,-0.5,4.0,3.9,-0.1,1.1,1.2,2.4,-0.9,-3.1,1.6,-1.2,-3.0,7.9,0.3,-3.3,-0.4,-4.5,8.1,0.1,-4.1,-1.9,8.2,4.0,6.3,-1.0,-9.1,-16.9,0.8,1.1,-0.7,-2.5,2.4,-2.5,-2.6,1.9,-0.4,8.3,1.6,0.8,4.2,-9.4,-4.6,-14.2,8.9,-1.5,-2.1,1.5,-1.5,-0.2,0.9,9.5,1.4,7.9,-1.0,-4.0,-1.5,2.9,1.9,-14.3,6.1,1.9,0.4,2.9,-4.8,2.0,3.4,1.8,5.9,-6.1,-12.9,-12.5,7.3,3.3,-2.4,3.5,5.4,1.2,-3.8,2.5,3.5,0.4,7.8,5.3,-3.4,0.9,2.9,1.0,6.0,-0.7,1.5,-1.0,1.5,7.2,-3.4,5.8,1.7,-4.6,3.7,13.2,2.1,-0.3,-2.6,-7.6,10.9,5.3,2.0,3.9,8.6,3.3,-8.4,5.6,-4.1,-1.5,1.2,-4.9,-0.3,12.1,-0.7,0.3,-2.0,1.4,2.5,1.9,-3.4,1.8,4.4,6.7,10.4,2.3,4.5,-5.4,-2.2,13.3,-4.4,-0.9,1.4,9.8,2.5,-0.5,3.9,-2.7,9.3,5.7,1.3,-1.5,3.2,1.1,-4.5,-2.5,0.2,-1.5,0.5,9.3,-0.8,2.3,1.5,-0.4,7.7,2.9,-1.5,-1.1,-4.5,-2.0,-1.8,-3.5,5.0,-1.8,8.0,-4.0,-1.6,1.5,2.2,0.9,-3.5,0.6,-0.1,-1.1,-0.7,-0.1,0.4,3.0,-8.5,-6.3,0.3,-6.5,9.0,-12.6,4.1,1.2,0.5,2.9,1.0,-3.4,1.1,-0.8,-2.6,-2.7,2.1,1.1,-2.7,-2.5,-3.9,2.4,7.6,0.1,2.6,6.0,2.4,4.9,4.2,4.0,6.3,1.4,3.7,4.4,5.6,12.8,3.8,16.8,-2.9,-0.7,2.1,0.5,2.1,0.6,2.0,-0.5,9.6,6.8,-5.2,-7.6,0.9,-1.0,-0.1,3.7,-16.1,-4.6,4.9,6.8,11.6,5.5,5.4,-7.2,-5.7,3.3,0.2,3.5,7.9,1.3,4.1,-0.2,-0.2,2.2,-2.9,3.8,-2.0,2.1,8.1,3.2,3.5,1.7,-2.3,0.4,-2.9,0.3,3.4,1.6,0.3,0.3,-5.6,-1.3,6.0,5.6,0.2,-1.8,5.0,-7.6,5.0,5.1,4.3,9.6,4.6,3.6,3.9,8.4,0.4,0.2,2.3,1.8,-1.6,6.2,3.3,5.1,-5.7,2.0,7.2,6.6,1.5,-0.9,-3.5,-7.5,-1.1,2.5,-3.1,3.0,4.2,-0.5,1.8,-0.0,2.0,7.5,7.3,8.3,-0.9,-2.0,-2.7,1.9,-4.0,-3.3,10.7,0.0,7.1,6.5,5.1,8.0,-3.5,0.6,3.8,-2.8,-6.7,3.2,-2.5,10.0,-6.4,-9.6,7.9,1.5,-2.0,15.0,-1.0,2.0,-0.5,-2.4,-4.4,14.0,13.0,6.3,6.8,-12.2,-6.0,-8.7,9.7,-0.2,-5.0,5.1,-0.4,5.6,8.5,-7.4,-3.5,-1.2,-0.8,-1.6,2.6,0.9,0.0,-1.6,1.2,7.6,0.7,4.9,-1.0,3.4,8.9,-2.0,-5.8,1.0,-5.6,-10.2,-6.8
2018-10-02,0.2,1.4,6.3,-2.4,-7.2,3.6,2.8,1.9,2.4,-8.8,7.5,-8.7,1.9,-10.1,-6.6,1.4,-5.6,4.4,3.9,-3.5,-3.2,1.6,1.9,-0.7,0.8,-0.1,-1.3,-3.9,-10.4,-1.4,-2.2,-4.5,6.7,0.8,-3.6,-7.8,-9.0,-5.0,-3.6,-3.8,-4.7,6.5,4.0,0.8,-3.0,-10.0,-7.1,-5.1,-0.5,-1.0,2.8,1.8,-6.0,-2.7,-1.3,0.4,-0.5,-2.5,15.2,2.1,-9.5,-7.2,-7.5,-7.5,-4.1,-1.6,-2.6,2.6,-1.9,-0.8,7.5,-8.2,8.8,1.8,-4.0,0.5,3.7,-0.6,-13.9,5.8,-4.1,0.9,-0.1,-4.2,-5.0,1.2,1.3,-3.2,-6.3,1.7,9.6,11.5,1.0,-0.8,8.6,-7.0,-2.3,-2.4,1.0,0.5,-3.5,-1.6,-1.5,-4.9,-3.1,-5.1,6.1,1.1,6.3,-1.1,-1.6,5.7,5.7,-7.8,-1.0,2.5,-4.1,6.8,3.8,-0.6,3.0,-1.9,-10.6,8.6,1.7,1.8,5.3,11.6,-3.2,-0.1,-1.0,-4.1,-2.8,-0.9,-7.1,3.1,6.0,-2.4,-3.0,-3.5,2.8,1.8,-4.9,-1.1,1.1,-1.0,3.6,3.4,-4.0,1.7,-4.9,-9.2,9.1,-5.1,15.2,-8.7,3.1,-3.0,-3.4,1.0,-0.6,2.0,1.4,-0.5,0.1,5.2,-4.5,-5.0,-2.7,-0.6,-7.8,0.8,-1.5,-4.0,-1.9,0.6,-3.9,2.3,-1.2,0.3,-0.1,-4.5,-1.5,-0.8,-5.8,-1.2,-7.4,6.3,-4.1,-5.4,-1.2,1.4,0.1,-3.9,2.2,0.9,1.2,0.7,-1.7,-0.5,7.0,-10.3,-3.3,-0.8,3.2,2.5,3.8,2.9,-2.6,7.0,15.4,5.3,-5.1,-6.0,-1.8,-0.6,-3.3,-1.8,0.4,2.1,4.8,-4.4,-2.8,10.6,-1.0,-2.5,7.2,0.2,2.2,3.0,1.7,5.9,2.1,-0.1,2.1,5.8,0.6,3.0,8.3,-2.1,-3.7,-4.1,-0.3,-2.5,-2.6,1.1,-0.5,3.9,2.2,-6.0,-8.9,16.1,-3.0,-1.5,0.4,4.4,-4.3,2.6,0.6,7.0,-0.2,2.7,-10.6,-8.7,2.3,-4.2,1.7,4.0,0.2,3.6,-1.7,-0.8,-10.1,-3.6,2.1,-5.7,2.0,-4.1,-3.7,3.5,-0.1,0.3,1.5,-5.1,-5.7,-1.1,-1.7,-2.8,-0.3,-3.8,-0.6,-0.6,2.6,0.3,-1.1,0.9,-3.5,-1.1,-0.7,-6.9,-2.4,-1.3,0.5,2.4,-0.1,-4.8,-2.5,1.6,-1.5,-7.9,-5.1,0.8,-6.5,-1.6,4.7,10.0,-0.1,-2.4,-2.6,-3.3,-8.6,-3.3,3.1,-5.0,0.0,6.9,-2.1,0.6,-1.6,0.4,4.2,3.0,5.3,-1.0,-2.5,-2.3,-2.1,-4.4,-4.2,7.6,-1.9,4.8,11.7,4.8,3.1,-4.5,-3.9,-0.7,0.8,-13.3,0.6,-5.9,6.7,-7.5,-3.7,15.4,-1.3,-3.3,1.6,-1.3,2.4,-2.2,-6.9,-4.6,10.0,11.9,1.4,10.8,-9.5,-6.7,-7.4,-3.1,-5.7,-10.4,4.6,-0.7,-1.3,8.4,-7.1,-1.8,-0.9,-1.3,-4.1,1.9,4.7,-0.2,1.2,1.2,0.2,2.8,4.4,0.5,2.3,3.5,-4.8,-4.0,0.1,-0.4,-5.1,-6.0
2018-10-08,5.7,-0.1,5.2,-1.0,1.8,5.1,7.7,0.1,-0.6,-4.1,10.6,2.4,4.7,0.3,8.3,-2.9,-1.1,12.3,5.6,-1.4,2.3,4.8,4.8,0.2,0.9,4.5,4.3,-2.9,-5.7,-0.2,0.4,-3.2,8.9,7.0,-0.2,1.7,-2.9,-4.8,1.1,-0.3,0.8,6.4,0.2,3.0,1.6,-3.4,-1.6,0.9,-0.0,0.4,2.2,0.5,-2.8,-3.5,0.6,-0.2,1.1,3.2,0.0,1.2,-6.3,9.5,-7.3,-7.4,-1.5,1.5,-1.5,2.0,-3.0,-3.4,10.2,-8.4,7.7,1.4,-0.1,2.5,3.0,1.5,-0.5,3.9,2.6,5.9,1.6,0.4,-2.8,-0.2,5.2,0.3,-6.0,2.3,2.4,8.8,5.8,1.6,2.2,3.3,-2.8,-0.8,1.7,3.3,-0.0,1.7,3.5,4.0,1.8,3.4,2.3,3.8,-1.2,3.3,-0.8,5.3,10.6,-2.6,0.0,4.8,-0.7,6.3,9.3,7.3,-1.0,-1.8,-10.0,5.7,6.4,5.9,3.5,8.1,-1.7,-0.5,-3.1,-8.9,-0.2,2.8,-3.9,3.4,11.7,-0.6,1.0,-5.6,8.5,3.9,0.0,-4.4,0.6,2.8,12.0,-0.8,-0.1,4.6,-3.3,3.1,11.1,-3.8,-0.6,-6.1,10.9,-0.1,-5.2,2.6,-1.0,7.9,11.9,2.1,1.1,0.3,-1.8,-1.4,-1.8,1.5,-1.6,2.0,8.4,-0.5,2.8,3.1,-1.9,4.4,6.2,-7.5,3.4,-0.3,-1.0,0.5,-2.6,4.7,0.8,5.7,5.0,-1.4,3.0,3.2,3.9,-2.4,2.5,1.0,-1.0,10.4,0.6,1.5,2.1,-12.2,-1.9,2.5,3.1,1.3,12.2,5.0,1.5,1.9,3.1,-0.8,-2.9,-1.6,-0.1,3.1,-2.7,0.7,5.5,8.0,2.3,-0.0,0.6,3.9,-4.4,1.2,5.2,1.0,2.5,2.4,2.5,1.3,-2.3,-0.5,1.9,1.9,2.8,6.6,14.1,-6.2,-0.5,2.3,2.4,-2.4,-1.7,2.2,0.2,5.0,5.1,-6.4,-6.4,-9.4,0.8,-2.4,6.1,2.1,4.8,-4.8,3.8,-1.5,-0.3,4.7,-6.7,-5.1,3.8,-4.1,3.1,4.8,0.1,6.2,1.1,0.4,-6.6,-1.5,3.1,-2.7,0.5,8.2,1.6,4.4,1.7,-0.3,5.1,-1.0,-3.0,1.3,-0.3,0.6,1.4,-1.1,-1.1,0.0,5.3,1.8,6.0,1.5,-4.1,5.0,3.1,1.8,4.4,2.7,2.8,3.9,0.6,0.3,1.4,3.0,3.6,-0.0,2.9,1.2,3.1,0.3,3.1,11.5,0.4,-1.1,-1.4,-1.5,-4.3,-1.7,4.1,-1.3,3.7,4.1,-2.2,-0.7,2.7,3.0,5.0,5.5,4.9,4.5,1.7,0.2,3.0,-3.0,-2.6,12.8,5.8,9.2,7.3,-3.9,4.3,4.3,2.5,0.2,0.2,-6.6,6.6,-3.1,9.7,-8.3,-7.0,7.1,2.7,0.1,-0.2,0.9,2.2,-1.1,1.9,-3.0,9.7,13.1,4.2,8.4,-17.4,-2.9,-5.8,-1.1,-2.0,4.5,9.6,0.0,2.8,8.5,-5.9,0.5,-1.4,1.0,0.3,0.4,0.9,-1.6,-0.4,-2.0,6.0,2.3,4.4,0.3,1.5,6.6,-1.7,6.9,1.9,1.9,-1.7,-4.5
2018-10-14,-1.8,4.8,8.4,-0.1,-8.5,3.9,3.1,-1.9,-7.2,-9.5,9.4,-4.8,3.6,-3.0,2.0,-11.6,1.2,9.0,2.4,-5.5,-2.1,3.4,3.5,-2.8,0.0,-1.7,-2.5,-2.5,-6.6,0.1,-2.0,-3.9,2.1,-1.9,-2.3,-5.5,-3.0,-5.4,-1.3,-2.3,-2.8,5.3,2.1,-1.1,-1.9,-5.5,-13.1,-8.1,2.6,-1.7,-3.9,-1.3,-6.0,-3.1,-2.5,3.0,1.6,-2.1,-2.3,-0.2,-8.2,-7.6,-6.6,-5.9,-7.4,-4.0,-0.2,6.6,-1.5,-0.2,8.4,-2.0,5.6,0.1,-3.2,-1.9,1.0,0.9,10.3,3.7,-2.9,4.2,0.8,0.0,0.4,4.0,4.6,-0.9,-8.1,-1.3,-0.5,1.9,-1.0,-2.5,-3.3,-4.4,-4.8,-3.0,0.4,1.7,-1.4,-1.7,1.2,-1.1,0.2,-12.4,9.7,-0.6,-0.8,-1.7,2.1,5.8,6.5,-2.0,-3.0,5.4,-8.9,2.9,-1.1,0.4,1.7,-2.4,-5.9,11.1,1.8,2.3,1.8,6.7,3.1,0.2,0.0,-2.1,-1.5,2.4,-4.7,-1.3,5.3,-3.5,-3.1,-0.1,2.5,9.2,-0.4,-10.3,-3.2,-0.8,2.8,0.5,-2.5,2.8,-3.1,-3.5,11.1,-9.7,-6.7,0.0,1.4,0.7,-6.8,-0.3,-2.3,4.9,3.6,3.7,-0.3,2.9,-7.2,-3.0,-1.9,-1.1,-6.3,1.2,0.9,-2.4,0.2,1.7,-6.8,3.2,-0.7,1.0,-1.5,-2.2,-3.0,-1.4,-2.5,-0.9,-4.1,7.4,-5.5,-3.0,1.6,4.4,-3.3,-4.3,6.2,-3.9,2.0,-2.5,0.9,-1.2,-3.9,-12.4,-4.4,2.5,5.6,5.1,2.9,4.2,-0.4,10.0,-2.9,1.2,-4.9,1.4,1.8,0.9,-4.6,0.2,-1.5,-1.9,-0.8,-1.6,-0.8,8.4,-0.5,0.7,-0.1,-3.2,1.3,1.3,-2.0,5.0,-1.7,-0.5,2.9,3.8,5.9,2.1,10.0,-5.0,-1.9,-6.6,2.0,2.6,2.8,0.6,2.9,10.9,8.8,-7.7,-6.6,4.2,-2.6,3.1,8.4,-1.6,-8.7,1.8,-0.3,4.5,1.9,3.9,-10.1,-8.4,7.6,4.4,5.1,6.8,0.3,3.1,1.1,-0.7,-6.4,-2.7,1.2,-2.8,8.2,9.1,2.6,2.3,2.7,-1.3,4.6,-0.8,-0.0,-0.9,-0.6,0.2,-0.9,-7.6,4.3,-2.8,2.3,-1.5,-6.0,1.9,-9.5,-1.1,4.8,6.2,2.3,6.8,3.5,0.6,11.4,-3.1,4.3,6.0,2.7,-2.0,3.6,1.8,-1.4,-6.4,4.6,12.0,-0.7,-2.1,-2.0,-2.9,-5.0,-2.3,4.3,-1.2,-1.1,8.7,1.7,-0.9,5.0,2.5,6.1,12.1,6.7,3.6,-1.0,-2.4,-2.0,-3.3,-3.1,14.9,-5.0,5.3,1.9,3.9,11.5,-1.4,-0.6,2.6,4.6,-9.3,3.3,-5.0,8.7,-3.7,-2.7,6.5,2.0,-1.8,6.4,-0.7,-2.1,-1.1,-8.0,-3.3,11.4,12.4,3.9,8.7,-14.8,-5.4,-6.6,1.9,-3.9,-12.5,7.3,2.1,-4.5,9.1,-5.2,2.5,-2.3,0.8,-0.2,2.1,-0.4,-2.6,1.8,-2.5,9.6,2.2,4.8,-2.2,-0.7,10.2,-2.6,-2.0,-1.3,-6.0,-6.5,-5.4
2018-10-20,0.4,0.8,5.7,-0.6,-2.4,2.8,3.8,-0.4,-3.9,-5.0,7.9,-3.3,4.5,-1.4,6.7,-6.6,-6.3,8.8,-2.6,-2.1,0.5,2.8,2.9,-1.6,1.4,2.3,-1.6,-3.4,-1.0,-1.9,-3.8,-7.4,6.5,-3.2,-2.9,-2.3,-5.4,-5.4,-2.9,-7.8,-4.4,4.4,0.8,-0.9,-1.1,-8.6,-5.8,-7.6,0.3,-0.8,-3.2,-2.9,-4.2,0.3,1.0,0.0,-1.4,-0.7,-1.4,2.3,-6.4,-3.3,-12.6,-12.2,-6.2,-1.0,-0.7,-2.2,-2.4,3.1,7.8,-11.5,3.8,-1.8,0.8,2.7,2.8,4.4,9.8,3.7,2.5,1.5,1.9,2.0,1.0,5.0,4.4,4.5,-9.8,9.7,-0.9,4.9,3.7,-3.7,-4.7,-3.6,-4.5,0.8,3.3,-0.1,0.5,1.2,-1.2,-1.6,-2.2,-2.0,-0.6,0.3,0.9,-0.2,0.5,6.3,4.8,-7.6,-0.9,3.1,-3.9,7.1,0.7,4.3,-0.3,-2.7,-7.6,3.6,3.7,2.6,1.0,3.9,5.5,1.7,3.1,-3.2,-2.9,0.5,-9.0,-2.3,7.1,-0.6,-0.4,-1.1,3.3,4.3,-1.5,-15.5,1.7,0.9,4.1,1.1,-2.5,0.8,-3.0,-4.4,10.9,-2.5,-0.3,1.5,-1.5,1.8,-7.5,1.3,-1.8,8.9,6.9,6.1,-1.5,3.1,0.2,-0.7,-1.3,-1.2,-6.2,0.5,3.2,-4.3,-0.8,1.7,0.7,5.8,6.4,-3.8,-2.9,0.6,-2.6,-1.7,-1.7,2.8,-4.2,4.0,-2.0,1.4,2.9,1.9,-0.2,-3.8,2.3,-2.1,2.1,-5.1,-0.2,0.8,1.2,-5.6,-2.1,-1.5,-1.3,0.1,-0.7,1.9,0.4,3.5,-3.1,0.2,-4.1,-10.7,-1.1,1.9,-6.0,-3.7,4.2,-1.7,-1.6,-1.1,-2.6,4.7,0.9,-0.2,-6.6,-2.6,1.2,1.6,2.0,5.7,1.6,0.6,3.6,3.2,4.7,-0.7,10.1,-8.5,3.8,-9.3,2.4,-0.5,2.3,-2.1,-0.2,6.4,2.3,-8.6,-12.3,13.4,-2.1,0.0,-0.4,-9.0,-2.3,8.8,4.1,16.6,0.3,2.6,-6.8,-6.0,1.0,2.7,4.0,5.2,-0.1,0.7,-0.7,-4.4,-6.3,-3.6,0.2,-5.8,3.6,-3.5,2.2,6.9,-0.1,-2.9,3.8,-1.9,-2.3,1.0,-0.3,-0.7,0.6,-3.3,-0.2,-1.0,4.9,0.2,-3.3,2.2,-4.6,0.6,2.2,3.6,-3.6,-1.8,1.4,8.7,2.9,-2.1,0.8,3.6,2.9,4.1,3.7,2.3,-0.5,1.1,3.1,12.6,1.2,-3.2,-2.2,-2.3,-2.4,-1.9,2.4,-3.6,-0.8,3.6,0.6,-0.6,-0.0,2.7,4.5,5.9,6.0,4.0,-3.0,-1.1,-0.9,-1.8,-4.2,17.7,1.8,4.5,5.7,2.0,4.4,0.8,-1.8,0.0,6.7,-6.3,4.0,-2.8,8.4,-4.7,-8.3,5.3,3.1,-3.2,4.9,1.4,-9.1,0.8,-2.5,-3.9,9.8,14.4,-1.2,7.5,-4.5,-4.7,-5.2,1.0,-4.5,-5.4,5.9,-0.7,1.9,9.3,-4.8,-4.3,-2.4,1.3,0.8,0.4,1.0,-2.1,-1.2,-7.3,5.5,4.9,3.4,-0.1,-2.7,6.4,-3.0,2.9,3.4,2.2,-8.3,-2.0
2018-10-26,-0.3,-2.7,-2.8,-0.2,13.6,1.4,2.0,-0.9,-3.7,-6.8,8.9,-5.1,-1.0,-0.4,2.2,5.8,0.6,8.5,2.8,-4.4,-4.0,0.2,1.9,-1.0,-1.9,-0.9,-0.9,-6.6,-7.9,0.3,-4.0,-4.4,1.4,0.9,-4.2,7.4,-3.6,-9.3,-1.7,-5.6,-3.4,5.6,1.9,-0.1,-1.8,-6.3,-7.6,-11.0,1.6,-1.5,-2.7,1.2,-3.1,-0.4,0.7,1.0,-1.1,-1.5,5.8,-1.0,-7.4,-5.2,-9.0,-7.7,2.9,1.5,-2.0,1.7,-2.3,3.4,8.2,9.6,2.5,-2.1,-1.8,5.9,3.4,4.1,1.2,4.0,4.5,2.7,4.4,3.5,0.5,0.1,3.2,3.9,-7.3,7.1,-0.5,3.4,4.2,-3.8,-3.3,-1.2,0.9,1.4,3.9,-0.2,1.4,4.4,2.5,5.5,-5.1,-1.1,5.4,1.1,-0.9,1.6,3.0,11.7,6.8,-1.2,-0.6,7.5,0.3,-0.0,1.6,3.0,1.4,-1.9,-8.6,3.7,3.5,2.9,-0.4,2.9,5.9,1.3,0.9,-0.9,-2.3,-0.7,-1.1,5.0,9.0,-3.1,-1.2,-5.8,3.3,2.7,-1.7,0.9,2.2,-0.9,1.8,5.7,-1.3,2.3,-0.2,-1.1,12.8,-3.2,-4.0,-8.0,5.2,0.9,-0.3,0.3,0.4,9.4,9.1,3.0,2.0,-6.3,-4.4,-3.4,-0.8,5.2,-3.7,-0.3,3.4,-1.6,0.9,0.6,-0.1,5.7,-2.3,2.4,1.8,0.5,-2.1,-1.9,-2.3,2.0,0.2,5.7,-1.8,1.4,4.0,1.3,-11.6,6.2,1.4,2.8,-0.3,1.3,0.1,-1.3,-4.3,-3.9,-3.5,3.9,-12.2,-8.3,-1.7,4.1,-3.5,1.2,2.9,-2.9,-2.2,1.3,-0.6,-4.2,-2.3,1.0,-7.5,10.3,-8.7,-1.2,3.9,2.6,0.9,1.8,0.6,-1.5,3.9,2.2,-3.0,-0.9,2.7,2.0,2.2,-0.5,8.8,6.9,13.0,-3.0,-3.9,1.5,1.9,3.1,3.4,-0.2,-2.6,6.6,10.2,-2.9,-5.1,4.4,-2.4,4.3,5.4,-3.8,-2.0,3.9,4.2,6.8,3.3,9.2,-5.9,-4.7,4.8,4.8,4.9,6.7,0.7,0.7,3.0,-1.4,-2.0,-2.0,1.1,-8.0,0.9,8.5,-1.4,2.1,2.8,-3.9,2.0,-0.6,-0.3,2.7,0.4,4.8,-0.1,-3.9,2.2,-2.8,5.0,-2.9,-1.1,-1.2,-0.1,0.8,4.1,3.4,4.5,0.4,2.3,2.1,3.4,-2.9,2.5,3.7,1.9,-3.8,4.9,2.0,7.4,-1.4,5.7,8.1,-2.4,-0.5,-0.8,-1.6,-3.0,-1.8,-0.1,-2.7,0.6,6.7,-15.4,-0.9,2.4,3.7,6.5,5.8,7.5,4.7,-0.3,-1.9,-2.6,-3.9,-4.2,6.9,1.4,5.3,7.9,6.9,5.6,-8.2,-1.9,-0.6,-2.3,-8.9,0.8,-4.3,8.3,-7.1,-6.7,6.3,-1.7,-3.7,11.8,-0.6,1.1,-0.5,-5.2,-3.3,11.2,11.9,0.2,7.1,-9.0,-6.2,-7.3,-0.4,-0.1,-9.8,7.8,0.6,1.4,9.8,-7.3,5.7,-2.3,5.4,1.2,1.6,1.5,-0.7,-0.6,1.4,5.1,-1.5,2.1,1.2,2.8,7.3,-3.6,-0.5,0.4,3.6,-0.0,-3.2
2018-11-01,-0.3,0.7,1.9,-0.2,-11.4,3.2,4.3,-0.0,-3.8,-7.0,6.3,-3.1,2.0,-0.5,2.6,-3.5,3.4,8.4,0.7,-1.7,1.1,0.8,3.9,0.0,2.4,1.7,-3.4,-2.3,-6.6,-0.3,-2.0,-3.4,6.9,-1.4,-7.4,-6.6,-0.2,-4.9,-0.3,-1.2,-3.9,6.1,-6.3,-0.9,-4.8,-2.8,-3.7,-2.8,2.4,-1.0,-3.5,5.7,-5.9,-3.1,8.4,5.3,0.4,0.3,10.8,0.3,-8.7,-5.5,-12.9,-11.3,-4.0,-6.4,2.9,-3.6,-3.6,-0.2,9.2,5.8,4.7,-2.6,-0.6,0.7,0.4,-0.2,5.0,3.3,-4.6,-0.7,1.4,-1.2,0.4,4.0,8.7,-4.2,-8.8,2.5,-1.7,0.8,-3.3,-2.1,2.6,0.6,-9.1,3.7,5.4,-2.5,0.8,-0.5,4.5,-2.3,-0.9,-2.2,4.4,0.1,1.0,1.4,1.0,-9.7,5.8,-3.2,-1.8,8.9,-4.4,5.4,-0.7,0.7,-0.3,-3.3,-8.2,-0.3,1.9,1.4,3.2,3.5,-2.1,0.8,-1.2,-0.8,-2.7,-1.4,-4.2,-3.2,6.8,2.0,-1.7,-2.6,4.7,3.0,-1.5,-4.6,-1.7,0.7,2.1,-3.0,-10.8,-2.1,-1.2,-5.7,11.1,-1.3,-6.2,-5.0,17.9,-1.6,-4.2,0.1,-1.4,8.7,3.9,-2.8,-7.3,2.0,0.8,-12.8,-3.0,-2.7,1.0,-1.0,2.1,-5.6,0.3,-0.4,2.0,5.8,-8.2,1.1,0.6,-6.7,-4.1,-2.3,-2.2,-1.0,-3.2,3.3,-2.8,2.2,3.7,1.4,-1.8,-4.0,1.9,-6.2,-2.9,-6.8,-1.4,-0.5,-1.9,-0.9,-2.4,-3.7,-2.7,0.4,3.4,3.3,0.0,4.0,3.5,-3.4,-0.9,-11.5,-0.7,-2.2,-1.0,-1.7,-1.5,-2.9,2.3,1.4,-1.6,3.7,5.8,2.3,-1.6,-2.0,2.9,1.3,2.8,3.0,1.7,2.3,1.9,-0.2,0.3,2.5,13.2,-5.5,-7.9,0.1,-1.9,0.8,0.1,0.1,-7.5,5.5,-3.5,-4.9,-8.0,4.3,0.8,2.4,8.8,-5.5,-0.6,-2.9,0.6,-2.9,4.0,0.5,-11.2,-4.2,-0.3,5.2,4.8,2.0,0.8,-0.5,1.7,10.3,2.3,-8.3,0.6,-1.7,5.7,4.4,10.0,-1.5,1.1,1.0,3.3,1.2,0.2,2.2,-0.4,7.4,-0.7,-8.0,2.9,-1.4,2.8,0.3,-3.4,2.8,-4.2,0.7,7.0,7.0,3.3,4.0,2.0,-0.9,7.2,-0.6,1.4,5.2,4.2,4.2,7.1,4.7,5.5,-0.6,2.9,12.5,1.5,-3.9,-1.3,-3.0,-2.0,-2.2,2.7,-2.3,-1.7,7.0,1.4,6.8,1.3,4.1,7.5,3.4,5.5,3.3,1.5,-0.6,-6.6,-2.1,-3.1,4.1,-2.6,6.7,1.7,8.5,12.4,-0.3,5.3,1.8,2.7,-7.3,-1.0,-4.9,9.4,-7.2,5.4,9.1,6.1,-10.0,9.8,-0.3,3.1,-2.3,1.9,-3.1,13.2,13.5,2.3,9.9,-12.0,-6.8,-3.6,0.9,0.7,-10.3,9.0,5.0,-1.6,10.2,-3.9,-2.6,-1.2,4.1,2.3,-0.4,5.2,3.1,-1.4,-2.2,8.3,1.1,4.8,1.9,1.2,6.5,-1.2,7.1,2.8,4.9,4.0,-1.2
2018-11-07,-1.8,1.4,13.1,0.1,-0.5,2.4,5.9,0.7,-2.0,-9.5,7.6,1.1,-4.2,4.0,8.3,-4.6,3.8,10.7,1.0,-1.6,4.5,3.9,3.4,-14.8,-0.2,4.6,4.9,-1.8,-3.3,-2.7,-1.8,-5.6,5.9,4.1,-3.1,0.8,-4.8,-0.2,-2.1,-2.7,-2.4,6.7,-0.9,0.9,2.7,-3.8,-9.4,-11.3,2.4,1.0,0.3,8.4,-3.5,0.7,-0.3,5.8,-4.8,2.2,2.4,4.8,-6.1,-2.1,-8.1,-2.2,5.0,3.2,1.3,2.4,4.6,0.4,8.7,-10.7,12.0,7.1,1.3,5.6,2.1,-1.2,1.6,4.2,3.1,-1.4,-0.4,4.7,3.2,3.0,8.2,6.4,-6.3,2.6,-7.8,11.9,6.0,4.4,-0.5,1.7,3.3,2.4,9.2,8.5,2.6,2.3,7.4,6.5,-13.6,5.8,4.3,12.4,0.4,0.6,0.6,-2.2,7.5,3.9,-5.2,7.0,-1.2,9.2,8.0,-8.5,-2.8,0.4,-3.0,-14.2,6.2,6.7,2.1,3.7,0.9,1.4,1.2,1.7,-1.2,1.5,-0.2,5.5,13.7,-3.8,4.1,-2.9,8.7,1.2,-21.5,-0.8,1.1,2.9,-13.9,-14.6,-3.6,3.3,-1.6,-1.2,13.9,-4.4,14.0,-0.8,13.5,1.7,0.9,2.3,0.4,8.7,8.2,6.0,-0.9,-12.1,4.7,-2.9,0.9,3.1,0.0,2.1,-12.7,1.1,4.1,3.0,-0.3,-5.3,2.4,0.9,2.9,0.0,-1.2,-3.4,-1.4,-8.2,2.7,3.0,-5.3,-7.1,-4.4,-7.8,1.8,-0.8,5.8,2.2,0.7,7.2,1.7,-0.3,-3.6,-3.0,-2.5,1.9,4.0,6.5,3.6,3.7,4.2,4.6,6.7,0.0,2.6,2.5,1.9,-0.9,-2.7,0.1,2.5,4.1,6.1,5.4,4.7,5.2,-2.0,7.4,9.2,0.3,3.6,2.7,4.0,6.4,6.5,4.1,4.4,7.2,3.4,8.0,7.6,-0.7,9.9,-3.9,4.5,3.5,5.5,0.2,2.1,11.2,7.0,-5.0,-5.3,3.6,0.8,-0.8,7.5,-6.8,-4.6,-2.5,6.0,5.4,5.2,6.9,-5.7,-3.2,4.5,5.4,4.6,5.2,2.8,-0.2,2.4,-0.7,0.0,-1.5,1.6,-2.2,-0.2,5.6,3.3,4.1,4.2,1.2,7.2,1.4,1.1,2.9,2.4,5.5,2.4,-3.7,-2.8,-3.9,5.5,-3.5,1.2,5.3,-6.1,12.2,3.1,3.6,1.9,4.0,4.9,4.5,11.5,-0.6,1.9,5.8,3.9,-0.6,4.6,4.8,8.2,2.8,-12.2,9.3,-8.1,-1.6,-0.1,1.9,-1.3,-0.3,3.0,-5.4,-3.1,10.3,3.1,-11.7,5.6,4.0,5.4,9.5,13.4,9.5,6.0,-1.4,-2.3,-2.0,-2.2,8.2,-0.3,8.3,12.2,2.6,11.7,5.7,2.8,7.0,0.3,-7.3,-1.8,-3.4,13.4,-7.1,-4.6,14.8,5.3,-0.3,3.7,0.9,4.2,0.2,1.7,-0.5,11.8,13.4,8.4,-7.9,-8.9,-4.7,-9.7,4.8,2.8,-8.7,12.5,-2.4,4.1,10.5,-4.9,2.2,1.9,9.9,2.5,0.3,5.2,0.9,2.1,3.9,11.3,-0.4,5.2,3.3,3.4,11.1,-1.6,2.3,2.2,-6.3,-1.5,-5.4
2018-11-13,-3.9,1.2,9.5,-0.7,-0.0,4.0,5.3,0.4,2.2,-5.5,8.0,-4.2,3.5,0.0,6.7,-4.6,2.4,13.5,4.6,-2.7,5.1,-2.4,4.4,-5.4,-1.0,-6.0,3.9,-2.6,-7.9,-3.9,-0.3,-6.0,3.6,-0.9,-10.5,-11.3,-0.9,-1.5,-2.4,-5.8,-4.7,4.1,-8.3,-4.9,0.1,9.3,4.1,-14.0,1.0,-2.5,-8.6,1.0,-3.4,13.2,-12.3,0.6,-11.4,-3.8,-0.7,-0.6,-7.4,-1.3,4.5,-4.5,-6.0,-4.6,-0.2,2.7,-4.4,-0.9,2.2,4.8,8.7,-2.2,-2.6,4.9,3.7,2.0,-10.7,6.0,-2.6,2.1,3.1,-9.8,0.7,2.5,3.4,-0.8,-7.2,4.5,13.1,10.2,2.0,-0.5,3.7,2.3,-4.1,4.1,5.0,1.6,4.3,0.7,5.5,-3.8,-5.0,-7.0,-0.8,4.6,2.0,3.0,-2.4,4.8,5.6,-2.6,-4.4,5.6,0.1,6.6,-6.2,0.5,1.6,-0.7,-6.5,13.7,7.8,0.9,2.7,3.4,1.7,-0.8,3.8,9.0,-0.9,-0.3,-6.2,4.3,10.8,-2.0,3.4,0.3,1.9,3.3,-3.0,-1.7,0.5,1.6,4.4,3.7,3.8,0.9,-1.7,-13.8,-2.3,-3.6,8.1,6.6,5.4,3.3,-1.7,4.0,1.8,9.8,6.0,5.8,-14.3,7.0,-3.8,-1.2,-10.2,-6.6,-15.0,4.0,2.7,1.4,4.2,-1.9,2.0,0.1,-9.0,-11.3,-3.2,-9.7,-8.1,1.6,1.3,1.5,2.1,8.5,-2.7,-4.0,-3.3,3.6,6.2,-18.2,1.1,-2.0,2.9,6.7,4.2,0.6,-0.1,-6.6,-1.1,3.4,3.8,4.2,-0.3,4.5,-1.1,2.8,-2.5,0.2,-1.5,0.9,0.3,4.1,4.6,3.8,2.3,2.8,4.3,-2.6,0.3,3.9,7.4,-0.5,6.4,-10.6,1.2,0.4,-1.9,-0.9,1.2,-0.6,2.1,-2.8,-0.9,9.2,10.7,-8.4,0.5,-14.1,-1.3,3.5,-1.1,0.9,3.5,16.1,6.9,-7.4,-7.8,6.1,1.7,6.8,5.9,0.8,-2.3,0.0,4.6,2.9,-10.0,7.5,-6.4,-2.7,-0.0,10.4,6.4,9.4,3.6,2.0,4.1,4.6,2.9,3.7,4.5,-8.4,0.4,6.6,2.5,15.3,0.0,-3.6,7.9,7.3,4.8,1.7,1.9,5.5,4.3,1.1,1.7,2.0,7.4,0.5,1.9,0.7,-5.4,6.4,4.7,2.8,7.8,3.3,3.6,11.5,7.4,-5.3,-0.2,1.6,5.2,5.4,4.5,3.5,7.0,-14.9,2.9,18.8,9.0,-2.1,-1.0,-0.8,-1.5,-0.9,-5.3,-5.6,2.2,0.9,-6.2,3.4,3.5,3.9,7.4,3.6,4.9,1.0,3.9,1.6,-2.9,-0.9,-10.4,9.4,3.3,3.8,2.6,5.5,4.3,2.8,3.3,5.1,5.3,-10.3,6.4,-2.8,7.3,-5.4,1.2,8.8,-3.0,-0.3,6.8,3.2,4.7,0.6,-7.0,-2.0,16.7,19.9,3.1,9.4,-4.5,-5.3,-2.0,5.7,1.4,5.0,7.4,2.7,0.4,12.7,-4.7,-12.7,4.7,15.5,3.4,-0.5,1.4,1.0,3.2,1.7,6.1,-1.3,-1.2,2.2,2.5,6.4,-1.0,-2.0,-0.8,1.6,1.3,0.5
2018-11-19,-0.7,0.0,2.1,-1.2,-0.1,2.2,2.7,-2.8,-7.0,-5.7,3.6,-3.1,-0.9,-0.7,3.4,-2.2,2.7,7.8,1.9,-4.2,0.1,3.5,2.4,-0.8,1.2,6.6,-0.9,-1.3,-1.3,-3.4,-3.6,-1.6,7.8,-0.1,-4.2,-0.8,-6.2,-2.0,-2.8,-6.1,-1.9,7.7,1.6,2.3,-2.8,-4.4,-4.5,-4.8,1.3,0.4,-4.5,3.1,-3.9,1.5,3.7,-0.2,3.0,-0.2,2.7,2.9,-4.8,-1.3,-10.6,-2.2,-11.0,1.9,0.7,1.0,-0.1,-2.5,9.4,7.7,7.8,-1.2,1.5,6.0,2.8,-0.5,6.4,4.8,4.1,2.7,4.1,0.1,0.7,2.7,6.0,4.6,-7.6,4.5,8.6,7.8,5.8,-4.6,-6.2,-0.1,-4.6,0.7,0.1,1.1,-2.6,2.9,3.0,-1.5,-4.3,-4.6,4.4,4.0,-1.6,-1.1,-3.3,9.0,7.2,-1.5,-2.0,8.9,-2.1,9.8,1.0,8.7,-0.2,-1.3,-8.2,8.2,5.5,4.5,0.1,2.3,-1.5,0.5,0.3,-2.4,-2.0,0.8,-2.5,1.9,8.2,-1.0,0.1,-2.9,9.5,0.3,-2.8,2.0,3.1,2.8,2.7,-3.7,-6.1,0.5,-0.5,-1.8,14.5,1.1,-3.8,-3.9,2.5,0.9,-3.0,2.8,2.5,10.4,7.5,-2.6,-6.8,9.7,-13.2,-8.7,-1.5,3.7,-2.3,-2.6,2.9,-1.9,1.4,-0.7,0.7,12.3,3.4,-3.3,-0.4,-6.9,1.8,-2.4,-0.8,0.5,-0.4,13.7,-5.8,-6.2,-2.0,2.2,0.1,-2.4,0.6,4.8,5.9,7.2,2.6,0.8,-2.3,-7.0,-1.4,5.1,-0.5,5.3,1.8,4.4,1.5,3.0,0.2,-3.7,-4.4,-0.4,-0.4,5.2,2.2,-0.8,-1.6,1.5,3.7,-2.7,-0.6,1.2,-1.6,0.6,-1.5,-0.3,2.9,2.3,7.2,8.8,2.1,1.8,3.5,5.1,4.4,8.1,10.4,-2.2,1.7,-6.0,1.7,2.6,0.0,-2.1,0.1,6.4,6.9,-6.4,-8.7,7.3,1.6,6.0,2.6,-0.2,-1.2,0.0,3.9,3.0,3.7,9.8,-6.1,-4.7,3.6,6.9,4.5,2.8,1.6,-2.2,4.1,-1.2,-2.3,-3.1,2.1,-3.7,1.1,2.8,0.3,3.3,1.5,-2.0,3.0,-3.1,-0.8,3.1,1.1,6.4,0.0,-4.7,0.7,-2.6,2.4,0.9,0.4,0.1,-7.4,1.0,0.6,3.3,-2.6,-2.1,1.5,0.6,0.9,0.5,0.3,2.5,2.9,1.4,6.5,-0.5,5.7,-5.7,0.1,15.7,0.2,-1.5,-1.1,-1.6,-3.6,-1.9,0.7,-4.4,-0.5,3.8,2.7,-0.7,4.8,4.3,2.9,0.6,1.7,6.1,1.7,-0.9,-1.5,-2.7,-4.8,11.5,-3.3,4.2,9.1,0.4,0.3,3.3,-4.9,4.3,0.7,-8.1,1.4,-2.5,8.9,-7.2,-2.2,9.1,-3.1,-3.3,4.4,0.8,-0.0,-1.4,-3.0,-3.6,11.7,13.6,4.3,9.6,-10.9,-9.3,2.0,4.7,-0.1,-0.3,8.8,0.3,1.0,6.8,-9.7,-4.7,1.8,-4.5,-1.5,0.7,3.2,0.3,0.5,4.1,4.9,2.6,2.0,0.6,3.6,6.3,-3.5,-5.0,3.6,-2.1,0.3,-3.1
2018-11-25,0.6,-0.7,6.0,-1.1,2.2,2.1,4.1,2.9,-2.8,-4.3,7.7,-2.4,-0.6,3.2,-0.5,0.1,5.8,8.6,2.7,-17.3,5.1,3.2,1.3,0.0,3.1,6.2,0.7,-1.4,-5.6,-1.3,0.9,-2.1,13.9,2.0,-5.1,-1.2,-4.7,0.5,-0.8,-1.9,-0.8,7.3,1.1,0.5,-1.5,-6.2,-1.4,-4.0,4.3,0.2,-3.4,1.5,-3.7,3.0,2.2,2.5,2.7,3.0,0.1,3.4,-3.9,-2.1,-8.8,-5.4,4.2,-3.3,2.1,3.5,-1.4,0.2,11.5,3.3,7.9,-0.1,0.8,5.8,1.3,-0.2,0.1,4.6,4.0,6.6,2.8,2.2,1.7,2.3,8.3,0.1,-6.6,4.4,1.9,8.1,6.8,-3.4,-5.6,1.2,-0.5,2.7,11.6,3.8,2.9,4.7,3.0,-0.2,1.2,4.5,-1.4,3.5,1.4,2.4,-1.6,3.6,7.3,-1.2,-2.1,10.9,-2.2,10.9,1.0,6.1,-1.1,-1.3,-3.2,0.6,5.6,7.4,0.3,3.2,0.3,1.9,0.0,-3.4,-2.2,5.6,0.7,3.1,11.9,-4.0,1.7,0.1,10.8,1.0,0.9,-3.5,-0.5,1.1,11.1,-4.8,-6.7,6.3,0.0,0.7,12.4,-3.0,1.1,1.7,4.5,-0.7,-3.9,3.0,-0.4,9.1,8.0,3.4,-8.4,2.2,1.3,-2.0,0.1,1.1,-0.6,-0.5,2.0,-2.7,3.2,-0.4,0.0,0.3,0.6,-0.9,3.0,3.9,2.0,-6.4,-4.2,2.3,0.3,9.8,-4.1,-4.9,0.7,0.8,1.5,-1.5,0.5,-1.0,-3.6,4.0,-0.2,1.6,2.9,-5.9,-0.1,7.1,-0.3,3.6,2.2,5.2,-0.3,0.7,0.8,-4.6,-4.5,0.0,-1.3,-0.2,3.3,-0.6,0.6,-1.8,1.1,2.3,2.3,2.1,-5.0,4.4,-3.7,-1.1,2.0,0.9,1.3,4.0,2.9,3.9,3.3,4.1,5.2,7.2,13.3,-3.6,0.2,-7.4,1.0,5.8,5.4,-0.7,-0.5,5.8,1.1,-5.5,-6.9,5.7,0.1,-3.1,9.3,-3.0,-7.7,-1.8,5.4,-5.4,2.5,3.2,-5.2,-3.3,-0.8,3.5,12.7,-2.0,1.1,-0.7,0.9,1.2,-2.3,-4.3,2.6,-3.4,1.1,5.7,0.8,2.6,1.3,-0.8,6.4,-6.6,4.3,-3.2,0.2,4.1,2.6,-7.6,-5.1,-2.5,-0.5,-1.0,-1.9,2.7,-9.2,4.2,3.1,2.2,2.1,3.2,2.3,-1.9,-0.9,-0.5,-0.5,6.1,3.7,-0.3,3.0,1.2,6.9,4.2,2.1,0.9,1.8,-6.2,-0.7,-2.4,-0.1,-1.2,0.8,-7.0,3.4,4.2,0.2,1.0,5.5,4.6,4.9,2.7,-2.0,-0.6,3.0,1.9,-1.5,-2.1,-4.1,7.1,-2.9,3.7,4.8,4.8,2.7,-3.9,1.8,3.7,0.7,-5.3,1.0,-0.7,9.0,-7.5,-6.6,5.5,0.3,-2.4,0.1,2.8,2.2,1.0,-1.0,-0.8,11.8,12.7,2.8,10.7,-7.5,-6.4,-3.8,2.3,0.4,-6.2,10.9,3.9,4.4,10.6,-5.5,-1.7,2.1,2.9,2.0,-1.1,1.8,0.7,3.9,3.6,6.8,0.3,1.2,2.5,3.1,6.9,-3.8,-4.3,1.2,2.9,-4.4,-3.7
2018-12-01,0.8,2.7,4.6,-1.1,-8.9,2.7,4.2,-2.1,-9.3,-3.1,5.8,-0.4,2.6,-1.8,6.1,-1.0,3.5,6.0,4.4,-3.0,4.3,0.7,3.0,-0.7,0.8,-0.2,-8.1,-2.8,6.9,-5.4,-2.4,-5.0,7.9,-3.4,-3.6,2.7,-4.7,-6.3,-4.1,-3.6,-9.1,4.4,-2.1,1.0,-2.5,-4.9,-6.7,-7.6,-6.2,-4.5,-8.8,-4.5,-4.5,4.6,-10.8,-9.0,4.2,-2.4,0.9,-0.2,-7.8,-8.2,-9.8,-3.0,-3.8,-1.2,1.0,-0.1,-4.5,-7.8,10.1,1.4,1.4,-0.9,0.5,4.5,-1.1,-0.2,-3.7,3.8,3.0,-0.1,0.9,-1.2,0.9,2.8,0.3,1.5,-8.2,5.2,0.9,2.4,3.6,-5.4,-2.7,0.9,-6.0,3.1,1.2,0.7,1.2,2.1,0.3,-1.9,-2.3,-4.2,-1.7,1.6,1.2,1.8,-8.2,5.5,7.2,-1.9,-4.2,3.7,-3.3,5.2,2.1,3.7,0.5,-1.3,-7.3,0.6,1.8,1.7,0.3,2.7,0.6,1.6,0.2,-2.5,-2.5,2.9,-8.0,5.2,6.9,-1.3,0.9,-1.3,2.9,-0.1,-4.4,-2.5,-2.8,-0.4,2.9,-0.9,-2.1,1.4,-0.1,-1.4,9.2,-4.0,2.6,1.0,4.9,-2.8,-4.5,3.4,-4.7,7.6,6.8,7.7,8.7,2.5,-3.5,5.3,-2.1,-1.9,-0.9,-2.3,2.6,-1.3,0.4,-2.2,0.2,1.5,11.4,-9.3,2.1,12.1,2.3,-4.1,1.3,-1.0,-0.5,3.6,-5.2,-5.1,-1.9,2.0,11.7,-5.5,1.0,11.8,-4.9,7.1,1.3,-1.7,-2.1,-8.0,-2.0,1.7,1.1,2.5,2.1,6.1,-0.1,3.9,18.1,19.1,-2.5,0.3,-1.1,-1.0,10.9,0.5,1.2,-0.1,0.7,-3.6,-2.4,-1.4,1.4,0.1,5.9,-0.7,2.1,1.3,-6.1,-10.8,0.6,-0.1,1.3,-12.4,2.0,-0.4,-0.2,-5.2,12.4,-11.7,-0.1,0.0,-0.1,-4.1,-5.4,1.1,-0.3,-4.7,-12.8,8.5,-1.4,5.4,9.4,-2.2,-1.3,-0.7,3.0,2.4,0.2,0.8,-9.1,-3.1,-0.1,9.1,5.3,1.2,0.2,-2.6,-4.0,-3.7,-7.5,-9.0,1.9,-6.3,2.8,-3.0,-3.2,1.4,-0.4,-6.0,4.7,2.9,1.3,3.8,0.6,3.2,2.3,-14.8,-1.9,1.7,-2.3,-5.3,-1.0,-0.9,-6.8,-0.0,2.6,3.5,-6.1,-2.6,-0.6,-0.3,-0.4,-5.0,-2.2,-3.5,3.2,1.4,7.1,2.3,4.2,5.7,0.4,14.6,-0.7,-3.2,-2.3,-0.8,-4.9,-3.5,-5.1,-6.5,-2.4,2.2,-0.4,-0.5,-4.2,4.2,1.0,1.1,2.0,1.2,-3.7,-2.4,-4.8,-2.5,-8.9,5.2,-2.5,3.1,3.3,0.7,3.2,-2.0,-3.8,5.4,1.6,-10.6,0.4,-4.7,6.8,-6.4,-0.7,8.8,-0.7,2.3,4.5,-0.2,3.6,-3.0,-15.9,-2.9,24.0,10.7,2.1,9.6,-11.3,-10.5,-11.5,6.9,0.5,-11.2,8.1,3.7,0.3,7.7,-8.8,-1.6,-0.2,7.5,2.6,-0.7,0.0,-0.9,0.1,-4.6,5.7,-1.1,-0.4,0.9,-0.9,5.1,-3.0,-6.5,2.2,3.9,-5.4,-2.9
2018-12-07,0.7,3.2,7.0,-0.1,2.0,3.7,3.2,-5.9,-8.8,-6.6,10.9,1.5,0.1,2.5,1.7,-3.5,4.8,11.9,4.3,0.5,4.9,2.7,2.6,-3.6,-8.6,-6.2,-1.1,0.8,0.6,-6.1,-3.6,-3.8,-4.2,3.5,-6.1,-1.8,-4.6,9.7,-4.3,-1.8,-6.8,5.2,-6.1,-0.6,-2.0,-3.4,-6.7,-8.2,0.5,0.1,-8.1,-0.6,-3.5,2.0,1.4,4.3,-6.9,-5.9,0.1,1.1,-10.2,-9.0,-12.8,-4.5,-0.9,-3.6,2.9,5.3,-4.3,-2.4,9.1,9.7,5.9,1.7,0.8,6.6,5.5,2.0,-1.6,3.7,2.0,-2.0,1.5,-1.6,0.4,5.6,8.3,1.2,-5.5,5.9,8.3,7.8,4.6,-1.4,-1.1,0.2,-10.0,-3.3,1.4,4.1,-11.5,4.3,0.4,-1.6,0.7,2.0,4.9,3.7,0.1,1.0,-1.5,1.6,7.9,-0.7,-1.5,8.8,-4.1,4.7,-0.1,6.5,-0.3,-0.8,-6.5,5.5,6.2,5.3,0.8,2.6,4.7,0.7,3.4,-3.1,-2.1,1.6,-5.0,1.6,12.9,-3.2,1.6,-2.1,10.1,4.3,0.0,-2.9,-0.7,-1.2,3.6,-0.1,-4.5,5.7,-0.8,-7.2,14.5,-1.7,2.9,1.4,1.4,-1.3,-2.8,4.7,0.6,7.9,5.5,8.8,11.9,6.8,-5.3,-4.7,1.1,3.1,-1.5,2.1,5.5,-0.4,0.8,-0.9,-2.5,-4.3,7.1,6.6,4.3,11.1,1.3,-6.4,0.6,4.6,-0.3,8.8,-2.8,-5.2,-2.9,-3.3,4.5,-1.1,2.0,3.2,2.0,8.2,2.3,-3.4,2.5,-6.6,1.1,2.3,1.5,3.7,-2.4,3.8,1.0,2.5,4.2,-6.2,-3.4,1.0,0.5,1.5,-2.1,-2.4,1.4,2.2,5.4,-4.9,-0.4,0.4,0.9,-0.8,4.1,-0.6,3.5,2.1,-5.7,-3.0,-0.6,2.4,2.5,-0.8,1.4,-1.9,0.8,-0.3,1.5,-2.6,1.7,3.1,6.2,-1.6,-0.0,7.6,3.5,-4.2,-6.4,5.1,-1.0,-10.7,5.2,-2.1,-2.1,2.4,-2.1,3.9,4.6,4.1,-5.6,-2.1,4.5,5.5,6.6,2.2,-0.3,-2.5,0.1,2.0,-1.4,-8.7,3.9,-7.8,-0.7,0.4,-0.1,0.7,2.3,-7.0,2.7,-0.2,4.1,2.3,-0.3,5.1,3.2,9.5,-4.2,-15.3,7.0,2.6,-0.3,1.3,-7.1,3.4,4.0,3.6,5.7,3.0,1.1,0.8,2.5,-4.0,0.4,-2.8,2.7,1.7,7.4,2.5,5.4,6.2,5.0,14.7,7.7,-2.9,-1.8,-0.6,-3.2,-2.1,-7.4,-7.1,0.9,4.1,-1.6,0.6,1.6,5.2,7.5,-8.2,-2.9,-3.4,-11.3,-1.6,-5.0,-1.6,-9.8,7.2,-1.2,2.5,7.7,12.2,-1.7,-11.2,-0.6,3.2,2.4,-8.7,3.2,-1.8,8.9,-5.4,-1.8,10.3,1.2,2.5,2.7,1.9,5.1,3.5,-8.2,-1.6,15.6,11.8,2.9,11.7,5.4,-7.3,-3.4,2.8,5.8,-0.6,8.5,4.7,1.6,6.3,-5.5,-2.8,0.1,15.4,6.7,-1.6,-0.2,0.1,-0.4,0.6,7.5,-1.2,-0.1,-1.0,3.4,8.1,-1.3,-6.4,-1.6,-2.0,3.0,-1.7
2018-12-13,0.2,1.0,2.0,-1.5,-1.3,4.4,3.9,-4.2,-10.1,-5.1,7.5,-1.5,-0.5,2.0,7.3,-6.0,4.4,8.4,2.6,-0.5,-0.4,1.7,1.2,-0.3,2.2,-3.1,-11.1,-1.9,3.3,-5.0,-2.5,-4.6,-3.0,6.3,-3.4,-6.8,-4.4,-3.8,-4.6,-1.5,-9.8,3.6,-2.9,-1.0,-0.8,-2.8,-8.2,-7.2,0.3,-1.0,-3.3,0.7,-4.9,6.4,-3.8,3.2,12.2,-3.6,0.8,0.3,-5.5,-8.1,-9.6,-9.2,-0.4,-3.4,3.5,2.7,-2.9,-4.6,9.5,7.5,7.0,0.1,5.1,2.4,7.3,0.1,0.7,-0.3,4.1,0.2,4.1,7.9,0.7,2.1,6.9,-0.9,-9.2,5.1,13.2,8.0,-0.0,-2.1,-1.4,0.8,-5.8,1.3,2.0,-5.3,-0.6,0.1,3.0,-2.0,-1.1,2.1,4.6,-0.6,0.0,1.0,-0.8,2.5,-2.9,-3.9,-2.6,7.2,-1.3,4.2,0.8,2.3,1.7,-0.3,-7.9,12.1,4.6,2.2,1.0,2.4,4.5,0.1,0.4,-5.3,2.6,6.0,-11.7,0.7,12.1,-1.1,1.5,-2.9,3.1,1.7,7.2,-0.9,0.7,0.1,3.0,3.0,-15.7,-1.7,-1.3,0.9,13.1,-4.6,1.3,3.7,-1.1,-1.2,-3.9,1.7,-0.2,7.0,4.7,3.4,7.5,6.6,5.2,9.2,-4.4,-2.7,-10.9,-0.8,4.3,1.0,-0.0,-0.5,-2.7,-3.5,11.0,-2.1,0.3,12.1,-3.4,-3.7,2.4,2.1,0.2,3.6,-11.1,-4.6,-3.3,9.1,13.8,-3.8,4.4,10.0,4.6,7.9,5.7,-1.3,-0.0,-11.2,-0.2,3.7,1.6,4.8,-2.6,5.3,-0.1,4.4,17.3,18.5,-2.3,1.1,-0.0,7.9,0.7,0.0,-2.7,-0.2,-0.6,-5.0,-2.1,-0.2,0.9,-1.7,1.2,-2.0,3.5,2.3,-2.8,9.2,3.9,3.0,4.0,-9.6,8.1,-2.6,4.1,0.2,9.0,-6.0,-0.9,2.4,2.2,-2.8,-0.5,4.9,13.0,-6.9,-8.1,0.9,0.0,3.8,4.5,-4.8,-2.1,5.1,1.8,1.7,3.1,9.2,-8.0,-3.2,3.3,2.2,-2.0,2.5,3.4,-1.6,-2.9,2.7,2.4,-9.2,3.8,-2.5,-0.0,8.5,-4.6,4.1,2.1,-5.9,2.6,-0.4,3.5,-1.7,-0.4,-2.7,0.2,11.0,0.1,0.7,7.7,0.2,-0.2,0.6,-6.8,1.5,-0.2,1.2,6.5,1.9,0.3,5.2,4.6,-1.8,-1.2,1.8,2.2,-1.5,6.0,2.3,8.1,6.4,-1.6,16.7,-3.1,-2.1,-1.7,1.4,-2.5,-1.9,-6.2,-6.5,-0.5,2.1,3.8,0.3,-8.8,3.7,0.9,-1.5,-1.2,13.6,13.8,-2.7,-0.5,-2.1,-10.2,6.9,1.0,4.0,2.8,-7.8,0.4,8.8,0.2,2.4,0.5,-10.4,2.8,-1.2,6.9,-7.8,-3.3,10.1,-1.6,2.2,3.4,-0.8,4.1,3.1,-6.6,-4.7,20.1,16.8,-0.2,7.9,-8.0,-4.5,1.1,1.9,5.7,1.0,3.5,-2.1,0.1,7.7,-3.7,-1.4,0.1,10.2,5.4,0.6,1.3,-1.8,-0.9,-1.4,6.4,-1.4,-0.2,1.0,-2.1,4.7,-1.9,-7.3,-1.2,2.9,-0.2,-1.5
2018-12-19,3.9,2.3,4.0,0.8,-3.7,0.8,4.2,3.2,-4.0,-6.9,10.6,-1.0,2.6,3.2,4.8,-1.2,4.5,13.6,3.8,-1.5,-2.5,2.6,5.0,0.3,0.2,-1.1,-2.2,3.2,-1.1,-1.1,-2.8,-2.5,2.9,1.9,-3.0,-0.5,-6.0,0.4,-0.9,-4.7,-2.6,6.8,-2.5,-0.7,1.0,-1.9,-5.1,-2.0,0.5,0.6,0.1,3.4,-1.5,1.1,1.3,1.1,8.6,4.4,5.9,3.3,-4.0,-3.5,-10.1,-9.3,0.7,2.4,5.0,3.7,-0.4,-1.3,11.2,-12.8,9.0,-1.1,0.1,9.5,1.7,-4.5,-5.0,2.9,3.6,-1.4,3.6,0.4,1.5,4.7,7.7,-0.3,-6.8,6.5,-12.0,8.7,-0.2,-2.1,-3.5,-3.0,-16.2,1.9,5.5,4.9,0.1,7.5,1.0,-2.8,0.2,0.2,0.0,3.7,0.3,4.5,-0.8,6.3,7.9,0.2,-2.6,7.1,-2.3,9.9,2.1,5.9,0.1,-0.4,-5.5,11.8,3.0,0.8,1.0,2.2,2.5,1.4,-2.1,0.3,-2.2,0.2,-2.1,-1.1,11.6,-5.2,3.1,-2.4,3.7,3.1,4.5,0.3,-2.2,-9.4,-6.8,-2.6,-15.9,-0.5,1.2,-2.6,14.2,-4.9,4.5,7.8,-4.3,-0.6,1.3,1.7,0.4,11.7,10.7,8.4,1.3,-2.4,2.2,8.2,-4.5,3.0,-5.5,2.5,6.7,-0.1,0.5,2.4,-1.0,-6.7,7.4,-1.1,1.9,5.6,0.0,2.6,5.2,6.5,-1.1,4.4,4.6,-5.4,-4.6,0.7,5.5,-2.7,3.0,7.3,3.1,-0.6,8.2,-1.2,2.6,-2.6,-0.6,-1.0,-5.0,5.2,-4.7,3.7,0.4,3.1,3.9,-1.7,-0.1,2.5,1.8,7.2,-2.4,-5.8,-1.6,-1.7,2.1,10.2,-2.1,-1.2,5.8,6.7,8.6,-0.7,3.0,2.0,4.4,3.7,-2.5,5.6,5.9,3.0,7.3,13.6,11.1,-2.6,10.7,2.1,1.0,7.7,5.2,-2.6,-1.9,5.3,0.7,-0.6,-6.0,8.1,0.6,-0.4,5.0,-1.3,-3.7,2.4,0.5,-1.3,1.7,3.1,-4.8,-1.9,4.9,3.6,10.2,-13.8,1.9,-2.7,3.3,3.4,0.7,-4.3,2.6,-4.5,-1.5,8.9,0.3,3.1,3.2,-2.0,-0.3,3.0,2.7,3.3,1.8,4.6,2.7,-6.1,-8.7,-4.2,2.3,0.6,0.6,1.0,-4.5,4.9,0.5,1.4,7.8,2.8,2.3,3.2,7.1,-1.4,-0.1,3.4,1.9,3.0,7.7,2.9,4.3,1.0,-1.7,15.0,3.3,-2.3,-0.7,-0.8,-0.8,-0.5,0.2,-2.1,-11.0,1.6,2.2,0.8,1.7,4.0,4.5,-2.8,-1.5,4.9,0.1,-0.5,-2.1,-0.4,-4.8,10.5,-4.1,5.9,7.2,6.6,-0.5,-0.7,0.1,7.5,3.7,-8.8,2.0,-1.2,11.1,-8.9,-0.2,4.9,0.7,1.4,3.7,-0.6,4.1,-0.7,0.2,-1.9,16.3,18.2,4.0,5.9,-5.5,-0.9,5.6,4.9,5.4,3.6,10.8,1.0,3.8,9.4,-8.0,-3.0,0.0,9.5,8.2,4.0,-0.5,-1.3,1.0,0.8,8.4,-1.8,1.6,0.7,3.0,9.4,-2.5,-7.8,0.6,-0.2,0.7,-2.9
2018-12-25,3.5,-0.8,10.8,0.8,-1.9,2.5,4.2,-2.6,-9.0,-6.2,7.9,-4.7,1.6,0.5,5.9,-3.5,5.2,7.4,3.2,-2.9,0.2,0.5,4.7,-3.7,-0.4,-1.4,-6.2,-5.0,-2.0,-3.5,-3.9,-2.9,5.1,1.2,-7.5,-3.8,-10.3,-5.2,-2.2,0.4,-4.0,3.5,-1.9,0.6,-1.2,-6.4,-14.8,11.5,1.6,-1.6,0.9,-3.0,-4.5,5.2,-2.0,-0.1,-9.1,-2.2,-3.0,4.1,-6.5,-6.9,-8.3,-3.0,5.8,-0.6,2.2,-1.2,-3.4,-7.5,8.5,4.7,1.0,0.5,-6.0,7.7,5.7,0.1,2.6,6.2,-0.0,0.2,4.1,0.4,-0.9,3.0,2.7,0.1,-12.7,3.0,0.8,1.3,1.7,-3.5,3.4,2.1,-5.4,2.2,2.4,-2.0,1.2,3.4,2.2,-2.1,-0.4,0.4,4.9,4.4,-2.2,4.1,4.3,4.2,15.0,-5.6,4.0,2.7,-0.9,4.7,0.6,3.8,3.0,-0.3,-14.0,0.8,0.7,1.4,4.3,0.9,4.4,3.1,-4.7,0.0,-0.7,9.5,-7.8,0.0,8.8,-2.4,2.8,2.5,3.4,4.9,-8.8,2.7,-1.2,-1.3,0.7,1.8,-2.6,-2.4,0.8,3.0,11.7,-4.9,2.3,4.9,10.6,4.4,3.3,1.2,-0.9,3.2,7.1,11.5,-6.6,5.4,9.9,-0.1,-4.7,0.3,-5.7,-2.6,2.4,-3.4,-1.4,0.2,0.1,-5.8,-0.4,-8.7,3.0,1.7,-0.8,-1.7,2.0,-0.2,-5.5,5.5,-0.1,-7.4,-5.8,3.2,7.6,-19.8,2.0,6.5,-3.8,0.4,2.7,1.7,-2.9,-4.4,0.7,3.3,4.3,2.4,-1.5,5.1,0.6,4.0,6.4,-5.3,0.1,2.7,0.6,-1.5,0.7,3.2,3.4,1.5,2.8,-1.7,-0.9,0.6,5.8,2.9,5.5,-0.1,4.1,2.8,-1.7,-3.2,1.2,2.5,3.1,-2.7,-11.2,-1.6,6.0,-8.8,-0.5,-5.8,-2.3,5.3,-1.8,-1.7,1.5,1.5,2.4,-4.5,-6.8,8.3,0.6,8.6,4.1,-5.4,-2.3,4.5,1.1,4.6,0.1,2.1,-5.1,-2.5,1.0,7.6,7.6,1.0,2.7,-1.0,-2.6,1.0,2.3,-2.2,3.5,-1.0,2.8,2.0,-1.4,3.5,1.3,-2.9,1.2,-3.5,-1.8,-2.5,2.4,3.3,3.1,-7.0,3.0,-0.1,4.1,2.1,-0.9,2.0,-4.8,2.4,0.3,4.1,14.9,3.7,1.2,1.9,1.4,-4.4,-1.3,8.8,1.6,-1.6,5.3,-1.7,3.6,3.8,3.6,14.4,3.7,-4.7,-1.3,-0.2,-2.1,-1.2,-5.3,-3.4,-1.8,7.9,-1.6,3.1,-1.8,2.3,6.1,-4.8,-4.0,9.7,-0.7,0.7,-9.8,-2.6,-8.0,14.2,-5.4,2.3,3.3,0.3,-4.8,4.2,-1.7,4.9,3.6,-9.0,-1.9,-1.6,7.4,-7.5,-4.0,8.1,-3.6,-2.0,4.2,-0.4,3.7,2.4,-5.7,-5.9,3.2,10.8,1.0,8.2,-8.0,-4.4,0.3,2.9,4.5,-0.7,6.0,0.4,3.3,9.5,-4.5,1.7,0.9,9.7,5.9,1.8,1.2,-1.8,-0.8,1.7,7.7,-1.0,-0.5,0.9,3.0,8.5,-0.9,-1.4,-0.8,1.8,-2.7,-3.1
2018-12-31,4.5,0.8,0.9,2.8,-4.8,3.6,2.4,-1.1,-6.3,-3.5,7.8,-0.8,-0.8,2.8,1.8,0.8,4.3,11.5,2.2,1.4,-6.7,1.5,4.0,0.3,5.3,-4.1,-8.1,-1.0,0.1,-2.6,-5.7,-2.4,0.9,-6.6,-3.1,-1.8,-6.1,-1.4,-1.4,-2.5,-1.3,9.0,-0.5,1.4,-3.5,-4.1,-5.7,-3.6,2.3,-0.1,-2.4,1.2,-4.7,4.0,2.2,3.2,-5.2,0.1,1.6,3.6,-5.2,4.7,-12.4,-5.0,1.3,-1.8,-1.5,3.4,-2.2,-2.9,9.0,1.3,0.5,3.2,0.7,8.0,1.4,-1.5,-0.4,3.6,3.6,1.6,3.6,-1.4,0.4,1.8,0.4,-3.5,-8.9,2.5,0.1,0.9,1.3,0.5,-1.3,2.2,0.1,1.7,3.8,-0.2,0.4,3.5,4.6,-1.4,-1.9,0.5,2.3,2.6,-0.1,1.3,-1.2,4.0,11.4,-3.3,-3.0,5.5,-2.2,6.7,-1.1,1.5,0.1,-1.2,-9.8,3.2,-1.0,-1.3,-0.5,1.1,3.7,1.0,3.6,-1.4,1.0,7.6,-4.8,0.7,8.3,-1.9,1.1,-2.8,0.1,0.6,-11.7,-2.3,-2.6,1.1,4.5,10.1,-9.4,-4.2,-0.5,2.3,11.3,-3.4,5.3,-4.8,7.2,1.9,-0.7,-0.3,-1.8,10.1,8.3,4.9,-7.7,-11.8,6.0,-2.3,-2.4,-4.8,-3.0,-0.7,1.6,-2.0,3.4,1.1,-1.7,-7.9,10.7,-6.9,7.5,0.2,-2.9,-1.3,0.2,2.0,4.5,-5.1,-0.6,-4.8,-2.9,5.0,7.5,-1.9,1.5,5.2,-0.2,-2.5,3.0,-0.0,0.8,-0.9,1.1,-1.1,-1.8,2.9,1.8,4.6,-2.7,3.5,18.5,18.4,-2.4,-0.3,0.7,4.4,-3.3,-7.2,-5.5,-3.5,-9.8,-9.4,-2.9,-0.4,0.8,-1.1,0.0,1.2,2.3,1.0,13.3,0.7,4.5,5.2,4.5,-0.4,2.2,0.9,5.1,-7.4,10.3,-1.7,-0.9,9.2,-1.1,-4.0,-4.7,2.9,-0.7,-5.6,-5.8,8.9,-2.7,-9.2,3.9,-6.1,-1.5,0.3,-2.4,17.9,1.0,2.0,-6.0,-3.8,3.2,5.3,1.3,3.2,2.1,0.7,0.5,1.2,1.3,-1.6,2.6,-5.3,0.7,-8.0,5.5,2.8,2.2,-5.6,3.2,-4.3,2.6,-3.2,0.7,1.6,2.0,-5.1,1.9,-0.2,6.3,-0.6,-3.2,-0.6,-4.3,2.6,0.6,-0.2,16.8,12.9,0.1,2.7,3.9,-3.6,-1.5,-7.3,2.2,-4.7,2.3,0.2,2.5,2.3,2.9,12.9,-0.1,-6.0,-2.6,-0.8,-3.1,-2.1,-1.8,-3.8,-3.6,-1.4,1.7,-3.3,2.4,3.5,4.7,-5.4,-5.6,6.6,-3.6,-1.7,2.5,-2.0,-6.3,6.6,-4.5,3.4,3.7,1.2,-0.5,3.5,-5.1,3.4,2.2,-9.7,1.1,-1.3,8.3,-7.2,1.4,9.7,-3.8,-5.7,3.2,-1.2,2.6,3.3,-0.3,-2.2,14.9,13.6,2.0,9.7,-5.2,-5.0,0.0,3.2,4.4,-0.3,6.6,-2.4,2.5,8.2,-4.7,-4.2,0.3,9.1,6.1,0.7,0.1,-3.1,-1.6,1.9,7.7,-0.3,-1.5,-0.1,4.0,5.6,-2.9,-1.9,-1.7,0.0,1.7,-3.3
2019-01-06,3.8,2.4,4.5,1.1,4.3,3.1,2.1,0.3,-0.8,-4.5,8.3,-0.8,0.0,3.7,0.8,-0.9,6.5,8.9,3.4,-2.2,-0.7,2.1,4.1,-2.0,1.7,-0.9,-6.9,0.4,-1.1,-0.8,-2.9,-1.0,4.8,0.3,0.6,-2.5,-2.8,-0.4,0.7,1.5,0.1,10.2,-1.7,-0.5,-0.3,-3.7,-1.2,-9.3,5.3,1.8,-1.9,3.1,-5.4,5.6,2.4,7.3,1.9,1.3,1.4,5.9,-5.6,-8.2,-12.3,-3.5,-0.0,-0.2,1.1,3.1,-1.0,4.3,8.9,5.5,1.9,-0.8,0.1,6.7,2.7,-5.0,-1.9,6.2,3.2,0.6,3.6,5.5,1.9,3.8,4.4,3.8,-8.0,5.5,0.4,4.1,3.9,-3.6,-3.9,-0.8,1.7,2.1,4.7,7.3,-0.6,4.5,2.5,-0.6,1.3,4.4,5.0,5.6,0.1,5.2,1.5,6.3,15.0,-1.6,-2.3,5.1,-1.8,6.4,0.4,5.7,-0.5,-1.6,-6.8,-9.5,2.0,2.7,-3.0,1.0,0.7,1.5,1.5,-0.1,1.9,8.6,-4.0,2.5,10.3,-5.7,1.2,-3.7,4.0,1.4,2.4,-1.2,-5.6,-4.7,0.5,5.5,-2.2,-10.6,2.3,3.2,11.7,-7.9,3.8,-3.8,10.1,-1.3,-0.3,3.7,-2.4,9.5,12.6,4.7,-7.9,12.1,3.3,2.5,1.7,1.2,-3.3,0.9,3.2,-1.9,1.6,1.8,-4.6,-6.7,8.6,-0.3,2.9,5.6,-0.1,-1.7,-1.7,-0.1,-2.0,1.0,2.1,-3.4,-3.5,2.7,2.0,0.6,0.7,2.9,1.0,3.1,1.2,0.7,-1.0,-3.0,1.2,3.4,1.9,2.4,5.4,3.1,-2.2,0.5,3.7,-2.9,-0.3,-0.6,-0.3,1.5,-1.5,-4.6,-4.5,-0.7,0.1,-12.7,2.4,0.3,0.7,-0.0,-1.8,-0.8,2.2,0.5,-7.6,3.3,3.4,4.6,1.8,3.6,3.8,5.3,13.0,-9.9,6.5,-1.8,-1.2,4.2,4.6,-1.8,1.0,7.4,1.1,-4.9,-6.3,4.2,-1.6,9.1,3.0,-5.9,-3.0,1.5,0.4,-0.3,3.3,8.2,-8.0,-2.2,3.1,3.8,6.0,0.5,0.3,-3.0,-1.2,-0.2,-0.8,-4.1,2.8,-3.3,1.8,9.8,2.8,1.3,2.2,-4.6,1.7,-3.9,1.6,1.4,0.1,0.7,0.3,-8.6,10.2,-3.6,4.1,0.3,-1.6,1.4,-5.7,-0.5,0.4,0.0,3.3,2.2,0.4,3.1,5.3,-3.3,1.3,4.5,2.3,-8.6,9.9,-2.6,1.6,2.7,-0.8,14.3,1.0,-5.3,-1.5,-0.8,-2.4,-1.6,-1.0,-4.6,-3.6,4.3,-0.5,2.1,9.6,3.2,-0.3,-7.7,-8.7,5.7,-1.9,2.7,-5.3,-1.6,-5.1,8.7,-4.3,6.0,1.6,0.5,2.6,11.0,2.7,5.4,0.4,-7.0,3.2,-2.0,8.5,-9.2,-3.1,8.1,-3.7,-4.5,0.9,-1.2,4.5,0.2,-3.8,-1.7,12.0,7.6,1.3,9.0,-9.9,-6.6,-1.6,2.1,5.7,1.2,1.9,-3.7,2.2,8.0,-7.0,-8.9,0.1,7.5,6.8,0.2,-2.4,-1.8,-1.9,-1.8,6.9,-3.6,-0.0,-0.7,1.4,6.8,-4.5,-0.9,-0.9,0.4,-4.0,-3.5
2019-01-12,7.4,0.6,-4.3,-1.9,-2.3,2.6,2.3,-5.6,-3.1,-4.8,5.9,-4.8,-2.6,-0.7,2.5,-4.6,4.6,8.8,0.8,-4.4,-2.2,0.7,1.5,-3.2,-10.9,-7.9,-10.7,-1.9,-0.2,-5.6,-4.5,-2.9,-2.2,-0.1,1.1,1.2,-8.4,-3.4,-4.5,-0.7,0.6,1.7,1.0,2.1,-2.8,-3.4,-13.7,-7.6,1.1,-1.5,-3.8,-0.4,-1.0,6.4,3.7,2.6,-7.6,-2.9,-0.7,0.4,-7.5,0.5,-16.0,-5.0,-0.3,-4.4,0.7,6.6,-2.3,-10.4,5.4,1.6,0.7,1.1,-3.5,4.6,3.2,0.4,-5.2,3.4,4.5,-0.7,5.0,4.6,1.2,2.9,8.3,4.0,-8.5,3.5,0.7,0.6,1.8,4.0,5.2,1.1,-4.9,2.3,7.1,-4.1,-0.5,3.0,1.8,-3.6,0.6,2.7,7.8,1.1,-0.4,5.1,1.9,9.7,11.4,-4.6,-3.2,10.0,-2.8,6.3,2.1,6.7,1.4,-1.1,-11.3,3.7,-0.3,0.9,0.3,4.0,1.4,1.0,0.4,-3.8,-8.5,3.6,-10.2,1.7,10.8,-0.8,0.3,-2.9,3.4,-0.9,-7.9,-2.2,1.9,2.9,0.8,4.3,-3.9,-6.2,-2.5,-2.1,9.1,-5.2,3.8,-4.4,7.5,0.7,-1.7,-1.4,4.6,12.1,11.3,-1.1,-8.2,10.0,-11.3,-1.4,-1.8,2.9,-11.0,-3.1,-0.3,-6.2,0.8,0.7,-1.5,-4.6,-2.0,-2.7,3.8,2.5,-0.7,0.4,3.9,-0.7,-3.3,-0.6,-4.7,-3.2,-4.6,4.8,11.3,-5.1,7.4,12.9,-2.4,-6.3,3.4,-3.6,-0.0,-8.3,0.4,2.0,8.8,5.1,1.8,5.3,-3.3,3.6,20.1,15.4,-2.2,-3.6,-1.7,-1.8,-4.2,-2.2,-1.0,-1.2,5.5,-8.9,-2.3,-1.7,1.7,-1.6,-4.4,-1.4,1.6,0.1,-11.1,5.0,1.4,3.7,0.7,7.5,6.1,3.7,9.0,-13.3,5.4,-2.6,0.6,2.1,-1.2,-4.2,-0.6,7.6,-1.5,-4.3,-6.9,3.0,-2.7,6.7,1.2,-1.6,-2.6,3.1,-2.6,2.8,3.1,-1.1,-6.9,-4.0,1.1,1.8,5.4,1.9,2.6,-2.0,0.1,-0.1,0.6,-3.0,3.2,-8.3,2.7,-5.9,0.2,0.5,1.9,-6.4,2.6,-2.1,1.2,3.0,1.4,5.8,2.7,-1.6,-0.5,2.0,11.2,-0.4,3.3,1.8,-5.2,4.6,3.2,3.2,5.1,2.0,1.1,0.4,4.4,-4.2,-2.7,6.9,0.5,-1.9,4.5,-0.6,7.5,7.6,0.5,15.4,-0.6,-6.4,-2.5,1.6,-2.8,-2.0,-5.8,-2.9,-6.6,0.7,-2.1,3.6,-2.1,3.7,4.7,-2.1,-4.6,0.4,0.3,-2.7,-6.0,-0.8,-9.2,5.6,-4.8,6.4,4.6,4.1,-2.0,-3.7,-3.9,5.0,4.8,-9.1,0.6,-5.2,8.8,-3.1,-7.1,7.1,2.0,0.2,4.5,-1.3,2.6,2.1,-5.0,-2.5,20.2,19.1,1.0,8.3,-7.3,-2.4,-1.2,2.8,5.7,-1.6,4.8,-5.9,-0.4,11.3,-3.1,0.1,2.3,8.3,9.2,-0.2,-1.1,-2.2,-2.6,-1.2,7.9,-1.7,-1.7,0.1,1.0,7.9,-2.5,-2.0,-3.0,1.4,-1.6,-3.1
2019-01-18,2.7,0.6,1.0,-0.0,3.2,2.5,1.2,-0.2,-0.4,-6.3,5.3,-7.2,0.5,1.3,1.2,-1.4,7.9,5.8,3.8,-2.8,5.8,0.5,2.8,1.9,10.8,-5.6,-6.7,-2.9,-3.5,-3.6,9.3,-3.1,5.0,-1.8,-1.1,-0.6,-6.8,-2.4,-2.2,3.1,0.2,14.1,-0.7,2.2,-1.7,-3.7,-6.5,-6.5,-1.1,-0.1,-3.1,2.7,-0.9,-0.0,3.0,3.9,1.8,0.3,2.0,3.4,-7.1,6.5,-13.0,-2.6,0.5,-1.5,0.7,1.9,-5.9,-0.0,8.6,1.7,3.9,-1.1,-1.4,4.5,0.4,0.0,-4.6,3.3,1.4,3.6,5.4,3.5,-0.5,0.8,3.4,1.4,-8.8,9.2,-0.8,5.3,3.5,-3.2,-5.4,-0.9,-6.8,0.7,10.4,-9.5,-0.3,2.6,1.1,-3.3,3.3,8.2,2.4,1.8,-3.3,6.8,-0.4,3.2,5.4,-2.6,-4.0,4.3,-3.7,2.9,1.9,6.5,0.3,-1.5,-7.4,-10.4,1.5,2.8,-0.7,1.6,0.0,0.8,4.9,-2.4,-3.0,4.3,-5.4,-1.6,12.0,-3.0,1.3,-2.3,2.5,-0.8,3.8,0.6,-2.6,-11.1,0.2,-1.3,-5.1,-6.7,0.2,-1.9,14.0,-3.6,4.0,0.1,-0.5,-0.3,1.0,3.6,0.6,14.4,-12.6,11.0,-4.6,0.5,1.7,-5.0,-1.8,-0.4,-4.3,1.1,1.7,-2.5,0.9,-0.3,-2.3,-4.9,-14.4,6.5,4.4,-1.8,-2.2,-0.6,-1.8,-0.1,-1.7,-4.2,-1.1,-3.1,-2.6,5.3,1.0,-2.3,1.1,3.1,-1.1,-2.5,0.0,1.3,0.1,-1.8,-0.8,3.6,2.6,3.4,6.1,4.9,-2.1,1.8,5.7,-4.7,-1.7,-0.6,-0.4,-1.5,-0.7,-5.0,-6.4,-1.0,1.3,-14.9,2.2,0.1,1.1,2.8,-7.5,0.2,3.2,2.2,6.6,5.0,0.9,5.6,5.2,2.8,7.3,5.2,10.7,-8.6,8.4,-3.5,1.8,5.4,2.5,-2.2,-1.6,3.9,-2.2,-7.0,-8.7,5.2,-0.5,-7.1,4.6,0.1,-1.0,1.5,4.0,2.2,-0.8,6.2,-8.6,-2.5,9.6,5.5,5.2,1.8,2.9,0.1,2.2,1.1,0.8,-1.5,3.5,-2.8,-2.4,3.6,2.5,0.7,2.7,-2.8,3.9,-1.9,3.5,2.5,2.3,2.6,0.8,-3.0,-4.0,1.9,9.0,-2.1,2.0,2.4,-3.8,-0.5,1.1,0.8,2.2,1.2,0.9,2.6,3.0,-1.9,-1.1,-11.2,2.9,2.1,8.0,1.4,7.0,1.6,-1.0,15.8,-0.4,-11.7,-0.7,-0.6,-2.5,-1.1,2.1,-3.8,-2.1,-0.3,-2.5,-1.4,1.2,3.5,1.3,-2.3,3.8,1.4,-1.4,1.5,5.5,-2.1,-3.7,8.2,-4.6,5.5,4.5,-0.5,-0.5,-5.4,2.5,5.4,-1.2,-8.8,4.5,-2.6,10.2,-4.7,1.9,9.4,-0.7,-5.4,-1.5,2.2,3.4,-1.7,-0.6,-2.9,14.3,13.8,3.6,10.4,-9.0,-6.7,-0.1,2.9,3.9,6.1,7.1,-1.0,2.3,9.4,-5.6,-2.0,-0.7,10.7,5.8,0.6,0.1,-1.3,-2.4,0.4,8.8,-1.4,-2.0,-1.5,4.4,6.8,-3.8,-6.9,-0.5,-1.2,-6.3,-2.0
2019-01-24,5.4,2.6,1.2,-3.0,-2.1,2.2,2.6,0.2,-3.6,-4.4,6.7,-5.1,1.6,-1.0,-0.3,-2.2,5.2,7.9,4.5,1.6,-6.2,3.0,3.1,-1.4,-1.5,-1.8,-1.8,-2.5,-1.4,-7.4,-3.7,-2.8,3.7,0.1,-4.9,4.3,-5.4,-2.2,-2.7,-8.8,2.1,3.6,0.7,-4.9,-2.7,-3.2,-4.5,-0.9,0.4,-1.3,-2.5,0.3,-2.7,-9.0,1.1,2.5,0.9,0.7,2.4,4.3,-4.6,1.5,-12.9,1.8,0.7,-5.0,0.4,3.4,-1.5,-3.4,10.2,-0.4,9.2,-0.9,3.8,3.9,1.0,1.0,-3.8,3.2,5.1,0.0,2.1,4.5,1.9,2.1,-0.2,4.8,-8.0,0.6,0.6,8.8,-0.5,-2.2,-0.8,2.0,-5.1,7.0,2.7,0.4,-1.2,2.8,4.3,-2.3,-1.6,-4.6,-2.1,2.6,3.5,1.3,-0.2,9.0,-5.6,-2.6,-0.9,3.0,-4.6,4.7,3.6,9.9,0.5,-0.8,-7.9,3.2,3.1,1.7,2.7,5.5,4.4,4.2,2.3,-0.7,-2.0,7.6,-6.5,-1.5,8.0,-2.8,1.3,-1.3,4.4,-0.3,-2.0,-4.5,0.4,-0.7,-0.2,-3.1,-1.1,1.6,-3.4,1.1,10.0,-6.0,1.7,1.9,3.7,-0.4,-3.9,4.7,-4.1,4.5,0.4,-2.9,-1.8,0.1,1.0,-2.0,-4.5,-3.2,-3.8,-0.0,1.6,-2.5,0.4,-0.1,-1.3,4.3,-4.3,9.7,7.4,-0.9,-2.6,2.1,-0.4,1.5,-4.0,0.6,1.8,0.2,-2.0,5.7,8.6,-4.2,6.7,14.6,-5.2,5.8,1.2,2.5,1.3,3.6,4.2,-1.5,-1.9,3.4,7.4,6.4,-1.9,2.6,-4.5,19.7,1.6,1.9,1.4,4.5,-1.1,-2.9,-4.5,-0.5,1.7,-5.8,-1.6,-1.8,5.9,2.0,-1.5,-8.9,0.9,-0.2,-6.5,1.3,-6.8,2.7,2.5,1.1,3.7,5.0,8.3,-12.4,10.4,2.4,2.1,1.2,0.9,-2.6,3.0,6.4,-1.1,-3.5,-5.5,4.0,0.0,-2.5,6.4,2.8,-0.2,2.1,4.8,13.1,6.6,-10.4,-5.6,-4.1,4.5,5.6,7.0,-13.0,3.1,-1.9,-2.5,1.2,-5.6,-4.6,2.4,-2.4,15.6,-4.7,4.5,-0.0,1.2,-2.3,5.7,-1.3,-1.4,0.6,1.6,-0.8,1.3,-5.9,4.7,5.2,7.6,0.6,-5.4,2.6,-4.8,-0.1,-5.6,6.5,-7.2,-2.9,-0.2,1.4,6.1,1.4,0.3,-2.1,4.3,-2.4,4.7,-1.0,5.0,-0.5,-4.6,14.1,2.2,-3.4,-0.1,-3.6,-1.8,-0.7,2.8,-3.8,-0.9,-0.9,2.8,0.6,5.9,4.4,-5.2,-5.0,-8.0,5.2,-1.0,3.5,-1.0,-1.8,-3.8,10.9,-0.6,6.9,5.4,-1.3,-3.7,1.8,2.0,-11.6,5.6,-4.8,4.4,-1.8,11.0,-5.4,-0.8,8.5,2.4,8.2,8.5,1.1,5.3,-0.3,1.9,-1.1,16.1,16.8,4.6,9.4,-1.9,-4.2,3.1,9.4,2.1,-4.5,6.6,1.1,1.7,13.8,-4.7,2.7,2.9,10.5,7.2,1.4,1.4,2.1,2.0,5.8,10.8,-0.3,1.7,0.9,4.0,6.8,0.9,-10.9,2.7,5.0,-5.7,2.1
2019-01-30,4.6,0.7,1.6,-2.7,-4.2,1.7,0.5,-3.4,-2.6,-5.8,8.1,-4.9,1.0,1.9,1.6,-4.0,-0.7,8.8,4.9,-16.2,-2.3,0.9,1.9,-2.4,-2.5,1.3,-3.0,-1.3,0.1,-5.0,-3.9,-2.0,6.2,2.3,-10.0,1.7,-5.2,-0.1,-1.7,-4.5,-1.4,5.5,2.3,6.4,-2.1,-3.2,-5.8,-4.5,1.5,-1.1,-3.4,1.0,-2.3,-0.8,3.7,1.2,-2.4,-1.9,-4.5,3.4,-6.1,-3.4,-12.1,-1.4,-0.5,-0.6,1.4,1.5,-2.6,-1.6,9.9,7.3,6.2,1.4,3.8,3.7,2.7,-0.7,-6.0,1.2,3.7,-3.2,-0.2,0.7,-0.1,2.4,7.0,2.8,-7.4,6.2,3.9,5.6,1.2,0.5,-2.1,0.4,-5.2,4.5,6.4,0.3,1.7,2.7,-0.0,-2.5,-0.9,-1.7,-5.3,0.8,-0.1,-3.3,2.0,5.0,9.8,-2.3,-1.9,8.6,-5.4,2.9,4.0,7.4,1.0,-1.4,-6.2,3.7,2.7,1.5,0.6,2.7,-1.2,1.2,0.5,-3.2,-0.9,3.7,-3.4,-0.5,8.1,-2.5,0.3,-1.9,3.2,0.3,-5.7,-6.5,-2.6,-3.5,1.4,-2.7,10.8,-1.6,-3.3,-1.7,10.2,-6.2,-2.3,0.1,1.3,-1.5,-4.8,4.4,-3.6,2.0,-7.9,-8.4,-5.8,-0.7,11.7,1.3,-3.7,-0.2,-8.1,0.1,3.3,-2.2,-0.9,-0.5,-3.0,6.9,-10.2,3.1,2.6,-0.1,-2.6,-1.8,-0.8,2.7,-6.0,-0.0,-1.7,-0.9,3.5,4.1,2.9,-5.3,4.3,15.6,-3.1,0.7,0.2,2.1,1.4,-0.2,0.5,3.8,-0.7,2.6,7.8,4.4,-0.4,2.1,-3.6,-3.9,-3.2,1.7,-1.3,1.0,0.1,-0.3,0.3,-1.8,1.6,-11.5,-2.0,1.4,1.1,0.7,0.4,-3.2,2.7,-0.2,0.5,3.1,1.2,2.8,0.7,0.8,7.2,1.2,-1.5,-10.2,11.3,-4.2,2.6,6.6,5.6,-0.5,2.2,5.5,-2.3,-6.0,-8.6,9.5,-1.8,-14.5,5.3,2.5,-3.0,5.1,5.4,5.4,2.3,-6.5,-7.4,-4.1,-0.1,6.0,7.6,2.6,-0.4,0.8,0.2,1.0,3.3,-2.9,2.5,-4.5,-1.3,1.6,-5.4,3.4,0.4,0.1,3.9,-0.6,2.8,1.8,-1.4,0.8,1.9,-5.7,-0.5,1.0,-1.7,-3.2,3.3,2.2,-5.1,-0.2,-2.8,-1.0,-8.7,-2.9,-0.0,2.1,7.2,-0.2,-1.8,-2.9,3.3,-1.3,3.1,-0.4,8.7,6.0,-2.5,15.5,1.6,-5.0,-1.3,1.2,-3.6,-1.8,3.1,-6.1,-1.8,-2.9,2.1,0.4,3.4,5.4,-5.4,-5.4,-9.1,4.3,2.7,2.0,-4.4,-0.9,-3.1,9.6,-6.4,6.6,7.7,-1.7,-5.5,2.8,5.3,8.6,2.0,-8.1,4.9,-3.8,10.5,-5.7,-2.6,6.9,-2.4,-10.2,2.4,0.4,4.5,-2.2,2.1,-4.6,9.8,14.1,3.4,8.4,-9.1,-8.4,-1.1,3.6,5.7,7.5,6.1,3.3,1.6,9.8,-6.2,-0.7,0.4,13.2,7.8,1.4,-0.5,1.2,-1.3,4.9,7.8,-2.0,-1.5,1.0,8.6,7.9,-3.1,-12.0,0.8,5.8,-4.9,-1.0
2019-02-05,-12.0,3.5,7.2,-2.6,-0.2,-1.4,6.0,2.1,-3.2,-5.1,9.7,-8.1,0.7,1.3,4.4,0.4,-7.6,16.8,4.7,3.9,4.8,5.1,1.7,5.4,5.2,-13.8,1.4,1.1,0.5,-5.2,7.4,-3.9,-2.4,2.8,11.0,-16.5,-4.7,-3.0,-1.7,6.3,-6.0,6.9,4.7,8.5,2.1,-1.9,0.7,4.4,5.2,-13.1,-9.2,-2.1,-2.0,8.1,5.4,-4.7,6.0,-13.4,1.4,-4.1,-4.9,-2.0,-11.5,-11.8,4.2,1.0,-0.7,5.9,-1.2,-0.2,8.7,12.4,3.9,0.3,0.5,1.6,-2.1,11.0,-3.3,3.4,2.4,3.9,2.2,2.4,2.0,4.7,7.7,8.1,-0.3,3.4,4.5,6.3,4.2,0.2,5.3,0.9,-3.1,1.8,6.4,5.9,2.1,3.7,3.9,-3.8,0.0,0.7,-17.7,4.3,0.5,5.1,-1.5,7.7,12.8,0.1,-1.3,8.1,2.0,6.3,3.3,11.1,-1.0,1.0,3.9,5.7,2.8,6.4,0.1,4.1,-2.7,4.0,10.2,-4.3,0.5,6.3,-2.9,6.9,12.0,-6.7,2.3,-5.1,3.1,3.9,-0.4,2.8,2.6,8.9,6.4,3.6,6.7,-1.9,-1.4,-0.5,10.6,-7.2,0.6,0.5,10.4,-0.2,3.7,2.2,0.4,11.3,6.3,-13.0,-6.8,10.5,5.7,3.3,0.2,3.1,-3.5,2.2,3.8,-1.3,1.9,3.0,-0.9,-4.0,8.3,1.2,4.9,-11.9,10.7,1.7,0.3,4.2,3.6,7.2,-15.4,-4.7,-1.6,6.9,5.4,-3.2,2.7,7.4,3.3,-2.6,3.7,2.9,1.7,-8.4,8.4,9.5,2.4,4.3,4.1,7.6,2.8,3.0,6.4,1.0,3.8,1.0,1.3,2.0,3.5,4.4,3.8,0.6,3.6,7.4,3.1,4.8,3.7,2.8,3.5,6.2,2.8,3.8,-8.7,5.0,8.9,8.6,5.4,7.5,12.3,-9.6,17.8,-8.9,-7.0,0.1,2.7,-12.0,-15.4,-11.4,-11.2,8.4,-4.1,-1.2,6.8,9.0,0.4,-6.4,5.9,6.1,4.7,1.3,-3.6,4.7,1.7,2.6,3.2,-0.3,-2.6,6.3,9.8,-2.2,3.3,-0.4,5.4,2.3,-0.4,0.9,5.5,-8.5,-0.9,4.4,-2.9,3.2,3.4,7.4,2.7,-0.6,4.4,6.6,5.5,7.2,7.5,-1.2,-13.4,5.4,12.1,3.8,8.6,-1.2,-6.3,5.1,0.5,0.5,-1.6,-1.9,3.4,3.6,11.4,-2.9,2.3,5.8,3.0,-2.5,9.9,9.2,9.7,8.9,-1.0,17.4,6.6,5.1,-7.5,9.0,-4.0,-1.1,-4.7,-4.3,9.9,-0.1,-7.2,12.0,6.7,4.8,-0.6,-4.5,-0.8,6.6,-10.1,-0.1,3.2,-17.0,-5.9,15.2,-2.4,8.9,7.9,-1.5,-2.3,2.3,-4.4,-2.4,9.6,-7.9,12.3,3.2,9.2,-5.8,-4.9,6.9,-5.1,-11.6,12.5,11.5,2.3,7.8,-1.4,-1.3,15.4,18.6,8.6,9.3,-6.3,-7.0,-7.2,9.6,1.8,2.7,12.3,1.4,2.0,10.8,-2.2,-6.8,-2.5,-3.3,5.4,0.3,-1.2,1.4,-2.9,0.7,7.7,-0.9,-1.8,2.1,6.6,14.2,-6.6,-1.6,-8.5,4.2,-10.8,-7.3
2019-02-11,4.2,-0.4,-2.7,-0.1,-3.1,1.7,1.9,-4.7,-5.4,-6.6,5.9,-5.5,0.2,-0.8,4.0,-3.2,3.7,6.6,3.2,-4.7,2.8,2.8,2.3,0.3,-1.6,2.3,-2.9,-0.3,-0.9,-3.2,2.7,-5.7,8.5,1.2,2.3,-0.1,-7.1,-2.1,-2.9,0.9,-4.8,4.9,-1.2,1.2,-1.1,-5.0,-7.2,-7.5,0.2,-2.3,-14.9,-3.3,3.3,-1.2,6.3,-0.5,3.8,0.0,-1.0,2.3,-6.5,-6.0,-16.1,-0.2,2.1,-2.0,0.7,0.8,-4.5,-3.4,6.7,3.3,3.5,1.8,0.3,4.3,1.2,-2.5,0.3,4.1,2.2,-3.1,2.7,1.3,-1.0,0.8,-5.8,0.7,-11.5,4.4,3.2,4.5,-0.9,3.2,-3.2,-0.7,-7.6,0.4,12.4,-2.8,-0.2,2.8,-1.9,-4.0,0.1,1.6,0.1,2.7,-0.1,-2.2,-2.5,2.5,6.7,-0.6,-2.0,-4.1,-13.1,13.7,0.3,9.9,1.1,-2.5,-11.0,4.2,0.7,0.1,-2.3,0.3,0.9,0.1,3.5,-3.7,-3.3,2.5,0.4,-9.7,8.0,-1.8,-0.5,-1.8,2.0,-0.6,-8.4,-6.6,-0.3,-1.1,4.1,-0.5,-12.8,2.9,-3.7,-4.0,10.9,-5.5,-7.5,2.3,1.1,0.8,-5.1,1.9,-0.5,-0.1,0.7,-9.0,-6.2,-0.8,4.8,3.8,6.3,1.0,0.9,0.4,2.8,-2.7,-0.4,-1.0,-1.8,-3.2,-9.5,9.9,0.4,4.0,-1.7,-2.9,0.6,1.0,-4.3,-4.2,1.8,-6.2,-6.4,1.1,0.9,-4.8,3.2,8.8,6.3,0.2,-1.6,0.8,0.3,-1.6,0.0,-11.2,1.6,2.4,1.6,3.9,-1.7,5.7,17.7,17.1,-1.2,0.3,-1.1,-5.4,-2.9,-12.3,7.8,-2.2,1.0,-5.1,-3.1,1.9,3.1,2.0,-13.9,-2.0,2.3,2.1,3.0,-0.8,-3.2,2.3,5.1,-1.9,0.5,5.3,9.2,-3.4,5.8,-5.5,1.8,4.1,-5.0,-3.7,-0.9,3.9,-0.1,-4.8,-5.4,8.4,-0.7,6.9,3.0,-8.9,-1.7,-2.4,1.9,3.4,-1.4,-0.5,-2.7,-5.7,-3.3,8.5,4.0,1.1,1.9,-3.8,3.9,-1.1,2.6,-0.7,1.4,-1.0,1.1,-4.8,-4.0,5.0,0.8,-0.8,3.2,-0.9,-1.6,1.0,1.5,4.4,2.1,-3.1,1.0,-5.3,15.9,-0.2,-2.6,1.0,-6.3,-0.0,-4.2,1.7,-6.6,-3.8,-0.0,-2.0,3.7,-0.6,-6.0,-6.0,3.2,0.6,2.9,3.9,7.2,4.9,2.3,13.8,0.5,-8.7,-2.7,0.6,-4.4,-2.6,-1.2,-5.5,-4.6,-1.5,-1.6,-6.4,-7.0,2.3,-4.8,-5.2,5.0,2.2,-4.1,0.2,6.3,-0.9,-7.1,6.3,-6.7,4.5,-1.3,-0.3,-11.0,-3.0,1.9,3.4,1.2,-11.1,-0.5,-1.2,9.3,-8.0,-9.2,6.5,-1.8,-3.0,3.2,-1.1,2.2,3.8,-4.2,-5.4,13.7,4.2,1.3,7.8,-7.6,-5.8,1.9,2.7,3.4,0.6,8.0,-1.7,0.6,7.0,-7.2,-1.8,-1.2,6.9,5.6,-0.7,-1.6,-2.4,-3.4,0.4,8.2,-2.8,0.6,0.0,4.4,6.9,-4.7,-6.5,-1.3,2.4,-5.1,-2.1
2019-02-17,3.4,-2.3,4.8,-0.9,2.2,2.7,1.8,-0.9,-0.3,-7.8,9.9,1.1,2.8,-0.3,3.7,-3.7,6.8,10.8,5.0,2.7,3.6,6.6,3.8,1.9,2.1,2.8,0.6,-0.2,-7.4,-0.5,-0.4,-3.5,4.6,3.3,-9.1,-1.2,-2.8,-0.2,0.7,-4.3,-2.6,5.4,0.0,5.0,-1.8,-4.6,-6.6,-10.5,1.8,-0.4,-9.0,-0.0,-1.5,-1.1,1.3,2.7,4.1,1.9,-2.4,5.5,-4.4,-0.6,-14.4,7.1,-1.6,3.9,2.1,-2.2,-3.4,1.6,9.3,6.3,3.5,2.3,1.7,1.3,-3.5,0.7,-4.1,5.2,4.7,-0.9,3.4,5.8,0.9,2.2,3.5,2.5,-6.8,6.7,1.4,4.2,3.6,1.8,3.5,0.8,3.3,3.6,3.4,-0.7,1.7,0.3,1.3,-3.0,-0.1,1.4,-0.2,4.2,1.3,-6.0,1.3,13.6,-1.5,-1.1,-4.6,4.8,-19.8,13.9,3.1,9.6,1.0,-1.5,-8.2,2.4,2.2,4.5,2.1,2.6,-2.0,1.7,1.1,6.8,-4.4,-4.6,-3.6,-10.6,9.6,-1.7,2.9,-1.5,4.7,-1.3,-19.2,-11.1,-7.3,-6.5,-1.9,-0.9,-10.0,5.0,6.7,-10.0,12.4,-2.3,3.9,2.3,3.6,0.3,-9.6,1.4,-8.9,-3.6,-6.4,3.9,-0.6,-0.2,1.0,-11.1,-8.2,1.5,-8.6,2.4,1.8,-2.8,0.6,1.5,-1.2,2.6,8.8,3.8,2.2,-2.9,-0.5,-5.0,-0.2,-0.3,2.7,-1.7,0.9,-3.8,-3.3,2.6,2.6,-4.5,1.4,7.4,0.5,4.7,4.5,-2.5,0.3,-1.2,0.0,5.3,3.6,2.4,-0.2,4.5,-1.1,2.6,6.9,-4.9,1.8,0.3,0.2,5.9,-7.0,-7.1,0.8,-1.2,0.1,9.5,1.1,1.0,5.7,1.4,-6.5,0.1,2.5,3.0,-2.5,1.0,2.3,5.2,6.3,1.2,-1.9,4.8,12.6,-0.1,11.3,-4.9,0.2,1.9,0.9,-3.6,-3.8,10.0,1.2,-5.7,-7.2,8.1,-0.9,1.4,5.9,-2.2,-3.4,-0.6,1.2,-1.5,4.7,7.7,-5.4,-4.2,0.2,4.4,7.6,2.3,0.4,-4.5,-0.9,1.5,4.6,-0.4,3.2,-8.6,7.0,3.5,0.3,3.1,1.1,-2.8,3.9,-0.3,0.2,1.1,0.3,1.7,3.4,-1.1,-1.1,-0.2,11.6,0.8,0.5,2.2,-6.5,2.9,2.7,2.3,2.9,3.3,1.3,1.7,11.4,-2.9,4.2,13.0,2.3,-1.6,2.9,2.3,5.0,3.7,0.3,15.7,3.7,-13.1,-1.2,3.0,0.1,-1.0,2.7,-6.7,-0.3,0.7,-3.6,2.6,9.1,6.1,0.6,-4.5,-2.8,3.7,0.4,2.0,5.2,1.6,-3.9,7.3,-1.9,7.0,16.2,1.7,-0.1,-0.3,0.3,2.2,5.0,-9.7,5.6,-2.3,11.7,-9.1,-5.2,6.5,2.4,-10.5,2.0,0.8,4.2,-1.5,2.3,-2.1,13.7,9.1,4.4,8.5,-4.1,-2.6,-4.3,0.7,4.0,4.9,7.2,-3.7,3.7,10.7,-3.5,-3.6,1.8,7.3,5.1,0.3,-0.9,-0.3,-1.9,1.7,8.1,-0.9,0.8,2.1,7.3,13.2,-3.3,-12.2,3.6,10.6,-5.6,-2.6
2019-02-23,0.6,0.2,0.5,-2.4,0.7,1.6,1.7,-2.8,-4.8,-6.0,4.3,-1.9,-0.8,-2.0,0.6,-1.3,8.7,7.5,1.8,2.2,6.3,-1.5,2.8,-1.3,0.0,0.3,-3.8,-2.8,-11.2,-3.3,-4.4,-3.1,4.5,0.2,-1.1,-3.2,-4.6,-2.1,-1.1,-4.4,-0.6,6.3,1.0,5.6,-2.8,-3.4,-2.7,-9.2,0.7,-2.1,7.6,-0.0,-2.5,-6.6,4.4,-0.8,-0.0,-0.3,1.6,1.7,-7.5,-3.8,-15.3,3.9,-5.0,-0.3,0.6,1.3,-1.8,-2.3,7.8,3.8,-0.3,1.1,3.1,3.0,-2.8,0.8,-10.5,2.3,1.2,-1.7,-0.8,-0.1,-0.9,4.0,8.9,0.7,-8.0,4.9,-1.8,-1.5,0.2,-2.2,0.3,0.6,-7.2,7.3,-3.8,-0.9,-0.3,3.1,-0.8,-5.8,-1.7,0.4,-0.1,0.1,1.0,-3.6,1.4,8.6,4.4,-5.5,-3.1,10.8,-16.4,13.8,0.9,3.4,2.0,-2.4,-9.3,-1.3,0.1,2.0,1.1,0.8,1.1,4.7,-0.1,2.7,0.2,-4.4,-4.0,-7.4,9.3,-2.5,-0.1,-1.9,3.4,3.3,-5.7,-9.8,-3.2,-4.2,0.3,-0.7,-3.5,-2.7,6.6,-12.1,8.4,-5.6,5.0,2.6,3.9,-15.2,-8.7,-12.4,-6.7,-3.1,-9.4,14.1,1.0,1.4,4.5,2.2,-3.6,-0.7,-12.0,-2.1,0.5,-3.7,-1.8,-2.4,-12.5,0.4,12.2,-6.8,1.3,-1.9,-1.7,-3.2,0.6,1.7,-9.8,-1.0,4.6,-2.2,-1.2,6.3,10.4,-3.5,0.6,8.0,2.5,10.4,1.0,-1.9,1.7,-0.4,0.9,-5.8,2.7,4.6,2.3,5.5,-0.4,4.3,15.4,3.3,1.8,6.0,-2.6,2.1,-4.9,-9.3,-1.5,-2.6,0.7,-5.8,-5.5,4.0,10.2,1.6,1.7,-2.3,1.3,0.8,5.4,2.0,2.4,0.2,1.0,0.8,5.1,7.0,11.3,-5.0,8.7,-5.3,3.1,1.1,-1.3,-1.7,-0.9,5.2,2.8,-5.5,-7.5,6.8,-1.5,-1.0,5.3,-5.0,0.2,-1.6,0.1,3.6,0.9,-3.4,-5.7,-5.4,0.7,6.9,8.4,-0.1,1.1,-0.0,-2.4,-1.8,5.1,-1.5,2.8,-5.9,-1.6,-3.4,-6.0,4.6,0.7,-4.9,3.7,0.4,-4.3,-0.3,-1.1,-0.0,0.9,-4.1,3.8,-5.2,8.3,-3.0,-2.3,0.3,-6.7,-2.0,-2.5,1.3,-6.0,-4.0,-0.6,1.9,4.1,-4.5,-1.7,-7.3,1.5,-0.1,2.6,-0.0,1.7,3.2,-2.7,12.0,1.2,-9.7,-2.2,-2.7,-4.0,-2.9,1.1,-7.3,-4.2,-3.4,-2.5,-1.0,6.2,9.6,-7.0,-5.0,-5.6,4.1,-1.4,2.3,5.8,-3.3,-5.1,11.6,-5.3,5.4,12.7,-2.4,-11.2,-1.7,3.4,-0.4,-10.2,-11.3,7.0,-4.1,8.3,-7.4,-7.2,6.0,-1.1,-3.5,7.3,-0.3,2.4,-1.5,-5.3,-5.9,8.1,10.1,-1.7,5.8,-9.4,-3.2,-2.7,3.0,3.9,1.5,7.7,0.2,2.0,8.9,-4.5,0.1,0.8,5.3,3.7,2.0,-0.8,-0.9,-4.4,-0.2,6.9,-2.4,1.1,-0.4,2.9,8.0,-3.2,-11.3,3.2,4.2,-5.0,-2.7
2019-03-01,-4.0,1.6,4.9,-1.5,-0.9,4.0,4.0,-4.6,-15.0,-4.3,6.9,-5.4,0.3,-1.0,6.1,-2.4,11.4,7.2,3.1,-1.9,-4.2,2.2,3.6,-0.9,5.7,4.8,-2.0,0.1,-1.1,-2.4,-1.3,-4.2,2.2,13.1,-0.2,-2.5,-6.2,0.3,-2.4,-3.6,-12.1,5.9,-0.8,2.0,-1.9,-4.9,-5.8,-6.1,-6.7,-0.5,-6.3,1.1,-1.2,-9.8,4.4,-12.2,-0.6,-2.5,2.9,1.1,-5.3,0.6,-16.2,-8.6,4.8,-2.4,0.5,0.1,-3.0,-6.3,7.9,3.1,5.4,-0.6,0.6,-2.0,1.9,2.0,-3.4,3.0,5.6,1.4,4.3,-8.4,-0.8,5.3,-6.8,0.3,-10.6,3.1,9.6,5.4,0.5,-2.7,-0.5,1.0,-5.7,2.0,3.5,-0.5,8.1,-1.6,5.6,-4.4,-0.6,2.8,-6.6,2.7,0.8,4.5,-1.7,6.0,1.5,-4.1,-16.9,-4.7,-5.5,6.8,1.8,4.1,2.5,-1.6,-9.6,8.4,1.7,1.6,1.2,2.2,3.4,-0.3,-2.4,6.3,0.4,-5.9,-3.9,-2.6,7.6,-7.1,0.4,-3.3,4.0,3.5,-2.3,-8.1,-1.0,-5.3,-1.3,-12.8,-6.0,7.6,7.3,-12.8,9.6,-6.1,1.3,-2.1,4.3,-5.6,-11.9,7.1,-10.6,-8.7,-9.4,2.4,0.1,-8.3,9.6,1.9,-2.9,-1.0,1.3,-0.7,-0.5,-8.0,-4.1,-0.8,-15.8,-1.8,5.2,-2.6,-1.0,-0.6,-3.9,-11.5,3.6,0.8,-6.5,1.5,-1.6,-6.2,-2.2,2.2,-1.3,-6.0,0.2,-0.9,0.2,-10.3,3.0,-0.0,0.1,-1.3,3.4,-2.2,4.1,10.6,2.6,5.0,-3.1,2.9,13.1,-3.3,-10.0,4.4,-1.6,1.0,-5.0,-3.8,-5.1,-3.9,-6.4,-4.2,-3.5,1.7,11.2,-2.1,-1.1,-1.9,2.5,1.8,5.2,-1.1,1.7,0.7,3.4,-1.5,6.9,7.6,11.7,-5.6,8.0,-5.1,0.4,2.9,-2.7,-2.4,-1.5,6.3,-1.9,-3.9,-4.2,13.6,0.8,5.6,4.8,-5.3,0.9,0.6,2.5,1.8,2.4,9.0,-2.3,-2.2,2.9,11.9,6.8,1.0,0.3,-2.1,-1.1,0.9,-1.5,0.0,2.7,-7.7,-2.1,-8.7,-2.2,5.4,1.7,-3.5,0.9,-2.0,1.4,2.9,-0.4,1.0,-1.5,-1.8,-5.5,0.0,9.1,-2.7,-0.4,-0.0,-6.0,1.5,-1.4,-1.9,-6.6,-0.8,1.5,3.3,6.5,-3.1,-3.2,-6.8,-0.6,-2.8,3.8,2.9,11.7,-3.3,-0.2,13.3,2.0,-2.2,-2.4,-2.2,-3.3,-1.9,-4.1,-6.1,-2.4,-1.0,-0.4,4.8,-2.2,-0.4,-5.1,-5.7,-6.6,5.8,-1.3,0.3,-7.4,-2.9,-7.8,13.1,-6.7,5.7,5.7,-2.3,-3.7,7.9,-0.7,5.0,4.0,-8.0,10.9,-1.0,9.9,-9.7,-14.2,8.1,0.2,-3.6,6.3,0.8,4.6,6.7,-5.0,-5.4,24.3,4.5,-0.3,7.3,-7.2,-5.6,-1.3,6.7,5.7,1.3,5.3,-0.9,1.3,8.2,-5.3,-1.3,-1.5,9.7,7.6,-1.4,-1.0,-0.6,-2.9,-0.4,7.6,-2.3,-0.7,0.7,3.2,7.5,-4.8,-5.8,-0.1,1.2,1.3,-1.7
2019-03-07,1.9,0.4,5.1,-0.9,0.7,3.0,3.3,-0.9,-1.2,-6.1,9.8,-7.8,0.7,1.2,3.9,-4.3,5.6,8.0,2.0,-1.7,6.1,4.4,4.8,2.5,2.7,3.4,-1.0,-1.1,-3.4,-0.6,2.0,-2.1,7.1,2.6,4.9,2.0,-5.2,1.2,-1.3,0.9,-4.4,7.0,-1.8,-0.8,-1.1,-4.2,-7.7,-5.4,-1.0,-1.0,-2.5,1.9,-1.0,2.6,5.1,-2.3,6.4,0.6,-2.1,2.5,-1.6,1.0,-9.9,0.9,-0.3,0.8,0.8,-1.8,-3.3,-4.7,10.4,5.0,5.7,0.4,1.2,5.7,1.8,1.2,-7.4,7.8,2.5,-0.3,1.7,7.0,3.2,1.4,6.9,3.2,-7.5,4.9,3.2,5.1,5.1,-2.3,-1.8,-2.6,-6.3,2.6,5.6,2.0,2.1,1.1,1.8,-2.7,0.9,4.5,-4.9,6.6,-0.8,1.1,1.9,7.7,2.8,2.0,-4.5,9.7,-3.1,9.8,2.0,6.3,2.0,-1.0,-7.9,4.3,1.9,3.0,0.1,1.1,3.7,0.2,2.6,5.7,-5.4,-5.4,-0.7,-0.8,6.1,1.8,1.1,-3.9,5.0,0.2,-1.7,-8.6,-7.1,-7.8,-3.6,-1.6,-4.6,9.0,7.2,-11.4,11.8,-1.2,-1.8,-0.8,3.5,-7.4,-8.2,8.9,-12.1,-7.4,-11.8,10.1,7.3,1.7,-2.8,-3.2,0.3,2.1,-5.8,-1.0,-1.0,-5.5,0.3,-1.4,-10.8,0.3,11.9,2.4,3.2,1.8,-1.4,-3.2,-1.4,-0.9,-9.8,-6.2,-0.9,-2.6,-2.3,8.1,-0.3,-4.6,2.1,13.3,-1.9,-15.2,2.3,-1.8,-0.1,-2.1,-0.2,6.8,-7.3,-0.9,1.8,5.9,0.4,3.5,13.2,17.5,1.6,3.3,1.6,3.5,-3.8,-2.4,-4.4,-4.6,-4.3,-13.1,15.1,-4.8,4.8,2.4,-3.4,-1.4,3.4,2.4,-11.4,2.1,-2.8,3.8,5.1,1.4,2.8,4.2,3.7,-5.0,7.6,-6.8,1.1,-0.2,-3.9,-0.4,-0.9,10.0,-3.0,-4.9,-9.8,4.5,-2.6,-3.3,9.0,1.5,-3.0,2.6,3.8,6.2,5.1,7.5,-7.8,-5.1,2.5,8.5,8.5,0.7,2.8,0.2,2.2,10.2,-0.9,-1.0,2.8,0.3,3.9,15.7,3.3,2.6,1.6,-2.1,5.0,0.6,-4.6,-2.3,0.2,3.0,0.0,-2.3,1.9,4.3,9.9,-1.7,-2.4,3.1,-4.5,2.7,4.5,2.3,9.2,4.5,2.3,2.3,5.8,-1.3,3.9,13.7,1.6,-11.3,-0.2,-0.1,4.0,0.7,0.8,14.1,0.8,-0.3,-1.3,-2.8,-4.7,-1.8,2.8,-4.8,-0.4,2.8,-0.2,-5.3,7.1,-1.7,0.2,-1.5,-1.3,4.8,1.6,0.7,3.8,-3.4,-4.0,4.7,-0.9,3.4,13.5,0.3,-0.3,1.9,2.6,0.6,-1.6,-8.9,2.3,-7.8,9.6,-8.4,-3.8,7.5,-1.8,-10.7,-2.2,1.0,4.6,-9.2,1.5,-3.3,11.3,10.6,2.0,8.2,-10.1,-3.2,-6.2,-3.3,3.7,2.2,7.1,-2.4,2.9,11.4,-4.3,-12.0,1.5,10.7,4.4,0.0,0.0,1.8,-0.6,0.3,8.0,-0.3,5.5,5.8,1.4,7.1,-4.1,-11.5,0.3,3.7,-5.1,-2.9
2019-03-13,2.0,-1.0,1.9,-4.5,-5.2,3.2,3.6,-1.0,7.7,-6.1,18.2,-12.9,0.7,-5.7,2.9,0.4,6.3,15.2,0.0,3.1,3.1,2.9,3.0,3.8,1.1,1.5,-5.1,-0.9,-4.9,0.4,3.0,0.5,4.4,-7.6,2.7,0.7,-5.6,-1.9,0.4,3.2,-8.5,4.1,-8.6,-1.3,-4.2,-5.1,-2.3,-3.0,0.4,-1.6,-2.2,1.7,1.8,4.0,7.2,3.4,2.2,0.3,0.4,0.0,0.8,-14.8,-12.5,11.4,-0.9,-8.8,0.4,0.2,-1.4,1.6,9.6,3.1,5.6,-3.0,4.9,3.5,3.2,3.6,-9.2,2.9,-5.9,-1.3,-0.3,-5.5,4.2,3.1,2.3,0.4,-6.5,5.8,3.0,4.8,-0.9,-5.6,0.8,-0.7,-9.3,1.7,6.9,-0.8,-1.8,2.1,0.5,-3.5,-1.9,0.4,-5.3,2.9,1.4,-0.8,0.6,8.9,3.3,3.1,-4.9,4.1,1.2,9.8,-0.3,8.6,3.3,-1.6,-9.5,7.0,0.1,0.1,0.3,2.1,2.6,1.3,0.9,4.8,-5.6,-3.2,0.1,-10.5,7.4,-0.3,-0.1,-3.0,3.8,1.3,-6.0,-13.5,-1.6,-3.6,4.4,-1.8,-6.7,1.2,6.3,-11.5,11.5,-2.3,-0.3,2.2,2.1,-12.9,-15.2,-14.6,-14.5,-2.2,8.5,-3.4,-2.2,0.2,1.2,-3.4,-1.6,-1.8,-0.3,-0.2,-1.4,-10.7,0.2,4.6,-13.4,-3.0,-3.0,1.7,-0.6,-1.1,-3.3,-0.6,3.1,-0.5,8.7,4.7,4.0,-6.0,-0.9,-8.2,-0.6,-5.7,4.5,15.5,3.0,-14.5,-0.4,-0.6,1.2,-1.0,3.3,6.7,-5.5,1.3,2.7,3.9,-2.5,5.1,14.6,8.3,0.8,2.9,-1.6,-2.4,-1.4,-4.4,-4.1,-2.8,-4.1,-4.7,21.0,-4.1,11.0,1.6,-4.3,-2.7,2.8,3.3,3.8,-0.8,2.5,4.8,7.9,-0.6,4.4,7.3,8.3,-8.2,7.2,-9.2,1.7,4.8,-1.8,-1.5,3.0,9.6,17.7,-7.1,-10.2,6.0,-2.4,4.0,4.4,-1.7,1.6,-1.9,-0.8,-2.3,1.7,-8.9,-9.1,-2.5,8.1,6.3,4.8,2.5,1.5,0.3,1.4,2.8,2.4,-0.9,2.4,-0.6,9.7,0.1,-6.4,4.6,2.5,-4.7,2.3,-1.8,-4.1,1.1,-0.6,2.9,0.5,-3.5,2.4,1.6,8.6,-5.0,0.6,1.2,-7.4,1.0,-0.8,1.2,-0.5,-2.0,1.2,1.7,2.5,-3.2,-1.5,0.9,-0.0,-0.8,1.4,1.4,3.5,1.3,-10.1,14.5,0.6,-2.4,-1.9,-1.2,-3.3,-1.9,2.3,-1.7,-1.6,0.7,3.0,5.3,-1.4,7.6,-3.0,-5.0,17.3,3.8,-1.3,1.6,0.4,-6.1,-4.9,2.4,-1.0,4.3,13.5,4.1,-7.7,2.3,2.5,3.0,-1.9,-10.2,0.6,-6.9,9.3,-6.5,-10.5,4.6,-3.2,-7.4,3.3,-1.2,3.1,7.1,-2.3,-5.2,8.0,10.9,2.4,9.0,-9.4,-5.9,-7.4,0.6,3.4,-2.3,7.3,8.4,0.7,9.9,-5.5,-5.7,-0.7,11.4,4.6,-2.7,-0.1,4.5,-2.1,1.4,7.6,-2.1,-0.3,0.7,3.2,9.3,-4.6,-12.4,-1.9,0.3,1.9,-2.6
2019-03-19,-1.0,-2.1,7.2,-0.2,9.0,1.1,1.8,-0.3,2.2,-10.5,7.1,-2.4,0.8,1.7,3.9,1.4,4.1,7.2,3.4,-1.5,3.4,3.7,2.9,-1.1,1.6,2.1,-8.4,-2.3,-4.6,-2.8,0.7,-2.7,10.8,6.9,1.7,-2.3,-7.2,0.3,-4.7,-1.8,-4.7,6.9,-8.3,-1.6,-4.9,-3.3,-6.3,-7.4,-2.4,0.2,-0.4,-7.3,-0.8,12.1,5.4,-4.8,6.6,0.9,0.5,1.3,-0.5,-2.9,-13.3,-1.7,2.0,3.0,1.9,1.2,-1.7,2.5,9.7,5.9,9.2,-1.1,1.1,4.7,2.0,0.8,-0.8,2.4,2.9,8.8,-6.1,5.2,1.3,2.7,9.6,-4.4,-9.2,4.7,-0.1,7.8,6.6,-2.9,-5.1,-0.2,-2.8,1.3,6.5,1.9,0.2,2.8,-0.5,-2.6,2.6,3.0,1.8,1.2,-1.1,-4.9,-4.2,-1.5,9.4,-0.1,-4.3,9.4,-10.0,8.6,1.9,4.2,-3.8,-3.8,-6.6,3.7,3.7,5.1,-2.7,-0.0,-1.8,-0.7,1.3,3.6,2.9,2.8,-2.8,-8.1,10.1,-3.4,-0.5,-4.0,5.0,0.5,-8.6,-0.5,6.2,6.3,4.5,-2.6,-6.0,1.1,4.3,-3.8,11.2,-5.2,-0.2,-0.3,-6.9,-7.1,-2.3,8.4,-17.5,9.8,4.0,0.3,-1.9,-0.3,5.3,-4.6,-3.4,-1.9,-6.7,0.7,2.8,-5.7,1.3,0.3,-12.6,1.8,5.2,-2.8,-0.4,-2.0,-3.6,-2.2,-2.9,-0.5,-0.1,11.3,-2.4,-4.2,2.3,13.7,6.6,-2.6,1.2,6.2,8.2,-1.0,1.4,-3.1,-2.9,-2.6,0.9,3.6,-0.8,2.9,0.6,7.4,-0.6,1.4,8.2,14.6,0.7,0.4,1.5,4.0,-4.1,-5.2,-2.9,-4.9,2.5,6.0,17.0,-5.3,1.5,-5.5,-7.0,-3.1,0.9,1.7,3.6,-0.1,1.7,1.9,5.1,-1.3,5.9,4.8,7.4,-6.5,5.5,-8.3,2.3,3.7,4.8,-1.1,-2.2,7.0,3.9,-6.9,-10.5,2.3,-2.4,-2.3,4.8,-3.9,-1.6,-1.5,-2.9,8.0,0.4,2.5,-11.1,-6.6,3.9,2.2,7.8,1.0,-0.6,-14.5,0.1,0.7,-1.1,-3.3,2.8,-1.4,1.3,5.2,-1.7,0.4,2.0,-5.1,4.4,1.3,-0.4,-2.8,-0.3,2.8,1.0,-5.2,6.7,-5.3,8.7,-3.7,-3.1,2.7,-8.2,0.2,1.3,1.0,1.5,-0.6,0.2,-0.0,2.6,-5.3,-2.1,-3.4,3.3,-0.1,2.5,1.7,1.9,1.5,-1.4,18.4,1.7,-1.9,-2.5,-7.7,-6.6,-2.8,2.8,-5.5,-0.2,0.6,0.4,-1.4,0.1,4.4,-3.0,-4.4,12.4,1.5,-4.7,0.6,0.4,-10.4,-4.5,7.3,-6.4,3.0,12.3,-0.3,-9.3,-1.2,-0.3,-1.3,-2.6,-8.3,4.4,-3.2,11.0,-7.7,-4.4,3.7,-2.9,-2.1,0.4,-1.4,2.4,2.6,-0.8,-2.0,14.0,16.6,2.4,7.0,-7.7,-7.1,-0.9,1.4,2.6,-5.4,7.4,-3.6,0.8,9.8,-6.8,1.3,-0.5,8.9,3.3,-2.1,-1.6,-0.2,-2.0,-2.8,5.0,-1.9,0.1,0.2,0.8,6.8,-5.4,-12.0,-1.8,0.2,-3.0,-4.8
2019-03-25,-3.3,3.0,-2.1,5.7,-5.6,2.1,3.8,1.4,-5.1,-6.5,11.6,-2.9,3.0,0.6,3.2,1.4,7.1,13.0,2.3,-1.6,11.0,-1.1,2.2,0.7,1.3,1.2,-3.6,-2.5,0.0,-6.0,0.5,-2.6,10.7,3.0,2.7,-1.6,-8.9,-0.9,-5.8,0.7,-10.9,4.9,-6.3,-2.8,-4.0,-6.1,-4.4,-4.8,-5.2,-0.9,-3.8,-5.0,-3.2,-5.0,-4.4,-6.2,4.2,-1.3,-1.0,1.7,-3.9,-1.1,-12.4,-4.5,-1.7,-4.5,-1.4,-0.3,-3.4,-3.2,7.6,-2.3,3.1,-1.7,3.0,0.6,2.3,0.1,-5.5,0.7,1.5,2.6,-0.8,5.2,0.4,0.4,0.5,0.7,-13.5,-0.1,-6.3,7.2,-1.1,-2.7,-1.3,-3.8,-5.0,1.8,-3.8,-1.9,-1.7,1.3,-3.8,1.3,-1.4,-1.4,-5.8,1.4,-2.7,-1.8,3.2,-6.6,5.8,1.2,-3.7,2.9,-5.3,8.5,1.2,3.1,-0.8,-2.2,-9.9,10.6,-3.9,-0.6,-1.6,-0.7,1.1,1.0,-6.3,7.6,3.8,-2.0,0.4,-8.9,5.3,-7.4,-0.3,-0.5,0.2,5.2,-4.9,4.1,-14.7,-5.7,-4.0,3.7,-3.6,-10.3,6.7,-4.7,11.2,-4.4,3.4,3.2,2.4,-12.1,4.4,-14.0,-10.6,-3.1,-4.9,-1.5,12.1,12.1,4.7,-4.1,-2.5,-1.0,-8.9,0.1,-2.6,9.6,2.6,1.6,-12.2,-1.8,2.2,-4.2,-3.8,-3.1,-3.3,-1.6,-2.3,-4.6,5.0,-0.8,7.5,-7.5,-3.1,2.2,4.0,-3.5,0.6,3.6,1.7,9.3,-1.3,-0.0,-4.0,-0.1,3.3,-0.6,-5.5,1.1,-0.3,3.1,-1.6,2.9,13.3,7.7,-2.0,9.2,-3.0,11.6,-3.6,-6.6,-5.8,-1.7,-4.3,4.5,16.9,-10.4,-0.8,16.6,-2.8,-5.3,-0.9,-0.5,-3.1,-4.0,0.0,-2.3,2.0,-4.1,10.7,3.7,0.4,6.2,5.6,-7.4,1.4,4.9,-3.2,-2.6,-3.2,3.5,-0.0,-6.7,-7.0,7.9,-1.8,-0.5,3.7,-4.3,6.2,13.7,-0.7,-3.9,-1.1,0.2,-5.9,-4.9,2.7,5.5,5.4,2.6,0.6,-1.9,-2.7,-2.7,-0.1,-4.2,1.3,-4.5,1.7,-4.8,-7.4,5.3,0.0,-5.0,-1.0,-2.9,-2.0,0.7,-1.1,0.2,-2.5,-5.1,11.2,-3.1,5.6,-5.8,-1.8,-3.8,-1.8,-3.1,-3.3,1.3,-3.6,-4.0,0.2,-0.7,1.7,-4.1,-3.3,-6.5,1.8,1.9,4.5,3.9,-0.6,-3.6,-2.9,10.2,-0.9,-4.9,-4.6,-3.6,-4.2,-3.7,-1.7,-4.3,-1.2,-1.7,-2.2,0.8,-1.1,5.7,-5.1,-9.4,13.5,0.6,-3.7,-4.4,-2.5,-4.3,-7.5,11.2,-1.6,3.1,13.0,1.8,14.3,-5.3,-7.4,2.1,2.8,-11.7,6.3,-2.6,8.2,-9.2,-2.7,4.2,-5.9,-10.1,3.5,-0.6,2.4,2.1,-5.5,-6.2,12.4,9.0,-3.7,5.8,-9.8,-8.1,-1.1,2.7,-0.6,-4.5,6.4,0.6,-0.2,9.5,-6.6,-1.4,-1.5,5.2,-0.4,-3.0,-2.0,-2.1,-3.9,-2.4,8.1,-2.9,-0.8,-0.2,1.1,8.1,-5.3,-12.1,-2.2,0.2,-5.3,-3.7
2019-03-31,-0.8,1.1,6.1,0.4,-9.2,2.8,3.5,0.2,-0.8,-5.0,6.3,-4.7,2.4,0.3,2.2,-3.0,2.6,6.6,3.5,1.4,1.6,5.9,2.3,-1.9,-0.7,2.0,-2.9,-1.3,-5.2,-2.5,1.4,4.3,6.9,2.6,-1.0,-4.7,-2.7,0.2,-3.1,3.1,-2.2,6.5,-12.1,-1.9,-3.5,-4.3,9.0,-1.5,-0.9,-2.0,-5.5,-3.4,-0.1,4.7,-2.0,-4.0,3.7,-1.5,1.4,0.6,-2.2,-1.3,-14.8,-0.7,2.8,-0.6,-2.8,-1.7,-2.4,-0.7,7.4,-0.5,9.6,-0.6,2.4,4.1,0.5,-0.6,-1.9,1.9,1.9,4.6,0.3,0.4,-0.9,-0.8,4.4,6.0,-8.0,2.9,-0.3,3.2,1.7,-2.9,-1.7,-0.7,-2.3,2.3,4.9,3.5,1.7,4.0,-0.4,-2.2,-2.8,0.1,-2.7,2.1,-2.7,0.0,-2.4,-3.8,4.8,-1.0,-7.6,3.7,-5.9,8.9,3.2,2.6,0.4,-2.7,-8.4,1.2,1.8,1.2,-0.9,1.5,-0.7,0.5,1.5,5.9,0.7,-2.1,-0.8,-9.1,6.7,1.1,-1.4,-2.2,4.8,1.4,-1.2,-5.0,-5.7,-2.2,2.8,0.4,-3.9,4.3,6.4,-10.1,8.8,-1.7,-0.6,-2.5,6.6,-9.5,-0.9,-7.5,-7.3,1.2,3.0,0.9,1.1,2.8,0.1,-2.8,-0.5,0.9,-1.7,-5.1,-0.2,-15.5,1.3,3.9,-11.2,0.5,3.6,0.6,1.3,-1.6,-1.6,-0.5,-1.0,-3.4,-13.4,2.0,1.7,-1.9,-2.0,4.3,0.4,4.6,2.6,1.3,0.9,-5.0,0.0,1.4,-5.5,-2.8,1.7,1.0,-3.8,16.0,0.2,1.2,-5.6,4.0,7.1,2.9,-6.9,-4.9,-3.0,-0.9,-5.4,-1.6,-3.0,-4.1,-10.6,-3.0,9.0,11.0,0.5,-4.6,-0.2,-4.0,0.9,1.1,-4.5,-0.5,0.7,1.2,4.9,-1.9,2.9,1.0,3.3,-2.1,0.7,-6.4,2.0,-0.8,2.2,-0.5,-0.0,7.0,2.5,-5.3,-9.7,2.5,-1.9,-0.3,5.2,-4.7,0.9,-5.8,3.8,7.2,0.7,0.0,-6.0,-7.3,5.6,1.9,5.0,2.2,-1.0,-3.7,0.4,0.7,-2.2,-4.0,2.0,-2.0,0.3,0.7,2.8,6.6,1.3,-2.6,4.1,0.7,-3.7,-0.8,-1.0,2.6,-0.1,-6.7,2.4,0.1,6.7,-3.0,0.3,1.6,-7.6,1.2,0.6,0.6,-1.2,1.6,1.8,3.2,7.6,-3.5,0.3,-10.2,2.9,0.2,1.3,1.6,4.2,-2.0,-2.0,15.7,0.2,-4.1,-2.3,-3.5,-6.3,-3.1,2.7,-5.4,-3.9,-0.9,1.5,3.4,5.2,3.0,-2.2,-3.9,-7.2,4.3,-2.3,-2.8,-3.4,-2.1,-4.1,6.7,-5.1,9.5,-0.5,0.9,-7.0,6.7,-3.4,1.2,2.9,-8.7,-0.2,-2.9,8.9,-7.4,-5.8,7.3,10.7,-6.1,0.6,0.1,2.7,-1.6,-6.0,-4.9,10.9,14.2,1.1,7.2,-12.0,-7.3,-5.8,1.2,0.7,-1.6,5.0,1.7,5.8,10.1,-7.9,-7.1,-1.6,9.4,1.5,-2.7,-1.5,0.0,-1.6,-1.8,10.5,-2.4,-0.7,1.5,0.9,12.5,-5.2,-3.2,-2.2,3.1,-2.8,-3.7
2019-04-06,2.1,3.0,5.1,1.0,14.4,2.1,3.0,-0.3,-2.0,-2.4,10.4,-1.9,2.7,1.5,3.5,-0.5,1.1,12.0,2.5,0.3,-1.2,3.4,4.9,0.0,1.6,-1.0,-0.3,-1.6,-0.9,-6.4,-2.7,-1.0,4.0,5.3,-0.0,1.1,-3.4,2.3,-4.9,-5.7,-3.5,6.7,-5.9,6.2,-3.0,-2.2,-2.7,-1.7,2.4,-1.2,-5.8,2.8,-3.3,1.8,-2.4,6.4,-2.2,-0.3,-2.2,3.7,-2.0,-1.3,-15.0,-10.1,-6.7,3.7,-0.9,-6.7,-1.6,5.1,6.8,-11.5,-2.9,1.8,3.7,0.3,2.2,1.5,-12.4,2.3,6.8,4.0,3.0,0.6,-0.7,1.6,-1.0,3.8,-7.7,4.6,-0.6,1.7,6.0,0.5,0.4,-3.4,-1.2,0.8,3.0,3.0,-0.7,2.4,3.1,-3.4,3.6,3.2,-12.3,2.5,0.3,-0.2,0.6,0.1,4.3,-5.2,-2.6,3.3,-6.5,-1.3,3.0,6.9,0.1,-4.3,-8.4,1.2,2.4,2.8,1.4,-1.6,-0.8,2.3,-3.3,-2.1,-5.0,-3.6,-8.2,-4.2,7.3,0.9,-0.3,-2.3,6.7,0.9,0.6,1.1,-4.1,-3.1,-0.4,-3.3,-6.4,9.1,0.0,-10.4,11.7,-3.2,1.3,0.1,7.1,-13.8,-2.5,-6.6,-4.8,2.1,1.3,-2.9,3.0,-0.4,1.8,-3.6,-2.2,1.7,-2.8,-3.1,-2.9,-5.0,0.2,-11.4,-17.0,8.4,-1.3,1.6,-1.2,-2.6,-1.4,-4.6,2.2,-4.5,-5.2,7.4,-10.4,4.3,13.0,1.7,-0.5,-2.0,0.2,-2.6,0.4,9.5,4.8,-2.1,-4.8,-12.0,4.4,-8.5,0.4,1.3,5.7,2.7,-2.9,1.5,5.0,2.4,-10.5,-3.4,-0.2,9.1,-1.0,-5.2,-5.5,-1.9,-0.7,1.2,10.3,8.7,-7.6,-4.3,-5.3,-4.0,1.8,1.3,5.3,3.2,-0.9,3.4,5.9,1.8,3.8,0.8,7.0,-5.7,10.5,-4.4,2.6,0.6,-2.4,-0.6,1.1,4.7,-1.7,-4.5,-11.4,-0.2,0.0,-7.5,4.4,2.3,-3.2,0.4,-4.4,9.6,2.3,3.8,-11.4,-4.4,-1.2,4.6,-0.2,1.2,-4.1,-3.3,-1.9,-2.3,-2.5,-1.2,0.4,-3.6,-1.0,9.1,4.8,2.8,0.9,-3.3,4.4,-4.8,-4.9,-0.5,-4.9,2.1,0.3,-3.5,8.7,-2.1,7.1,-3.2,-2.9,0.8,-7.1,4.9,4.5,3.1,11.6,5.9,3.7,2.8,11.0,-3.4,3.8,5.5,2.0,-1.4,2.0,2.6,6.6,-1.6,1.0,17.2,0.9,-12.3,-3.1,-5.2,-0.7,-2.1,3.4,-13.1,1.0,2.9,-2.3,5.1,6.7,2.4,-0.3,-4.3,13.1,3.0,-1.5,-1.1,0.2,-3.4,-3.4,2.9,-1.8,5.3,3.1,2.4,-6.3,3.3,-5.1,2.2,2.7,-6.9,-0.0,-2.6,9.4,-9.7,-8.4,8.2,-0.9,-1.3,0.5,0.4,1.6,-1.5,-1.9,-2.2,11.9,13.2,0.7,8.1,-4.6,-4.6,-4.5,0.4,1.0,-0.3,9.5,-1.5,1.6,8.6,-7.1,-4.7,-1.5,6.4,3.0,-0.7,-1.1,0.4,-1.3,-2.6,8.0,-2.6,1.7,0.7,0.2,6.5,-3.6,2.3,-1.2,-3.8,-7.6,-5.5
2019-04-12,1.2,-0.5,17.1,2.8,-4.5,1.2,2.4,1.6,-3.8,-3.7,26.9,-3.1,3.7,-0.7,-1.5,2.4,0.3,21.5,2.6,-1.0,1.0,8.1,2.8,-2.6,-0.8,0.4,-4.0,-2.6,-11.2,-2.2,0.1,4.7,6.4,-0.9,-7.6,-5.2,-0.3,0.9,-4.7,11.1,-2.0,5.2,-1.0,-3.5,-2.9,-2.9,-3.1,-2.2,2.5,-2.8,-15.2,-0.3,-4.6,-0.1,-5.2,2.1,-2.2,-0.4,-3.9,0.5,-4.8,-6.1,7.0,-5.1,-4.3,-1.1,1.4,2.4,-4.2,0.7,9.0,-6.3,11.0,0.7,1.3,3.7,1.7,0.5,-8.2,5.7,-0.3,1.4,-0.1,-0.6,-1.7,2.7,5.5,3.6,-7.0,-2.2,-11.9,9.2,-1.9,-4.9,-2.2,-2.4,-5.4,-5.1,-0.7,1.2,-0.1,0.5,0.4,-3.0,1.0,0.6,-4.8,3.3,-1.8,-2.5,1.4,0.8,0.4,-7.9,-8.4,7.6,-7.3,1.1,4.6,6.0,1.7,-2.4,-7.4,-3.6,2.2,0.5,-1.3,-1.4,9.9,-1.6,-1.5,-0.1,-4.5,-4.7,-12.5,-6.2,5.3,-2.5,-3.3,-3.0,4.5,3.0,0.5,-6.5,-8.6,-3.6,1.7,-1.1,-5.4,-1.6,0.1,-12.2,7.6,-5.9,-7.1,-1.0,7.3,-14.1,-4.9,-10.8,-7.1,0.8,6.5,-2.7,-0.5,0.5,1.2,-4.8,-0.8,1.6,-11.4,6.9,3.2,0.8,1.8,-17.0,-15.4,2.1,-3.8,-4.6,2.0,-2.3,-1.4,-2.7,0.9,-3.4,-1.2,-1.9,1.7,8.1,5.4,3.0,2.0,-1.3,3.2,3.5,-2.1,-12.2,2.8,11.9,-1.2,-12.2,-4.3,-2.3,-0.2,0.9,2.6,0.1,1.1,3.9,8.2,3.1,10.9,10.4,-8.2,6.0,-5.0,-5.6,12.4,-1.5,1.6,-1.2,9.7,11.6,10.6,6.2,-2.8,-4.7,-1.5,0.9,2.2,1.2,0.4,-1.3,2.8,-2.2,4.8,0.7,5.9,-13.5,10.2,-7.1,2.7,-0.5,-1.7,1.8,2.7,4.0,-0.3,-6.9,-10.8,1.8,0.2,-0.2,6.0,0.9,9.1,4.1,-8.2,5.4,-0.3,-1.9,-11.7,-6.5,-8.6,-0.3,2.8,3.2,-0.8,3.0,-0.1,-6.4,-2.5,-3.5,1.9,-5.2,-3.6,-0.8,-6.3,1.4,0.1,-2.9,4.4,0.6,-2.8,0.0,-1.6,0.1,-4.1,-5.9,-0.9,-2.3,2.0,-7.0,-0.7,0.9,-5.8,-0.1,-2.4,15.7,-3.7,-4.9,-0.7,-3.1,1.7,-6.4,-0.0,-3.7,1.2,-3.7,1.7,2.2,1.7,-5.5,-1.4,11.4,1.1,-5.2,-3.2,-2.5,-5.0,-3.4,4.9,-6.2,-1.9,6.9,-5.1,-5.0,0.7,3.4,-3.6,-7.7,-9.1,-0.2,-4.9,-1.6,-3.9,-4.6,-4.4,9.2,-3.1,10.3,6.1,11.8,-9.9,-6.7,-3.9,1.1,-3.0,-10.5,2.2,-5.9,9.4,-4.5,-5.2,5.4,-2.7,-6.2,0.7,-3.9,-3.3,-3.2,-3.0,-2.6,13.6,16.7,-2.3,7.2,-4.3,-5.0,-5.0,1.7,-3.2,1.5,8.2,0.6,1.7,9.5,-6.3,-9.4,-5.0,2.0,-0.6,-2.8,-2.4,-0.3,-0.9,2.3,7.4,-2.3,1.2,-0.7,1.1,5.4,-4.2,-4.4,-1.6,-2.2,-10.3,-8.3
2019-04-18,-1.1,12.8,5.1,1.3,-2.8,2.2,3.7,0.9,-2.4,-1.1,7.0,-3.7,3.2,0.6,3.3,2.2,-1.5,10.1,2.0,-1.4,-1.5,9.0,2.0,-0.2,-0.5,-1.4,1.3,2.0,-0.4,-2.8,-2.2,6.0,3.5,-11.4,-5.6,-9.5,-0.2,1.3,-3.8,-3.0,7.5,5.0,0.2,-2.8,-0.7,-2.1,-2.2,1.1,6.4,-2.2,-4.3,7.0,-3.2,3.7,-1.6,3.2,-0.8,2.1,5.8,4.0,-5.4,-2.4,-9.4,-0.8,-5.4,-0.6,0.0,3.3,-1.9,1.4,10.1,-0.7,8.3,-0.6,8.9,-4.2,2.0,5.5,-12.0,2.3,-0.4,3.4,5.3,-6.7,-0.9,2.8,7.7,1.9,-7.9,2.5,1.0,5.4,-2.3,-5.4,0.2,2.0,-3.4,-2.2,1.2,3.1,-1.6,-4.9,-0.5,-7.7,1.5,-3.0,-12.2,1.9,9.1,1.6,-0.9,2.7,12.2,-1.3,-7.2,10.1,-6.9,4.5,5.7,5.6,1.3,-2.3,-8.9,1.6,2.2,0.6,1.1,3.1,9.7,3.5,-2.0,12.3,-1.8,1.0,-6.2,-1.6,7.6,1.9,-4.0,-5.5,3.1,6.8,6.1,-0.9,-5.0,-0.3,0.9,-2.4,-3.6,6.2,11.7,-4.7,11.9,-2.4,12.3,12.3,11.7,-10.2,-2.2,-7.4,-6.7,2.0,-1.0,-4.8,5.9,0.2,-2.9,-3.2,-3.1,1.7,-8.6,4.2,-2.0,-0.4,1.9,-15.7,-12.5,1.9,-1.6,-0.1,4.6,-1.0,-0.1,0.4,0.7,-4.2,-2.9,1.3,7.8,1.9,8.6,1.7,3.1,-0.3,1.5,4.6,14.0,-10.8,0.7,13.1,-5.4,2.3,4.2,-3.3,-10.2,4.4,2.1,0.8,-3.8,2.4,10.5,8.4,-6.3,-2.8,-1.8,4.2,-9.0,-1.4,-4.2,-4.8,3.5,2.9,11.4,-11.7,18.4,7.7,0.5,-1.0,3.4,2.9,1.0,-0.2,-1.4,3.7,5.2,-1.5,4.8,-5.1,14.4,-6.6,10.1,-4.1,5.1,0.5,-3.6,0.4,0.2,6.6,3.6,-6.3,-10.5,3.3,0.0,0.8,12.3,3.9,-12.5,1.7,-9.9,9.3,1.0,0.8,-9.7,-9.4,-1.5,2.7,2.3,3.0,0.1,6.8,1.6,-8.6,-6.7,4.7,3.2,-4.4,5.8,-0.6,7.5,3.1,2.6,-1.4,4.9,1.9,-4.7,-0.5,0.2,1.6,0.9,0.3,13.3,-2.1,7.4,-5.4,-4.1,0.6,-5.4,3.9,5.7,4.6,17.0,8.0,4.4,0.3,14.5,-3.3,2.8,1.8,1.8,4.1,-0.7,-0.1,1.9,-0.4,0.2,17.7,3.5,-9.0,-1.6,-4.9,6.0,0.1,3.6,0.6,-5.3,-0.2,-4.1,2.1,8.1,1.5,0.1,-3.4,-2.9,4.1,-0.7,3.4,4.4,-6.5,-4.4,19.7,5.8,13.1,18.6,4.8,-6.7,13.8,-0.9,-2.3,-6.0,-9.0,8.2,-11.7,12.1,-5.3,-9.8,0.8,0.1,0.3,1.2,1.9,1.4,-8.3,-1.6,-1.7,13.5,13.4,-2.8,9.9,-2.2,2.2,-6.7,1.3,-0.8,6.2,7.4,3.5,0.7,11.6,-1.3,-7.8,-1.0,4.8,0.9,-1.9,-0.7,0.8,0.2,-5.2,9.7,-0.6,2.1,-1.6,2.1,8.2,-5.0,-5.3,-0.5,1.0,-9.0,-7.2
2019-04-24,0.5,11.6,0.5,7.5,-8.8,0.5,2.2,-2.6,1.2,-5.6,9.0,-4.6,1.2,0.8,0.3,1.8,0.4,12.5,-0.5,-3.3,-4.9,5.2,2.6,-2.7,-0.7,-0.7,-5.8,-2.8,-14.1,-3.5,-5.3,0.4,2.4,-3.0,1.2,-2.5,-11.0,3.9,-5.0,-7.2,-2.3,9.2,0.4,1.6,-3.3,-2.3,-8.5,-2.5,2.9,-3.4,-7.5,-0.9,-6.7,2.7,-3.9,4.7,-0.4,-1.2,-2.5,2.8,-8.6,-11.1,-10.8,-5.7,-1.1,-3.1,-2.5,-5.5,-4.2,-2.5,11.1,-3.0,14.6,-1.2,4.2,1.2,-2.6,0.9,-2.7,2.4,-3.7,-2.9,1.2,1.8,-2.8,2.1,7.2,5.0,-10.2,0.5,12.9,13.2,-0.3,18.6,0.7,-2.9,-5.1,11.5,1.1,3.2,-1.0,-0.3,-2.5,-7.9,1.6,-5.2,-5.2,-1.5,3.5,-1.3,-1.2,1.7,2.8,-6.4,-4.1,11.7,-6.9,3.2,3.3,5.8,-1.1,-2.7,-8.3,12.1,15.4,0.5,-0.0,-1.8,-4.9,-2.5,-5.7,-11.7,-3.4,-2.5,-10.1,-3.1,6.1,5.5,-1.8,0.6,14.7,7.3,-2.4,-4.5,-7.0,-4.9,-1.1,-2.3,-4.1,3.0,-10.5,-7.7,10.9,6.0,-3.6,0.6,7.4,-15.6,-5.3,-6.6,-5.4,-0.5,-0.2,-3.3,-2.2,0.4,-7.2,-4.9,-4.7,-2.5,-8.1,2.3,-2.7,-5.8,-3.6,8.4,-12.5,2.9,-5.0,-1.8,0.3,-3.4,-7.6,-3.0,0.2,-4.5,-5.7,-9.0,-3.5,-3.6,8.5,3.8,0.5,-1.2,2.7,-4.1,-0.8,-12.5,2.0,6.2,-4.6,-11.7,-5.3,-1.0,13.5,11.9,3.4,2.5,-4.3,0.4,6.7,5.4,12.5,15.4,-2.8,3.3,-5.0,-3.6,-4.7,-5.0,3.7,-1.0,10.2,-9.9,13.6,8.6,-1.0,-4.9,-1.2,-1.5,2.1,-0.2,-4.1,0.1,0.7,-2.8,5.1,5.0,6.2,-8.4,3.2,-8.9,3.6,0.4,-0.5,1.4,-1.9,7.4,12.2,-7.2,-11.9,5.9,0.0,-0.8,2.4,6.8,2.9,5.5,-0.5,9.8,-0.0,10.1,-16.1,6.4,4.7,5.3,5.6,1.0,0.2,7.6,-1.8,-1.8,-5.4,-0.1,1.1,-4.7,-6.2,5.6,3.7,-3.2,2.4,-3.5,4.5,-1.7,-5.1,-0.2,-1.7,-2.5,-2.3,-2.5,4.8,-8.6,3.3,-3.7,-3.8,0.5,-11.8,-4.7,1.9,12.6,1.4,2.8,3.9,-6.9,14.4,-7.0,1.9,3.3,1.1,-6.5,0.1,5.7,-4.4,-4.3,-2.5,9.8,-0.9,13.9,-3.4,-5.4,-7.7,-3.4,1.3,-4.5,7.3,8.2,-1.3,-2.2,3.4,4.1,-1.1,-4.9,-4.8,3.2,-2.4,-3.6,0.3,-6.4,-6.6,14.1,-10.8,8.6,11.6,-6.9,-7.4,1.6,-6.9,-4.7,-3.7,-11.3,4.9,7.7,9.0,-7.0,-7.8,14.9,-4.0,-2.6,0.6,-3.3,-2.1,7.6,-2.1,-3.7,9.6,10.9,-0.8,11.3,-6.8,-6.0,-6.1,0.4,-1.8,-5.4,5.6,-3.6,-0.9,9.2,-5.0,-3.5,-3.7,3.8,1.3,-0.7,-1.7,-2.6,-2.6,0.2,8.1,-2.6,1.0,-3.0,0.6,7.1,-7.2,-7.0,-1.7,-3.7,4.7,-9.3
2019-04-30,0.4,-6.0,6.2,2.2,-2.0,0.7,2.0,-1.8,-14.9,-3.3,2.6,-3.9,2.0,3.3,0.5,-2.0,2.8,30.4,2.2,-5.5,-9.6,-1.8,1.5,-1.9,2.7,3.5,3.2,-3.6,-5.2,-4.0,-4.5,-11.8,11.8,8.6,-3.1,-5.5,-5.0,0.7,-4.7,-0.2,-10.5,4.1,-3.5,-1.0,0.1,0.2,-0.8,-0.9,-0.2,-3.5,0.6,3.6,-4.1,-7.6,-3.9,-1.2,4.9,-1.6,3.6,1.5,-4.4,-2.6,9.3,-1.8,-0.4,-2.6,-3.9,-1.4,-4.5,-8.5,7.7,-4.3,7.1,3.5,3.5,-2.6,2.1,1.9,-6.1,4.1,-1.7,-1.0,1.7,-5.9,-1.6,0.8,-7.2,-2.5,-10.0,1.0,-11.8,6.3,2.2,-5.5,-8.2,-5.2,-3.8,3.1,0.9,-0.1,-1.8,-1.4,-2.3,-3.6,0.9,2.5,7.5,5.1,-12.7,2.3,-2.1,-1.2,1.7,-11.0,-6.4,20.4,-8.1,4.2,0.5,2.7,0.6,-3.1,-7.6,14.3,3.4,0.8,20.4,25.1,2.9,2.4,-6.9,12.1,-5.0,-5.4,-12.4,-4.7,6.7,-2.3,-3.6,-2.6,5.1,-2.1,2.7,-3.7,-6.9,-5.1,-1.8,-1.6,-6.1,0.8,-9.6,-13.0,10.7,-5.5,-7.2,-3.0,5.9,-14.5,-3.7,-5.7,-7.1,0.5,-1.0,-5.6,-0.8,1.7,-2.0,-6.6,-3.1,-2.0,-9.1,3.5,-2.2,-4.9,-2.1,-8.7,-14.1,-2.8,-5.6,-1.9,2.7,-3.4,-8.0,-1.2,0.4,-4.4,-2.7,2.7,-13.5,-12.0,-7.6,1.6,-0.9,-8.0,0.8,2.8,5.0,-11.6,4.4,-3.3,-3.9,-3.2,-4.9,2.6,-2.5,-0.6,0.3,0.7,-6.4,1.8,9.0,7.3,-11.5,0.3,-2.3,4.2,-10.1,-2.9,-1.0,-3.7,-2.3,6.8,10.8,-12.4,12.7,-0.5,-2.7,-3.6,1.5,2.0,-5.8,1.0,-5.8,2.6,6.4,-0.5,9.7,2.6,-1.1,-6.4,7.6,-9.5,-1.3,3.3,-2.0,1.3,-1.6,5.6,-2.1,0.8,-16.0,1.3,-2.9,-1.2,4.0,6.9,2.5,4.2,-1.1,0.7,1.7,-1.2,-6.5,-7.3,6.6,-2.2,3.2,3.8,-2.3,1.8,1.2,5.7,7.0,-1.1,1.1,-2.6,9.0,13.2,-3.5,3.9,1.0,-6.5,0.3,-9.5,-8.1,-2.7,-2.4,-0.3,1.1,-5.6,-3.7,-2.4,7.0,-4.6,-6.3,-0.2,-7.6,4.8,6.2,4.7,16.8,3.4,1.9,-0.7,5.2,-7.1,0.1,2.3,-0.0,-3.5,0.4,-0.5,3.9,-0.5,1.6,10.0,0.5,-5.1,-3.9,-4.0,-6.0,-3.7,-1.5,-4.3,-2.6,0.2,-6.8,6.0,2.6,0.5,1.1,-12.4,-6.8,4.0,-5.0,-2.3,-2.1,-5.7,-6.1,13.7,-2.0,5.7,11.9,8.3,-10.5,1.6,-5.8,-4.1,-4.0,-10.1,-2.3,-5.1,8.3,-7.4,-3.8,12.0,-6.7,-2.3,-1.7,-1.0,2.2,-1.3,-4.0,-1.8,10.8,15.6,-2.8,10.8,-11.1,-1.5,-10.3,0.2,3.0,-12.6,9.6,8.0,-7.4,8.2,-7.0,-2.1,-4.9,-2.6,-1.2,-0.7,-1.6,2.3,-2.3,-1.3,5.7,-3.1,-1.2,-1.3,1.1,6.6,-4.5,-6.0,-1.3,0.9,-4.6,-4.7
2019-05-06,3.2,-4.1,4.9,5.1,-1.6,4.6,2.6,0.5,0.5,-6.6,6.8,-6.5,5.2,2.5,3.5,-5.0,4.3,21.5,2.4,-5.8,5.9,2.6,5.5,1.5,-0.2,1.9,3.8,-1.4,-2.9,-3.1,2.7,-2.2,4.8,7.0,0.5,0.0,-2.5,3.1,-3.2,7.1,3.7,8.8,1.2,2.7,-0.9,-0.8,6.2,1.4,4.1,-1.8,-1.4,6.8,-1.0,-0.3,-4.5,5.7,0.6,1.6,3.7,-1.3,-0.9,0.2,-6.1,-3.0,-5.0,-0.9,-0.2,-1.8,4.4,-6.3,10.3,-8.0,11.1,-0.7,-1.5,2.7,2.7,1.9,-4.4,3.5,3.9,-2.4,1.8,-3.2,-1.7,-1.0,5.2,0.9,-6.9,10.8,-12.2,9.9,5.8,-0.3,1.3,0.5,0.1,1.4,3.4,3.8,-1.1,1.1,-6.6,2.5,-0.2,0.0,-3.4,5.3,1.6,1.3,-1.2,2.7,3.1,-8.3,-6.7,8.0,-5.8,0.5,-0.9,2.5,-0.1,-2.4,-6.2,13.4,6.2,2.1,1.2,-0.2,-2.8,1.7,-2.0,-14.1,-3.3,-5.4,-9.6,-4.6,8.5,-5.2,-1.8,-2.7,7.6,4.3,1.0,-2.7,-4.2,-1.6,-0.0,-1.9,-12.3,3.3,-16.2,-15.1,11.9,-8.3,-6.0,1.5,7.1,-10.3,-3.1,-6.9,-6.0,2.1,-0.5,-2.9,0.7,-0.3,-0.1,3.2,-2.6,-0.4,-9.6,0.2,-8.6,-4.7,1.4,-9.8,-13.9,1.1,-2.4,5.9,0.9,0.5,-4.7,0.9,3.9,-6.9,-3.5,6.2,-4.0,-10.5,-3.5,-0.8,6.8,0.0,2.9,6.3,11.5,-5.8,5.7,16.2,-4.9,-4.5,-0.5,-2.0,5.5,4.7,6.6,2.2,-0.2,1.6,7.0,11.5,-13.8,-2.6,-1.4,6.9,14.6,-1.5,-0.8,-0.5,4.8,4.8,6.7,-3.2,15.3,-1.5,5.7,-4.0,1.1,0.2,-9.3,-0.8,0.1,1.5,4.1,-3.1,6.5,8.3,10.9,-2.9,13.9,6.5,3.6,0.9,0.8,1.6,3.9,5.8,-2.3,3.5,-6.2,5.9,1.0,-5.8,4.6,8.7,-2.2,-11.8,4.2,4.3,0.5,-2.1,-5.4,-6.5,2.4,3.4,6.8,4.2,-1.6,-3.3,4.2,1.7,-0.1,-5.0,3.2,1.0,4.7,2.0,-0.7,3.0,1.1,-3.3,2.9,-1.2,-4.0,0.6,-1.2,5.4,3.2,-7.9,4.6,-0.1,7.7,0.1,-1.1,1.6,-0.6,-0.3,2.1,3.4,0.0,-1.6,0.5,1.0,-3.5,-3.1,0.4,6.4,2.8,-5.9,1.4,3.6,5.5,2.5,-2.1,17.2,-0.5,-1.1,-2.3,-2.1,-5.7,-2.7,3.5,-2.8,-2.4,2.1,-4.0,1.3,1.6,4.1,-3.7,-5.7,9.5,5.4,-2.0,-3.7,-1.8,-2.4,-4.0,13.5,-5.6,7.3,6.3,1.8,-11.4,0.9,-5.0,2.0,-0.8,-9.8,5.1,-7.6,11.0,-3.4,-5.3,8.4,4.0,-6.5,-2.1,-1.4,1.8,-3.8,-2.7,-3.9,9.7,11.5,-0.9,8.7,-11.0,-7.1,-6.3,1.1,-0.7,-12.3,7.7,-0.5,8.6,12.3,-4.9,1.3,-3.5,2.9,0.1,-0.6,-1.4,0.7,-0.1,1.5,8.5,-3.6,1.4,-1.2,0.4,7.3,-4.7,-0.9,-1.1,-5.1,-7.4,-5.1
2019-05-12,4.2,-0.8,5.3,-0.0,-11.9,4.1,1.7,-4.7,-3.9,-8.9,3.3,-2.7,2.5,-0.6,-2.9,-3.8,1.5,29.4,1.2,-3.6,4.6,-4.3,1.8,0.7,1.0,-2.1,-7.5,0.4,-2.1,-5.6,0.0,-12.2,6.8,-0.8,-1.2,-5.1,-4.1,-7.2,-4.6,-0.6,-5.0,6.8,-4.5,1.5,-4.4,-2.7,-9.2,-0.1,1.6,-2.1,-3.8,-1.2,-1.7,-0.1,-1.1,-0.4,3.5,0.4,-0.5,5.3,-6.4,-7.1,-15.9,-3.5,-0.6,-5.3,-1.5,0.5,-1.5,1.4,8.9,-3.4,-1.7,-5.3,3.2,3.5,-4.9,0.6,-5.4,3.1,-1.0,1.6,3.1,1.8,2.4,3.0,17.1,-2.4,-9.2,5.5,-1.3,-1.2,3.8,-6.8,-1.4,-0.6,-7.2,-3.6,3.0,2.5,-2.8,1.8,6.5,0.4,-0.3,0.7,2.1,2.9,2.0,0.3,0.6,-0.1,0.3,1.7,-11.4,20.0,-6.6,1.5,-2.5,0.4,-0.5,-3.2,-8.6,3.7,-0.5,1.4,-1.2,2.3,1.1,-0.3,-0.7,-3.4,-4.9,-4.2,-0.1,-3.0,10.7,-2.4,-3.0,-0.8,3.6,5.3,-0.7,-6.4,-5.9,-4.2,-1.3,-1.6,4.8,-7.8,-2.4,-12.1,10.1,-5.1,2.2,2.3,7.8,-14.4,-3.1,-6.1,-5.0,1.6,-1.6,0.5,1.7,2.0,-0.6,-3.8,-3.0,-0.7,-14.5,1.9,6.2,-6.1,1.2,-14.6,-14.8,12.2,-0.7,-0.6,1.9,-1.1,0.2,4.5,5.7,1.7,-0.1,-0.1,3.4,6.6,15.1,5.5,6.5,-4.7,-0.1,3.4,-0.8,11.2,7.2,11.7,-0.9,-2.1,-3.8,1.5,-3.0,1.0,-3.5,3.8,-4.9,1.2,8.7,6.0,12.3,2.6,-0.2,6.6,7.0,-3.5,-2.9,-2.8,11.2,-0.0,9.2,-13.1,16.6,7.8,-5.7,-4.3,1.5,0.5,-10.9,-4.3,-1.9,2.1,3.1,-5.1,-1.3,6.4,5.0,-4.8,10.1,9.7,-3.5,-4.7,-4.6,0.8,0.8,8.6,8.5,-9.0,-8.5,6.2,-4.0,-2.0,1.9,-7.5,-8.1,-5.9,-0.2,0.8,4.0,2.0,-4.8,-4.0,7.4,-4.2,-1.8,1.5,0.2,4.4,-0.0,-0.6,1.0,-3.4,2.0,-5.8,2.3,-1.8,4.0,4.8,1.2,-11.8,2.3,6.6,8.2,-4.9,-1.3,3.2,0.0,-3.8,-3.8,1.0,5.7,0.1,-3.2,-0.2,-5.8,3.8,2.3,0.0,-5.9,-0.3,2.8,-0.8,4.7,-15.1,-2.5,-0.4,-1.0,-7.9,17.9,-0.2,2.9,-0.2,0.3,12.5,-1.0,4.8,-4.0,-2.1,-3.5,-2.8,-2.4,-5.9,-2.0,-2.5,0.0,1.5,1.9,-0.1,-2.3,-5.9,-7.3,3.6,-1.7,-1.8,0.1,-3.2,-8.1,9.8,-4.1,7.1,12.5,3.3,-10.6,0.8,-3.6,3.2,0.9,-9.8,-1.9,-1.6,8.3,-8.0,-5.6,7.9,-6.6,-8.5,-1.8,-1.2,2.8,-1.5,-4.3,-5.5,5.0,6.8,-5.0,6.0,-10.3,-6.0,-4.7,-0.8,5.7,-11.5,6.6,-6.2,0.7,9.0,-5.7,-4.4,-2.4,7.6,11.6,-1.0,-1.8,-4.1,-3.6,0.6,7.8,-2.2,-0.9,-2.1,1.0,4.3,-6.8,-6.5,-2.2,-3.4,-2.2,-6.7
2019-05-18,2.0,-2.0,8.0,3.4,-0.6,3.5,4.1,0.4,-1.4,-10.1,19.9,2.3,9.0,2.9,4.9,4.7,4.1,22.2,7.1,-4.7,-0.4,0.6,2.7,1.8,2.7,-0.4,4.9,-3.0,0.0,-4.0,-0.1,-4.1,10.5,4.7,0.6,-2.9,-2.7,1.4,-4.1,11.0,-6.7,6.7,0.7,0.7,-1.6,2.1,1.0,4.5,3.2,-2.8,-5.6,0.9,-0.7,-7.1,-9.1,0.1,0.2,1.0,8.6,2.4,-2.2,-3.8,-16.5,3.6,0.2,-4.3,-0.5,1.4,-4.5,3.9,10.8,-5.9,6.2,10.7,-0.7,2.7,1.6,4.2,-4.5,2.8,3.5,2.6,3.0,-5.4,-0.8,0.8,-1.2,-1.2,-5.7,-12.2,1.6,5.9,12.3,6.8,13.8,11.9,-0.6,-0.9,-0.1,2.9,1.1,-0.3,-6.7,-3.4,2.3,-0.6,-5.4,3.2,-2.1,1.4,-0.1,3.2,3.1,-5.9,-16.0,1.3,-7.5,1.4,4.3,2.1,0.8,-1.1,-1.9,-2.0,4.3,17.7,16.8,14.9,0.8,2.0,-3.7,-10.6,-5.3,-3.5,-8.2,-4.8,9.7,4.2,3.5,1.2,8.1,5.5,4.3,-5.4,-3.6,-1.0,2.0,0.5,-5.7,1.4,2.7,-11.5,11.8,-1.0,8.6,5.3,6.1,-8.0,-3.7,-7.3,-5.2,4.1,1.1,-2.1,3.5,1.9,0.3,-6.7,-4.0,0.2,-12.0,3.3,-3.7,-5.1,1.6,-8.3,-11.4,6.6,-0.4,1.7,0.1,-2.7,-2.7,-0.7,1.8,-2.6,-2.0,8.1,-11.2,1.0,3.6,5.4,7.0,-4.7,1.6,4.2,13.5,-4.1,3.8,11.6,2.6,-14.9,4.0,-0.0,-0.6,2.6,4.7,3.1,-5.0,2.7,9.7,13.0,-10.5,1.5,1.4,4.8,7.5,-1.6,-6.1,0.6,3.6,1.3,12.1,-7.5,-6.9,0.9,0.5,-2.3,2.3,2.7,4.9,1.0,1.2,3.6,5.4,-0.7,7.5,7.3,11.3,-0.6,9.8,3.5,3.8,3.8,1.5,3.7,2.0,5.4,2.6,-2.8,-5.5,7.4,1.7,2.0,4.5,2.5,1.1,4.9,3.9,9.0,6.5,10.1,3.8,-7.2,4.3,5.2,1.6,4.7,1.3,4.8,5.4,2.0,-2.0,-3.0,5.2,-2.0,7.6,8.5,4.5,12.6,3.1,-6.7,4.0,4.2,7.3,0.6,-1.5,5.9,5.0,-6.1,-7.0,4.7,7.3,4.0,-1.6,3.7,5.4,9.5,8.8,8.2,6.1,5.9,6.2,10.4,10.7,-3.1,-0.6,9.9,3.3,1.3,7.8,4.8,7.4,-14.2,4.0,-0.2,2.7,8.9,-1.0,1.5,-2.4,0.2,3.3,2.7,9.2,7.2,-4.9,4.5,2.9,5.3,4.1,-0.2,2.1,8.9,0.6,1.5,6.0,-0.8,-2.5,20.9,-4.4,10.5,11.7,4.1,-2.6,5.2,1.6,1.1,1.9,-6.8,-7.1,-1.6,11.6,-7.2,-1.3,6.5,1.5,-1.1,4.2,1.3,6.5,-0.2,-1.2,-3.4,12.4,16.1,1.1,8.4,-3.8,1.9,0.8,4.3,5.0,-12.7,4.7,1.2,0.4,13.9,-3.1,0.2,-3.6,-8.0,3.3,2.4,-0.9,-1.3,0.2,-3.0,8.9,-2.6,1.8,1.0,-0.4,5.1,-3.9,-1.3,-0.2,2.2,-4.0,-4.3
2019-05-24,8.5,-4.3,2.6,-0.2,-1.9,3.1,2.8,-0.8,0.3,-6.4,14.3,-14.3,0.5,1.1,3.7,-1.1,1.5,18.4,3.2,-1.3,-1.3,7.4,2.6,-11.6,0.2,3.0,-1.4,-1.7,-10.5,-2.0,-0.6,-9.8,-3.6,3.2,-1.8,-3.2,-5.1,1.8,-2.4,2.7,-8.1,7.0,-0.3,9.6,-3.0,-0.1,5.3,9.7,2.6,-1.6,-5.0,0.7,-4.0,6.1,2.3,2.7,3.7,1.1,1.4,1.7,-6.4,-5.3,6.9,-7.1,0.2,-7.3,-1.2,-4.9,-0.3,-5.0,7.7,10.1,4.4,-0.8,3.3,0.8,-0.1,3.2,-2.1,7.8,-7.9,0.5,-0.8,-4.5,-1.7,1.6,1.5,2.8,-9.2,7.1,11.4,5.7,-3.5,-0.3,6.5,2.3,-10.5,-0.9,-1.7,1.3,1.9,-0.2,-0.4,-5.6,2.1,-14.9,-1.4,7.4,8.1,-2.6,2.1,5.9,6.9,-6.4,-8.7,6.8,-7.5,-4.9,7.6,-2.6,0.3,-1.1,-5.7,9.3,2.0,-1.6,8.2,6.6,3.3,0.4,1.3,-5.7,-5.0,-2.4,-6.8,-4.6,7.8,1.2,0.0,-0.3,1.9,2.4,3.5,-15.1,-4.2,-2.8,0.1,-2.6,-4.4,-2.0,-4.3,-11.8,11.5,-1.8,-4.2,5.2,5.2,-9.6,-9.6,-6.9,-5.8,2.5,-1.5,-2.4,0.3,1.1,-9.4,-3.9,-4.8,-1.3,-11.8,2.8,-6.8,-6.6,0.6,-11.4,-12.7,3.4,1.7,0.2,3.7,-1.3,-2.0,1.1,1.8,-8.6,-4.0,-3.1,-5.6,-3.7,-0.2,4.5,-2.4,-17.4,0.4,4.8,13.1,-1.6,3.4,10.6,-11.4,-8.8,3.1,0.3,-0.3,2.6,7.5,-0.0,-9.6,-1.2,8.4,9.4,-11.7,-1.7,-0.7,3.9,10.5,-1.7,-4.3,-0.2,4.2,-1.4,11.6,-9.8,11.1,3.0,-3.3,-5.5,4.2,3.8,3.1,-1.4,-7.6,3.3,5.9,-4.4,2.1,4.1,12.5,-17.1,7.9,1.8,0.6,-3.8,0.0,3.4,2.2,13.5,9.6,0.1,-4.1,2.0,-8.6,-9.5,0.9,0.5,-0.3,-3.1,2.3,2.1,8.5,9.2,-5.2,-7.4,9.2,-2.4,-3.8,2.0,-2.5,7.0,3.8,-2.8,-10.4,-6.5,2.6,-2.2,14.2,8.9,3.3,0.6,2.8,-5.2,1.2,-0.1,-0.4,-4.6,-2.1,0.7,-2.5,-6.7,0.3,3.5,7.7,-1.8,0.1,3.5,5.1,5.1,8.6,8.6,6.0,7.4,4.1,-0.8,12.8,0.2,-1.1,-1.0,-0.0,-1.0,3.3,-1.5,-0.3,-5.4,3.3,13.3,-0.2,0.8,-1.6,-0.8,-2.4,-0.8,3.1,0.1,1.3,0.3,-1.0,4.7,-8.8,0.8,1.8,-0.2,-8.5,4.5,-2.7,-1.2,-1.6,-3.5,-3.4,11.8,3.2,9.0,0.8,3.3,-0.1,4.0,0.1,-0.8,-0.3,-10.3,2.3,-1.1,10.5,-9.9,-6.7,19.6,-0.2,-0.5,2.7,2.7,5.9,0.5,-2.1,-3.3,5.5,8.4,-1.1,12.3,-3.0,2.2,-13.5,3.0,5.6,-10.0,6.9,2.3,10.6,13.8,-0.9,-2.0,-1.2,2.5,3.6,0.4,-2.4,-3.4,1.5,2.7,11.0,-2.3,0.3,0.4,3.0,10.4,-2.7,-1.4,2.3,-4.4,-4.8,-7.3
2019-05-30,1.7,6.5,15.0,4.7,-1.4,1.9,1.0,-3.7,-4.1,-1.1,6.4,-5.3,5.5,-0.6,0.8,-1.3,0.7,22.7,1.1,-7.0,1.1,4.4,2.2,-4.9,0.4,-0.6,-5.1,-3.3,-5.5,-2.6,1.3,0.8,4.9,-2.5,-0.5,-0.9,-8.6,-1.1,-3.7,0.1,-4.4,7.7,-1.7,-3.3,-3.9,-1.6,10.0,-4.6,0.9,-3.4,-2.3,1.8,-0.6,-2.6,-3.9,-0.1,2.5,-0.2,-4.3,5.2,-8.8,-2.0,-10.3,-3.7,-5.2,-8.9,-1.6,-9.6,-6.0,0.3,9.6,-8.6,16.5,1.3,0.9,0.4,-1.8,1.4,-7.0,4.1,-7.7,11.2,13.4,1.3,-5.0,-5.2,8.6,6.4,-7.5,12.2,-12.4,6.8,-1.6,1.2,2.2,8.1,-2.6,4.4,-2.1,3.0,-4.2,-2.9,1.2,-1.6,1.4,-15.2,-8.1,-0.9,3.0,8.3,1.6,7.9,-3.1,-8.3,-7.4,12.9,-10.6,-4.8,10.0,4.9,0.7,-1.7,-6.6,2.3,1.1,-0.9,7.0,9.9,4.4,0.9,0.2,-1.3,-6.0,-5.1,-7.4,-7.5,10.9,1.9,0.2,3.0,3.0,4.2,-4.9,-4.7,-5.7,-2.4,2.0,-2.1,-3.3,13.3,-4.5,-14.5,10.9,-1.6,-1.7,5.1,8.9,-10.9,-2.6,-9.4,-6.2,1.5,0.2,-3.3,-0.7,0.4,12.9,-5.4,-1.8,6.3,-11.2,5.3,-12.3,-7.1,-0.2,-11.1,-11.8,1.7,-2.2,1.0,2.2,-4.0,-1.1,-4.0,7.4,-9.2,-6.3,-3.1,6.4,-9.7,1.0,4.5,1.7,-4.7,-0.7,10.7,5.7,-10.2,8.7,-4.9,14.2,-2.4,1.2,1.5,1.4,3.2,-4.0,2.8,-5.8,0.2,12.1,6.2,13.0,12.9,3.2,8.0,-6.8,-2.0,-2.3,-1.4,0.5,2.8,13.9,-12.7,15.7,3.7,-5.7,-2.3,1.9,2.1,4.0,-2.0,-2.3,3.5,4.6,-5.8,6.9,9.0,16.9,-3.8,10.1,5.3,3.2,1.4,-0.1,2.1,-3.3,12.3,10.2,-14.4,-12.3,1.1,-2.7,-8.0,7.7,3.7,-0.9,3.3,3.0,9.6,4.9,2.9,-11.9,-7.2,2.3,4.7,4.8,11.2,0.2,1.1,3.4,4.3,-6.4,-2.7,3.7,-4.7,8.2,5.3,3.5,10.9,1.5,2.0,1.7,1.4,2.3,4.0,0.3,3.3,0.2,-10.5,-0.4,-2.3,8.3,3.6,-2.0,4.4,-0.4,6.0,9.2,3.9,-2.7,5.7,6.0,6.8,6.4,-0.3,-3.0,-1.0,4.4,-0.2,3.2,1.0,3.6,-1.7,4.8,15.4,2.4,-7.0,-1.5,-3.5,-0.1,-0.5,3.5,-3.0,1.9,-7.9,-0.9,-5.6,-2.1,5.0,3.4,-3.8,-5.8,8.4,-0.2,0.0,1.9,-3.8,-2.5,15.2,-1.4,8.3,17.0,1.7,-6.2,4.2,-2.3,-1.8,-0.9,-8.6,9.9,-5.5,9.0,-9.1,-2.4,2.9,-7.0,-5.7,3.2,1.2,4.3,0.3,5.4,-0.1,10.4,14.8,0.5,6.6,-10.8,3.2,-5.9,2.6,-0.7,-3.4,11.1,-0.8,3.4,10.2,-0.5,2.2,1.4,4.7,-0.4,0.9,-1.0,1.2,-2.7,-0.0,10.2,-2.1,5.3,-4.1,-2.2,5.9,-4.4,0.8,0.6,5.3,-5.7,-6.2
2019-06-05,-8.5,0.7,5.4,-0.0,3.1,7.5,5.4,1.3,-10.2,1.5,11.3,-3.3,4.8,3.7,6.3,-0.3,-2.9,10.9,5.6,-0.7,1.7,4.1,7.1,0.0,3.7,2.8,1.1,-0.9,-1.6,1.3,-0.1,2.0,8.8,3.0,4.0,-2.8,0.5,-2.9,-1.8,1.3,-4.0,7.6,-6.9,0.9,-4.4,-3.1,6.7,1.2,2.5,-3.6,-9.1,2.0,-3.0,2.5,0.8,5.0,4.6,2.4,5.6,4.5,-5.8,-1.9,-12.5,-0.1,2.2,-4.6,-3.3,4.2,-1.3,-1.1,10.0,-3.9,10.2,4.8,3.1,2.7,-0.4,-0.2,-3.1,13.1,0.2,-0.4,6.1,-2.0,-4.1,2.1,6.5,7.1,-7.3,-9.5,-11.1,9.0,8.9,7.5,12.5,10.4,0.0,-7.8,-4.0,8.4,-0.5,0.2,5.5,-0.4,-6.4,-0.2,-5.9,4.3,-7.0,4.9,-0.2,-6.7,6.8,-5.5,-7.1,10.7,-4.6,2.5,9.8,8.7,-0.4,-1.3,-2.4,-9.2,6.2,7.4,5.1,11.1,8.2,1.0,4.9,-2.1,-5.0,-2.1,-6.5,-4.7,12.7,2.9,1.7,1.2,5.0,-11.2,5.1,1.8,-2.3,-0.5,3.1,-1.6,-0.8,7.4,-2.5,-10.8,13.2,-1.0,1.4,3.2,10.8,-7.7,0.5,-4.5,-4.4,5.2,1.6,0.8,1.9,4.1,2.3,0.6,1.7,-1.2,-7.4,4.0,-7.3,-1.2,4.0,-4.9,-11.2,5.5,2.0,-6.1,1.1,3.5,-0.6,3.5,8.1,-5.2,-1.3,0.5,-3.6,-2.0,0.6,-0.8,3.4,-11.1,4.1,7.5,13.1,-13.0,9.8,17.3,-5.7,0.8,2.2,-0.0,-2.5,3.2,-11.8,4.7,-14.4,2.5,11.2,16.0,9.5,2.4,0.5,7.8,13.8,-1.1,-3.4,-1.2,2.0,-0.4,13.6,-4.2,12.7,3.5,-4.1,0.1,4.3,3.2,2.3,0.4,-4.6,3.6,4.5,-2.1,0.1,6.9,10.4,-14.3,9.2,-2.9,-3.2,-0.9,-9.8,-0.8,-0.4,5.0,6.2,-5.1,-9.0,1.0,-4.9,-14.7,2.3,3.8,-0.4,-3.4,0.5,8.2,2.8,-0.0,-4.2,-4.6,5.8,0.0,-3.4,4.8,0.8,8.0,1.3,-2.0,-4.7,-6.6,1.0,-4.1,3.8,6.3,4.4,6.1,1.7,-9.5,20.2,-9.2,-1.8,-1.1,-1.0,-1.0,-2.3,-7.6,-6.6,-3.8,3.9,0.1,-7.1,2.3,-9.9,4.9,7.5,1.6,7.6,7.5,4.3,3.3,3.4,-3.8,5.3,-2.8,0.6,-8.2,1.5,2.2,-2.6,-3.9,1.5,23.5,1.8,5.9,-3.0,4.3,-1.9,-2.0,0.9,-0.5,1.8,-1.7,-3.0,2.2,6.0,0.5,2.6,-2.0,-2.9,4.9,1.7,1.3,3.0,-1.5,-5.3,-0.7,-2.1,6.0,7.6,3.8,-2.8,3.3,-8.0,-0.7,-2.3,-8.9,-1.8,-0.3,9.6,-12.3,2.9,6.6,-0.9,-2.5,3.0,-3.1,-4.4,2.0,-16.3,-2.3,11.4,11.3,-2.7,7.3,-2.7,-4.1,0.8,2.7,-3.3,-9.6,10.0,-3.2,-4.8,6.0,-6.5,-4.1,-3.8,2.1,-2.0,0.2,-5.4,-4.8,-2.0,-6.6,4.0,-7.7,2.8,-2.4,-5.2,1.1,-4.9,-4.8,-0.6,-3.0,-3.1,-5.2
2019-06-11,-10.5,4.5,5.9,3.3,2.8,4.7,4.4,-2.1,-8.9,-0.3,25.7,-7.2,-1.8,1.7,6.9,4.1,1.6,24.5,-2.5,4.5,3.6,-2.3,-1.0,-1.0,-0.7,0.2,-0.7,-1.6,-0.3,-6.2,0.1,-1.9,3.4,2.1,1.0,-2.4,2.5,-2.1,-6.9,-0.2,-1.9,7.5,-4.0,-0.5,-2.6,-2.9,-0.9,1.0,3.3,-4.5,-6.5,-1.4,-3.6,-1.2,-1.7,3.0,0.2,-1.1,2.2,1.9,-4.2,-4.8,-6.5,-4.9,5.7,-5.3,-2.9,-3.7,-4.9,3.1,8.9,4.1,10.6,1.8,3.6,1.5,-0.7,1.0,-1.2,13.8,-1.1,19.1,-4.4,-5.7,-2.2,3.1,9.8,3.9,-8.2,9.0,13.1,10.4,18.7,4.3,6.5,12.6,-6.8,0.7,-0.1,2.3,-3.2,-1.5,2.8,-3.6,12.6,4.8,-3.5,14.1,-11.9,-7.7,1.8,5.0,6.6,0.0,-3.6,11.8,-8.0,-1.2,4.9,-1.5,-1.1,-2.4,-7.4,12.2,7.1,-1.7,5.8,4.9,4.8,11.7,-0.6,1.0,-4.1,-3.4,-4.0,-4.7,11.5,0.8,-1.5,-3.3,0.5,-6.3,-12.7,-5.5,-6.0,-4.1,-0.9,-0.5,-6.6,9.2,1.5,-14.2,12.6,-2.3,-3.6,-1.2,5.5,-10.4,-2.8,-10.1,-7.1,0.9,-2.2,-0.2,-0.8,1.5,-2.1,-10.6,-7.7,-3.5,-11.0,3.9,-9.2,-5.7,-0.5,-9.2,-12.9,2.1,-2.8,5.4,-2.2,-1.1,-3.0,-1.1,4.6,-8.5,-6.4,0.8,-10.8,-8.7,-3.4,1.8,1.8,-0.6,1.6,6.3,5.5,-10.2,5.8,14.6,-11.1,-10.8,1.7,8.9,-5.5,2.6,6.4,1.8,-14.6,2.9,11.3,9.4,-7.4,-1.7,-0.3,6.4,-10.8,-6.4,-6.9,-8.4,1.2,-1.5,14.4,-7.7,14.4,1.2,-5.4,-3.0,1.5,-0.3,-0.4,9.2,-0.3,0.5,1.2,5.9,1.3,4.4,9.6,-9.5,10.0,-5.0,-1.8,-1.5,-1.0,1.5,1.2,13.1,8.6,-7.6,-10.4,1.0,-3.2,-6.8,1.0,1.8,-3.3,3.4,-1.1,2.4,5.2,3.7,-9.5,-8.1,9.6,0.0,1.5,7.1,5.2,-11.7,1.7,0.6,-7.8,-3.3,-1.2,-5.7,4.4,14.9,5.2,11.4,1.4,-8.7,8.3,1.6,-0.8,3.6,0.2,5.5,0.1,-6.1,-0.9,-4.2,4.8,0.8,-6.4,2.0,-8.6,6.6,9.2,4.0,11.6,6.4,5.0,9.1,4.8,-4.8,-2.8,-3.8,5.1,-0.3,3.4,6.2,4.7,-1.7,1.2,21.9,-3.2,-1.6,-4.4,-6.8,-1.3,-2.9,0.9,-5.8,2.4,0.9,-8.5,3.8,-2.9,5.1,3.0,0.1,0.1,6.8,-1.6,-4.3,-2.5,-5.2,-5.3,9.0,3.4,5.6,7.2,1.9,1.9,2.5,-13.5,1.2,1.6,-11.8,-0.5,0.1,8.7,-11.0,-5.8,3.7,-6.2,-6.4,1.6,-0.7,-3.1,3.0,-9.7,-2.7,8.2,9.8,4.9,7.4,-10.3,-4.8,-3.1,-1.3,-3.7,-9.1,5.4,-2.9,-3.0,8.6,-3.0,-5.5,-5.5,-1.1,-1.6,-0.1,-4.5,-4.6,2.0,2.0,2.9,-6.5,1.5,0.9,-1.1,0.3,-4.3,-12.7,-1.9,-3.9,-6.4,-7.4
2019-06-17,-10.6,7.1,13.1,-0.3,3.7,0.3,0.6,-3.4,7.8,4.2,23.7,-2.6,7.8,0.6,4.4,5.7,0.6,22.1,5.3,2.2,-0.3,3.0,1.4,0.2,1.4,1.6,-0.3,0.2,-3.9,2.1,0.7,2.6,6.7,-5.2,8.5,0.8,-3.0,-2.2,-1.3,0.0,-8.1,3.8,-4.5,3.3,-1.4,1.7,-6.7,-14.9,0.2,-2.1,-4.4,2.3,-1.6,-6.7,-4.6,-0.7,9.4,-0.4,-4.5,1.9,-2.6,-3.9,-10.7,0.2,-1.9,-1.1,0.3,-5.7,-2.1,2.0,7.1,1.0,9.4,10.7,6.7,-0.5,3.4,2.8,-2.0,-12.9,3.4,0.0,6.2,-0.8,-2.9,0.8,3.8,-7.8,-9.2,1.3,-3.4,9.5,3.5,9.3,6.1,10.7,-1.9,1.8,-0.1,5.4,-4.7,1.7,6.6,1.1,-10.6,7.0,-1.8,-10.4,-9.8,4.6,-0.9,0.7,6.4,-5.2,-2.8,7.4,-5.9,4.0,6.1,-2.0,-3.9,-1.9,-0.7,-3.9,8.7,8.8,6.7,9.1,3.4,0.3,-0.1,1.3,-3.9,-2.5,-7.5,-6.7,13.6,1.4,4.7,1.6,9.3,-15.2,4.3,-5.0,-3.5,-2.7,-0.1,-7.7,-4.8,-0.9,-1.8,-12.0,14.5,-0.9,3.3,4.5,9.6,-7.6,-1.2,-7.9,-5.6,2.7,-1.0,2.3,0.3,-2.7,-13.3,-3.2,-1.4,2.0,-4.1,1.9,-3.7,-5.9,1.3,-7.3,-11.4,5.8,2.4,-3.2,1.5,0.2,-1.3,3.2,3.9,-4.0,-3.8,4.3,-4.2,1.2,1.5,0.5,14.5,-2.6,2.8,6.5,7.8,10.2,5.4,18.1,-5.7,-1.4,1.5,5.9,-0.8,0.7,4.8,2.2,2.5,3.7,10.7,13.4,12.8,5.5,1.9,6.3,-9.5,-0.6,1.5,-3.1,0.3,1.2,14.1,-2.9,17.4,12.4,-1.8,-5.4,7.1,-0.9,2.9,2.7,1.7,1.2,2.2,-1.3,3.4,7.2,9.7,-1.0,4.9,0.3,-6.3,5.3,-11.5,1.2,2.5,12.2,10.9,-2.5,-6.6,5.9,-1.4,-9.5,5.5,0.7,-3.1,3.8,-4.2,7.9,0.3,-9.4,-6.1,-6.0,9.3,8.0,7.3,12.1,2.8,3.5,3.3,0.3,-2.8,-5.0,0.3,-1.5,6.0,7.0,1.1,6.1,3.4,-2.7,10.2,-1.2,-0.9,-1.1,3.3,4.1,0.0,-6.1,-8.7,-9.9,2.7,5.0,-4.7,3.3,-11.2,2.6,5.8,7.3,5.6,6.6,6.0,5.9,4.0,-3.2,3.6,-10.4,6.3,-1.2,0.9,3.2,9.6,-3.6,4.8,5.5,-1.3,-1.8,-1.9,-2.7,1.6,-0.7,2.5,-2.8,-2.0,10.1,-4.2,0.4,13.2,6.0,2.8,3.7,3.3,7.4,3.9,-4.6,-2.4,-1.0,-3.9,18.2,-0.6,6.4,6.2,4.4,-1.4,4.6,-0.5,-3.3,1.6,-7.8,-10.6,-8.4,10.6,-3.7,-1.4,6.0,1.7,2.1,2.1,0.8,4.3,-4.6,-4.0,-1.3,12.5,13.4,0.2,6.2,-7.2,-0.7,-2.9,3.9,0.9,-13.2,8.3,-2.6,0.7,11.0,-2.1,-1.9,-2.2,8.8,3.4,-3.4,-2.2,-2.9,-2.0,1.9,8.6,-3.1,4.1,-0.4,3.0,6.8,-6.0,-16.3,2.2,-2.7,-2.4,-4.1
2019-06-23,-11.6,0.5,12.6,0.8,4.3,2.9,-1.6,18.3,7.0,-1.9,19.1,-7.2,5.6,-3.4,-2.4,-11.3,-2.1,20.3,2.4,-3.8,-0.8,4.0,2.0,5.1,-3.2,3.0,-1.0,-2.9,-2.7,0.4,-0.8,-16.8,7.9,-0.5,-3.8,-2.8,-5.8,-6.0,-3.4,-1.6,-7.8,7.0,0.6,9.8,-1.0,-2.2,-2.4,-4.1,-0.0,-3.8,-8.3,-3.6,-3.4,-2.4,-0.7,-0.6,13.8,-0.2,-1.8,4.0,-4.9,-3.5,-5.6,-3.9,1.0,5.9,-2.8,-1.8,-10.8,-3.5,6.0,1.8,-0.4,18.5,3.8,6.6,4.0,3.1,-5.6,14.0,-2.8,4.2,8.8,-0.3,-5.6,-2.7,1.2,-1.2,-8.2,2.8,-1.4,0.8,3.4,1.0,3.9,15.0,0.2,3.0,-4.3,6.4,-4.3,3.4,4.8,-1.5,-13.5,-16.3,-12.1,14.5,12.5,6.6,1.1,9.6,11.1,-8.7,-9.2,9.5,-11.1,1.5,1.6,1.5,1.4,-0.5,-2.5,-2.1,1.7,5.7,4.5,11.5,1.5,-2.0,-0.2,-2.6,-4.8,-3.5,-10.4,-9.5,10.1,1.1,2.1,1.5,4.1,-12.1,-13.8,-6.0,-4.5,-1.8,0.7,-2.0,-2.2,1.0,-3.5,-12.7,14.8,-2.6,-1.5,2.3,5.9,-8.5,-3.2,-9.3,-6.2,2.9,-2.0,0.2,-2.0,0.4,13.7,-3.5,-4.2,-3.8,-9.6,2.7,-10.3,-9.1,0.7,-9.5,-12.2,0.2,-1.0,5.7,-1.3,-0.4,-3.8,5.9,3.9,-9.1,-4.3,3.0,-10.9,-10.2,-7.8,1.5,4.6,-8.9,-2.1,1.6,5.8,-6.4,3.8,15.5,-11.8,-9.7,-0.5,0.6,-3.3,1.7,6.2,0.4,10.3,0.6,9.0,10.3,12.0,6.0,-0.8,3.0,16.0,-4.5,0.3,-5.7,1.5,0.2,8.9,-8.9,17.5,12.6,-3.8,-3.3,-0.1,-1.3,-2.7,3.3,-4.2,-1.6,0.0,3.6,-2.7,3.8,8.7,-5.5,15.9,-3.0,-4.5,-5.7,-6.3,1.2,3.1,10.3,7.5,-4.2,-6.7,2.3,-8.0,-10.8,2.1,4.0,4.8,-5.1,1.8,5.9,6.6,6.3,-8.2,-6.1,4.9,3.2,-3.2,8.8,-2.7,-3.6,0.9,-2.6,-4.3,-5.6,-0.4,-6.0,5.8,8.4,2.9,-7.5,2.4,-8.6,8.4,-0.5,-1.6,1.0,-2.5,4.2,-0.3,-10.5,-1.7,3.4,5.1,-3.3,-7.4,0.7,-6.0,5.9,7.4,2.5,8.6,6.2,4.0,14.3,7.7,-11.9,-0.1,1.5,4.3,-4.3,2.6,3.3,6.5,-3.0,-0.4,12.9,-3.2,0.5,-4.3,-1.1,-3.7,-3.1,0.7,-1.5,-0.4,-5.4,-3.3,0.7,0.6,4.0,0.6,-3.1,-0.4,5.5,2.7,-3.7,-1.6,-5.0,-6.1,17.0,-4.6,6.0,-3.9,-1.2,-4.0,4.0,-3.3,-0.5,-3.9,-12.3,12.8,-9.6,7.8,-8.7,-5.9,1.5,-4.2,-7.7,0.6,-1.5,-0.5,-5.2,-7.4,-4.0,9.4,10.8,-1.0,5.9,-3.6,-4.5,-7.9,3.4,-3.8,-15.1,6.8,-4.3,2.5,6.1,-4.9,-4.1,-4.2,5.1,-1.9,-2.3,-5.1,-3.8,-3.3,-2.0,5.6,-7.3,-1.4,-2.3,-0.3,5.9,-3.9,-2.4,-4.2,-6.5,-7.0,-6.6
2019-06-29,-14.0,-0.3,10.7,3.1,15.5,3.5,-0.5,-6.0,4.8,-3.3,24.3,3.3,-0.6,1.8,-3.0,5.8,0.4,24.4,2.7,-0.4,2.5,7.0,3.6,-7.2,4.5,-6.5,0.0,2.7,3.2,0.0,1.6,-1.7,-4.4,6.4,-2.8,-3.3,-17.3,3.7,-0.5,3.0,-1.4,8.0,2.3,5.7,-2.5,2.8,5.0,0.2,3.9,-2.8,-2.9,-1.5,-2.2,0.5,1.1,3.1,6.9,1.5,-1.0,4.0,-3.6,-6.1,-15.5,-3.7,3.2,3.4,-1.8,-4.7,-0.6,-0.0,6.7,4.9,8.7,7.7,3.6,2.1,1.0,2.2,-4.4,-4.8,3.3,7.1,3.8,-1.1,-3.8,-2.8,0.6,3.1,-10.6,2.5,-1.7,3.7,4.1,5.0,7.4,12.9,-1.9,-1.3,-3.5,3.9,0.1,0.3,10.9,-4.2,3.3,-2.7,-5.7,-0.5,-5.8,3.7,-1.6,4.5,9.4,-2.5,-6.2,1.6,-8.3,1.3,4.0,-1.1,-2.4,-2.0,-3.9,-6.0,-0.3,0.9,8.2,13.7,1.8,4.4,-2.5,-6.9,-4.6,-1.8,-4.8,-6.2,11.2,1.8,-1.3,-1.3,-0.4,10.9,-16.2,0.5,-2.5,-2.6,-0.4,-6.4,-3.1,8.7,-5.1,-13.9,16.5,5.1,-4.2,-1.7,7.8,-9.2,0.2,-4.9,-3.4,3.1,-1.7,2.6,-0.4,-2.6,3.1,-2.9,0.3,2.0,-13.2,1.7,-2.9,-4.2,1.5,-7.9,-12.8,1.6,2.1,1.3,1.8,-1.0,-2.8,4.0,4.5,-2.9,-5.4,-0.3,-10.8,-2.4,-1.2,3.9,-3.2,3.2,1.3,7.0,10.8,-1.1,5.6,17.1,-3.4,-13.6,3.3,0.3,1.4,3.3,6.9,2.7,11.0,1.6,8.4,11.6,1.1,2.7,0.2,2.6,-9.6,-2.0,-1.5,1.9,3.9,-2.9,7.3,-5.5,9.5,4.6,-2.5,-6.0,1.7,-0.5,0.8,4.7,-2.8,0.1,0.6,3.0,4.4,6.2,8.0,-7.4,2.3,-2.5,-3.6,2.4,12.3,-0.2,-3.5,19.0,17.8,-5.4,-6.6,0.0,-5.3,9.1,8.8,1.6,0.4,-0.1,2.4,4.5,12.8,-4.0,-5.8,-5.3,-1.9,-0.3,1.3,5.2,-0.7,-2.9,3.3,1.0,-6.6,-2.1,-1.0,-4.3,9.7,7.0,3.2,7.4,3.8,-5.3,4.9,-2.2,0.1,1.1,-1.5,2.6,0.7,12.2,0.3,0.6,6.7,-0.1,-4.2,2.0,-11.3,8.0,8.1,1.9,10.2,9.2,6.3,10.5,7.6,-7.3,4.4,-6.0,2.6,-0.8,5.0,2.4,4.1,-3.1,3.5,26.1,2.2,1.1,-3.6,-7.1,2.6,-2.0,0.4,-11.4,3.7,-4.1,-4.8,2.8,6.9,2.9,2.3,2.7,1.1,4.9,-3.5,0.5,-0.6,-5.5,-5.2,6.8,-10.0,7.1,6.1,3.1,0.5,0.9,-11.3,-3.7,-0.3,-8.8,2.0,-2.8,8.7,-9.3,-8.9,1.9,3.6,-1.1,2.7,-5.1,-2.3,0.2,-11.2,-4.4,8.0,8.2,1.3,8.0,-10.8,-3.8,-3.2,2.3,-1.8,-10.4,6.7,0.7,-3.7,12.4,-1.1,-2.7,-1.6,4.4,0.6,0.1,-2.6,-4.8,0.5,-0.9,8.8,-5.0,2.2,0.1,0.8,3.9,-3.3,-1.1,0.8,-1.6,-4.1,-5.1
2019-07-05,-17.4,-5.3,10.9,-0.5,6.0,-7.9,-3.9,12.8,-12.1,-11.7,21.4,-3.1,10.9,1.0,-12.2,1.8,-5.1,22.1,1.1,2.9,-1.2,1.6,3.6,2.6,1.4,-3.7,-3.3,0.4,-0.4,0.2,-1.2,-6.9,5.7,1.2,-2.1,-1.8,-7.6,-14.1,-5.4,-3.0,-0.5,8.0,2.0,-7.4,-0.1,-3.3,-1.3,-0.5,1.6,-1.8,-8.2,1.5,-6.8,-4.5,-2.7,2.5,2.6,1.5,1.8,3.9,-9.7,-8.6,2.8,0.9,1.9,5.8,-3.7,-0.8,-0.8,-0.7,11.0,2.0,8.9,10.4,0.0,5.3,2.2,2.2,-15.0,-5.6,6.1,12.0,-1.9,-7.0,-4.6,-4.9,1.9,7.4,-12.1,-0.7,-2.2,6.7,4.5,7.3,2.8,17.2,6.0,-9.9,-6.3,-3.2,-1.2,1.0,7.0,-5.0,4.2,-13.9,7.0,-6.4,-6.7,5.1,-2.3,6.7,6.4,0.4,-8.4,2.3,-5.8,14.4,1.8,6.8,-2.1,-2.6,-4.7,-11.0,4.2,4.9,2.5,0.4,2.2,-8.9,1.5,-5.1,-4.6,-2.4,-2.4,-1.6,12.5,2.0,-2.5,-4.3,1.8,-8.2,-17.3,-7.4,-3.9,-2.6,2.2,-3.3,-2.1,-1.0,-5.9,-11.7,10.9,-1.5,-4.3,-6.0,8.5,-7.3,-4.8,-7.1,-5.3,1.3,-0.2,0.8,1.0,-1.5,-6.1,-0.8,-0.3,1.7,-16.2,3.6,-1.6,-4.6,0.1,-9.1,-11.8,3.1,-0.5,3.5,2.9,0.4,-2.2,1.3,1.2,-2.6,-4.1,-0.3,-13.6,-2.5,0.7,-1.9,3.0,-12.6,13.3,8.2,11.8,-8.1,-2.9,16.2,-2.6,-16.6,-5.0,1.1,0.2,0.9,4.0,6.1,-14.5,2.8,10.4,12.8,-0.7,-1.5,-0.1,-3.2,0.3,-3.4,-5.1,-0.8,-0.1,-2.2,7.7,-5.7,11.4,-4.2,-5.3,-5.0,1.2,2.1,-10.2,4.2,-1.5,2.2,4.1,0.9,-0.2,5.4,7.8,-3.7,12.0,-0.6,-7.8,-4.7,-2.0,5.1,7.8,6.9,11.1,-5.9,-8.8,3.9,-9.7,-9.8,1.5,5.1,12.3,0.2,2.5,2.8,0.2,7.9,-9.0,-7.1,8.1,6.2,7.5,-11.3,3.5,-0.6,3.6,-2.1,-1.2,-6.3,1.9,4.6,5.5,15.1,1.8,9.0,4.2,-5.7,6.1,-0.4,0.2,0.5,-0.1,6.7,-0.5,-5.4,2.0,4.0,10.1,-0.2,-2.3,2.4,5.6,2.1,3.7,3.5,14.0,3.9,4.2,7.5,7.5,-5.6,1.3,4.2,4.2,0.1,5.9,3.4,6.8,-3.3,0.6,16.5,-0.8,6.3,-2.0,-1.3,-3.3,-1.7,3.0,-6.9,0.5,-4.5,-0.8,1.5,2.8,5.0,0.7,-2.8,-0.9,0.7,-2.5,-3.2,3.0,-2.1,-4.2,9.5,4.9,6.3,8.5,2.0,-6.7,1.3,-6.9,-3.3,-1.5,-9.5,6.3,-8.6,8.6,-7.1,-7.8,6.0,0.7,-2.3,0.9,-1.0,-1.4,5.1,-7.6,-3.7,9.6,10.8,1.4,9.6,-8.5,-3.1,3.9,2.1,-3.0,-4.9,6.4,1.4,1.6,11.5,-2.7,-2.5,-4.3,1.3,0.1,-1.1,-2.8,-2.1,-0.1,2.3,8.7,-6.4,3.4,-0.5,0.6,6.7,-2.6,-3.9,1.4,-1.0,-4.1,-7.2
2019-07-11,-11.9,1.8,7.7,3.9,2.8,-8.8,-8.0,6.8,3.8,3.9,23.7,-1.5,1.1,3.5,-7.9,3.5,0.3,25.4,1.5,-8.2,0.5,7.0,3.8,5.9,1.3,0.1,-1.2,-2.2,-4.6,1.8,2.1,-18.4,8.4,2.1,0.9,-4.6,1.1,1.3,-6.5,4.2,0.3,5.8,-9.9,-7.2,0.5,-2.2,3.5,5.2,2.7,-2.4,-0.9,6.0,-3.3,0.5,-1.8,2.2,-8.8,1.1,1.6,6.7,-3.9,-3.6,-10.4,-3.0,1.2,2.6,-3.0,-2.4,-2.0,-0.4,8.6,0.9,7.9,8.9,1.9,4.6,0.2,2.2,-6.0,-4.7,13.6,12.9,-3.1,-5.3,-3.9,-2.0,9.8,1.1,-10.7,4.1,-0.4,2.5,5.8,6.0,7.1,12.6,2.4,7.1,-1.8,2.7,-2.4,0.6,3.5,0.1,4.9,-14.8,-11.5,-2.4,5.5,10.2,-2.5,6.4,8.0,-3.3,-3.8,12.5,-7.5,-0.2,4.9,3.4,1.0,-0.6,-6.6,-0.4,0.6,5.1,5.2,9.8,2.5,4.6,-5.3,0.6,-3.5,-1.3,-3.8,-3.5,11.2,4.7,-0.2,-0.8,4.0,0.5,-9.4,-0.6,-4.4,-3.8,-0.9,-3.5,3.9,1.9,0.2,-11.1,13.3,4.1,-3.4,1.0,6.3,-10.4,-0.3,-6.1,-5.3,2.3,1.3,1.1,1.0,0.0,-2.9,-2.5,-6.9,-3.0,-11.8,4.0,-5.0,-5.5,1.4,-8.1,-12.1,4.0,2.8,-0.5,0.0,-0.4,-5.4,-0.0,-1.3,-3.7,-1.5,4.3,-11.7,-6.4,2.5,-1.3,3.6,-4.8,-3.5,3.7,12.9,-5.4,0.1,12.4,-0.8,0.0,4.5,0.2,-6.2,-4.7,1.9,0.4,-4.8,-1.3,11.3,17.4,3.9,1.5,-0.2,-2.9,10.2,-2.9,-4.7,-5.7,-7.9,0.6,21.7,-0.6,11.3,5.4,-1.1,-3.9,5.3,1.5,4.2,1.5,-1.4,3.4,2.2,-1.2,1.0,6.6,12.6,-4.4,5.8,-2.9,-2.8,-1.1,-11.3,3.7,0.2,4.9,5.6,-6.1,-8.2,4.1,-7.6,-12.3,2.0,-0.6,13.1,11.7,2.0,5.9,3.4,5.1,-7.7,-3.2,6.5,5.2,3.6,3.2,-0.6,-6.8,3.6,-0.9,-5.9,-3.9,2.0,-5.7,0.6,5.8,5.0,7.5,5.5,-3.6,4.7,0.9,1.4,-0.2,-0.5,1.6,4.5,-6.2,-0.4,3.6,8.3,0.3,-4.2,2.7,-4.4,5.9,6.0,6.1,5.3,5.2,5.7,12.9,5.1,-9.9,1.2,2.3,2.6,1.3,5.4,3.5,7.0,3.3,2.9,10.3,1.8,5.7,-1.4,-5.7,-1.5,-0.4,1.6,-5.8,3.5,9.7,2.1,2.6,4.7,3.4,2.6,-1.4,3.2,7.4,1.1,-2.0,-0.5,-2.5,-4.2,12.0,2.6,12.1,6.4,1.9,-0.4,0.0,-2.6,-2.0,1.2,-5.5,2.1,0.3,10.4,-9.4,-6.3,5.2,-1.0,0.3,2.6,0.6,-3.6,2.7,-4.9,-2.3,12.9,13.7,-3.3,9.0,-15.6,-0.5,-1.8,2.0,-3.4,-10.4,-0.2,3.9,0.6,8.0,-2.8,-1.1,-3.4,-0.1,-0.1,1.5,-1.0,-6.4,2.7,-12.7,7.0,-5.7,1.3,1.7,-0.5,6.0,-2.4,-2.3,5.1,0.1,-8.6,-3.5
2019-07-17,-17.6,-2.6,12.9,-7.7,5.0,-8.3,-8.7,1.9,4.4,1.0,21.4,-0.6,6.0,-10.3,-9.1,2.6,0.2,21.2,6.0,-4.8,5.0,4.5,2.9,3.5,-1.0,-1.3,-1.6,-0.5,-0.8,8.7,1.5,-4.7,6.1,2.7,-1.5,3.0,-5.1,1.4,-3.9,1.0,0.8,2.5,0.1,0.4,1.8,-0.3,3.4,-15.1,2.1,-1.4,-13.3,6.9,0.5,0.6,-1.4,-7.7,4.1,3.8,3.4,4.1,-5.1,3.0,-11.3,-12.2,-2.9,0.5,3.0,4.6,-3.5,4.9,9.5,11.5,-9.6,18.8,4.2,6.9,2.1,7.3,-11.6,-9.4,0.2,11.7,-4.6,-2.4,-0.9,1.9,-9.5,11.4,-3.4,4.1,-4.2,14.9,5.3,-9.1,3.3,-1.1,-1.9,10.4,-3.0,3.5,2.0,4.7,2.1,-5.8,6.2,8.6,-10.8,-8.2,-8.1,-7.1,13.4,7.4,2.7,-1.7,-0.4,11.6,-4.8,5.4,6.4,6.2,0.5,0.6,-2.1,-9.1,10.1,8.5,4.5,7.6,8.8,6.2,6.6,3.1,-2.3,-2.6,-2.7,-1.5,17.9,2.3,3.3,-0.6,10.7,2.2,-3.3,1.0,-1.6,2.3,4.9,-0.6,0.7,-0.1,1.6,-11.7,17.2,-1.7,2.4,2.8,9.4,-4.6,0.9,-3.7,-1.8,7.2,2.9,5.2,5.8,2.0,-1.9,-3.4,-3.1,-0.3,-7.5,5.6,-4.4,-4.1,3.8,-6.1,-10.2,8.7,4.4,5.0,3.4,2.1,-3.3,3.2,4.5,0.2,-2.3,6.0,-9.3,-3.7,3.1,8.9,8.5,-5.5,2.9,14.4,15.5,0.3,2.6,12.7,3.6,-10.8,4.8,2.8,10.1,7.8,6.6,9.6,-2.3,3.4,14.9,16.7,6.1,5.8,3.1,0.6,10.5,1.0,0.3,1.0,6.8,1.6,4.5,3.5,17.6,14.9,-0.9,-0.7,4.7,3.6,7.7,0.8,4.3,3.8,5.5,-4.3,8.6,14.2,11.6,-5.6,16.2,-3.6,-1.9,0.6,-7.0,6.7,5.8,18.7,15.1,-4.2,-3.9,7.5,-6.0,0.1,10.2,9.7,-14.5,-7.2,5.1,9.2,12.2,14.0,-4.4,-3.2,-7.6,9.0,11.9,-7.9,2.3,-7.3,6.6,5.0,6.9,-0.7,8.1,0.1,6.9,11.4,3.5,7.0,5.7,0.0,9.6,3.8,0.2,-1.0,2.7,8.6,5.3,-4.3,5.9,5.3,10.2,5.9,-7.4,6.6,0.6,6.3,8.8,8.1,9.5,8.6,6.8,7.6,2.2,-1.9,3.5,9.6,7.7,4.1,5.4,2.9,6.8,3.0,5.6,6.4,-3.9,1.6,-0.5,9.3,-0.7,1.2,6.2,2.0,2.8,-7.5,-1.0,2.7,3.8,7.2,5.8,4.3,4.0,9.8,1.1,-1.2,1.6,2.4,-1.4,17.1,1.0,7.8,9.4,7.0,0.9,10.2,1.0,-2.5,0.5,-8.2,7.4,-9.7,10.1,-3.1,-4.7,9.6,5.6,-8.2,2.5,1.2,3.7,2.3,-0.7,-2.6,17.0,16.1,3.2,11.6,1.2,-1.1,-1.4,3.5,-0.5,-7.9,6.9,-0.1,4.7,9.8,-7.4,-4.2,-2.0,2.3,-0.1,-1.0,-1.6,-3.7,1.9,-1.0,5.9,-5.3,3.7,-0.9,0.6,4.2,-1.4,2.1,-2.5,-5.1,-5.2,-4.8
2019-07-23,-12.6,-2.5,5.4,12.9,6.7,-7.1,-3.2,10.5,9.2,-1.3,26.0,-0.1,-1.6,9.0,-3.7,2.3,0.8,25.7,2.6,-6.0,1.3,5.8,6.2,-1.1,0.1,-0.0,-4.6,-2.9,-0.9,-2.0,1.1,-18.4,9.3,3.5,4.7,-8.4,-13.7,10.7,-4.9,-0.8,0.4,7.3,1.7,5.5,-1.7,-3.3,7.4,-4.2,4.7,-2.0,-8.3,4.6,-3.4,-0.0,0.4,0.1,-0.7,-0.1,0.2,3.8,-4.0,-1.0,-5.4,-7.3,3.4,-8.1,-3.0,-3.4,-7.5,1.7,9.8,-9.9,13.2,15.0,0.2,1.3,-1.0,-0.3,-1.1,-5.6,16.8,17.0,-5.6,4.2,-1.1,2.8,7.5,4.6,-9.7,6.6,-11.5,8.8,8.9,12.1,2.2,18.9,-3.8,4.7,-9.1,3.0,-1.8,3.8,8.8,-0.0,8.3,10.1,-2.8,-5.3,5.7,-7.6,3.3,4.7,4.5,1.2,-8.3,10.1,-8.6,6.1,7.4,7.8,0.7,0.3,-3.6,13.3,5.4,7.8,4.3,17.0,3.0,-1.6,-0.7,-3.7,-3.6,-3.5,-4.2,-4.9,12.8,4.2,1.3,1.4,3.2,13.0,4.6,-7.4,-4.1,-1.6,1.6,-0.8,-5.0,2.8,-4.4,-12.1,14.9,0.3,-1.6,-0.3,10.8,-8.8,-2.9,-5.6,-4.2,2.7,1.7,-0.8,-0.8,0.3,-2.0,-6.4,-6.8,-0.2,-9.7,3.2,11.0,-4.0,3.5,-8.7,-10.7,3.1,0.1,-0.8,2.9,-7.2,-3.2,-0.4,2.3,-0.3,-1.7,1.8,-13.8,-0.6,2.2,-3.2,5.3,-8.2,1.5,2.4,3.8,-2.5,-0.8,10.4,-1.8,3.8,6.5,0.7,-3.3,3.9,-4.1,1.5,-2.0,4.3,8.2,8.8,4.4,-6.4,1.0,1.4,11.2,-3.5,-2.6,-5.4,6.1,-0.7,7.3,-9.1,11.8,11.8,-3.3,-3.5,3.5,-0.2,9.9,1.7,-4.5,2.2,1.7,1.7,-2.0,7.6,10.8,-6.3,6.4,-3.1,-3.5,-6.1,-6.1,2.9,0.2,12.7,11.6,-6.4,-8.7,5.1,-8.3,-7.9,1.4,0.6,-10.2,-3.5,6.0,5.3,4.6,8.9,-7.4,-8.3,6.7,5.2,7.9,-5.6,5.9,-6.5,2.0,2.8,0.8,-3.0,1.5,-6.3,5.7,7.6,4.5,10.0,4.7,-6.4,5.6,0.9,-1.9,-2.9,0.4,4.4,1.5,-6.4,-1.7,-3.4,5.0,0.6,-5.8,2.0,-9.4,7.0,8.6,3.9,7.2,8.1,6.9,9.5,3.8,-4.8,2.3,1.8,2.7,1.1,1.7,3.8,2.4,-1.5,3.8,7.1,1.0,14.4,-2.9,-5.5,-9.6,-1.8,-0.8,-1.7,-0.8,-2.2,-4.9,4.6,1.8,1.9,3.5,-0.1,1.9,10.1,-1.0,-1.9,3.9,-4.9,-7.3,13.6,0.0,6.3,3.7,1.5,-2.6,5.2,-5.4,-1.3,3.9,-10.4,5.8,-3.1,8.3,-10.8,-2.5,6.2,-0.6,-2.3,1.6,0.4,0.7,-0.6,-6.1,-4.7,9.5,10.7,-1.3,4.0,-1.6,-1.7,-4.9,1.4,-3.9,-12.5,3.4,-0.7,2.7,10.4,-5.9,-2.3,-3.7,-0.2,-1.8,-0.2,-2.6,-2.1,-2.0,1.0,5.3,-1.8,4.3,-2.3,-1.0,1.7,-4.9,-7.9,4.7,-10.1,-3.1,-2.7
2019-07-29,-12.7,0.1,3.7,-6.1,5.9,-6.8,-11.1,9.5,-16.7,-1.7,25.3,1.1,4.9,13.2,-12.4,1.6,-0.9,24.2,7.8,-10.6,3.6,9.1,4.0,2.9,2.4,3.8,5.8,-3.3,0.3,-3.5,1.8,-11.0,8.4,10.0,-5.2,2.7,-11.9,3.9,-3.2,-1.3,3.1,6.7,-7.6,-2.9,-0.8,-0.5,4.0,3.0,4.5,-2.1,-3.6,3.0,-4.9,1.2,-2.2,3.2,12.2,2.9,10.0,1.8,-4.2,-4.4,-9.5,-3.8,-2.4,13.6,0.2,0.2,-2.5,-1.3,9.7,13.0,12.3,11.4,0.9,1.7,2.9,4.9,-12.1,-2.1,12.0,18.0,-2.1,-10.3,-7.8,2.0,7.8,-2.3,-11.3,4.3,3.3,9.1,9.5,10.8,10.6,20.5,-9.7,3.2,5.5,1.5,1.6,3.3,7.5,-0.2,7.7,8.2,7.8,-3.2,-3.3,2.1,2.9,4.1,8.5,6.0,-8.0,11.0,-5.3,4.8,8.9,1.0,-2.3,0.8,-1.2,1.6,6.3,13.6,2.7,1.9,-0.7,-0.8,-0.5,-4.1,-3.0,-1.0,-1.1,-1.6,12.7,2.5,2.8,0.3,5.0,3.0,-1.6,3.2,-4.2,0.0,2.4,-1.1,-0.9,7.6,-0.8,-9.9,16.1,2.3,0.2,0.4,10.0,-7.8,0.9,-5.9,-4.8,2.3,2.8,1.9,2.1,1.1,2.7,-2.8,-0.4,0.8,3.3,6.6,-5.1,-4.1,2.3,-8.4,-11.8,5.0,1.4,1.8,2.0,-0.6,-5.0,9.7,6.8,-5.6,-3.6,2.6,-13.9,-1.7,1.5,-0.1,-0.8,-5.8,3.6,10.7,13.4,-2.9,4.1,13.1,-3.2,-18.3,7.1,-9.8,3.2,6.5,4.9,1.1,-9.7,4.1,13.2,14.6,2.2,-0.6,0.3,-1.7,10.9,0.7,0.6,-0.0,15.9,0.6,11.7,-6.4,7.2,10.7,2.7,-3.2,-1.9,0.6,0.7,-3.0,-2.5,2.2,4.4,-7.4,1.1,3.6,5.3,0.8,11.0,-2.8,-3.6,-2.9,-3.9,4.1,0.9,15.1,8.0,-5.7,-7.3,10.2,-7.0,-5.8,6.2,-0.6,1.9,-4.1,6.4,10.2,8.9,6.2,-8.7,-5.5,8.7,8.6,12.5,-3.6,1.8,-7.3,4.2,2.0,2.6,-3.5,3.4,-1.4,9.7,10.8,11.1,16.8,5.5,-1.1,9.2,5.8,2.3,-2.9,0.3,5.4,3.3,-5.6,0.7,2.2,8.7,0.3,-2.4,2.6,-1.1,8.2,10.8,7.6,10.2,9.5,8.7,14.8,3.9,-4.7,4.5,3.5,8.2,5.7,3.1,2.1,4.3,1.3,3.3,0.2,1.8,6.0,-0.9,-3.5,2.8,0.2,0.2,-4.2,3.4,3.2,-1.1,2.0,9.3,7.3,4.5,1.8,0.8,8.9,2.1,1.2,3.6,-3.7,-6.0,9.8,6.0,4.2,10.5,3.7,0.6,2.0,-2.6,9.4,14.6,-9.4,1.6,5.3,11.8,-9.2,-4.7,4.4,-2.3,-1.0,5.8,0.9,1.0,5.5,-8.6,-1.6,12.0,11.4,-2.9,4.8,-6.7,-1.2,-2.1,3.0,-1.9,-10.8,0.1,3.9,3.8,10.2,-4.2,-0.5,-2.2,1.0,-0.7,0.9,0.4,0.3,-0.7,3.8,4.3,-1.8,2.2,0.0,3.9,16.8,-5.8,-1.2,0.5,0.4,-6.5,-5.6
2019-08-04,-10.7,0.9,0.6,11.2,-0.9,-5.3,-4.3,15.8,3.6,-1.4,23.9,4.3,5.9,8.5,-2.7,4.0,-6.6,23.7,7.5,-0.2,2.9,7.4,6.6,1.1,3.8,1.4,-15.7,-0.7,-5.8,0.4,2.5,-2.6,7.1,11.3,3.0,1.6,-2.1,2.8,-3.1,1.6,-2.8,9.7,0.3,1.5,-2.7,-0.7,2.7,9.2,5.8,-1.3,-8.5,2.0,-3.6,-0.0,-0.6,5.3,4.1,0.1,2.0,3.4,-4.1,-4.0,-12.9,-5.3,-1.9,12.6,-3.3,1.5,-0.1,0.4,8.9,5.7,-6.7,-3.3,-0.6,0.7,2.5,5.1,-9.0,-10.7,10.2,15.4,-1.4,0.6,-1.0,3.0,5.6,5.3,-11.7,2.7,-0.5,6.3,-3.0,-8.4,9.4,21.6,-2.0,2.1,-5.6,2.7,-3.2,-0.4,7.6,3.1,3.0,-9.2,-8.3,-10.7,-7.7,-1.9,6.6,7.2,8.4,-2.8,-5.9,7.5,-5.6,4.4,10.7,10.5,-1.0,-1.9,-3.4,-1.4,2.9,-0.8,2.9,2.7,4.7,5.7,3.2,-3.4,-3.2,-1.3,-3.4,-2.4,12.0,1.2,0.5,1.4,0.6,-13.8,-16.0,-9.3,-3.7,0.2,2.7,-1.4,-2.5,6.5,-2.5,-10.6,14.4,-2.4,-0.8,2.6,10.2,-6.9,-3.6,-3.7,-3.7,4.0,1.4,2.7,4.6,1.7,0.8,-6.1,-0.7,7.0,-6.5,2.2,-5.2,-4.6,2.8,-6.6,-9.6,6.8,2.5,-3.8,-0.9,-0.8,5.5,12.6,9.7,-2.7,-4.6,-0.6,-9.2,-5.3,3.1,9.8,0.6,-6.7,4.3,8.5,10.0,-4.3,-0.8,12.0,0.5,-6.4,6.1,-2.2,12.2,7.8,2.1,1.9,-5.8,2.8,15.8,12.8,4.4,4.2,-0.2,-2.9,7.4,-1.4,0.4,-0.7,5.6,-0.6,19.4,-5.8,14.0,11.0,0.3,-2.8,0.3,2.3,7.1,3.4,-3.7,1.7,5.6,9.0,-1.0,2.0,3.1,-5.2,13.4,3.3,-4.4,-2.6,-4.9,5.9,3.4,12.8,9.6,-2.4,-5.9,4.6,-9.9,-10.5,0.9,-0.5,-3.7,12.8,4.1,3.9,10.8,8.2,-6.3,-5.2,6.6,6.2,9.7,-3.0,2.4,3.8,1.6,-0.8,-2.0,-8.9,1.8,-2.5,4.7,9.2,6.9,14.4,4.4,-3.0,6.6,-0.1,-0.5,-4.7,-2.5,1.4,7.0,13.5,-0.2,2.0,5.3,1.3,-3.5,4.0,-4.7,8.3,9.5,6.1,7.1,6.3,7.7,12.0,8.6,-0.9,4.3,-6.1,4.5,0.3,4.0,2.2,3.1,-6.5,2.9,1.6,-1.3,-0.1,-1.7,-3.5,1.7,-0.3,2.3,-1.4,3.3,8.3,-12.8,8.7,4.7,2.0,1.8,0.4,-7.0,5.8,3.6,0.8,-0.4,-2.9,-4.2,17.6,0.1,8.5,6.2,2.2,1.1,5.3,-0.1,-8.0,-3.0,-8.0,5.6,6.4,8.8,-4.5,-5.5,8.4,4.2,9.0,-3.3,1.5,3.6,6.3,-11.7,-2.5,9.4,12.8,-1.0,4.7,3.7,-0.6,-8.7,5.2,-3.6,-4.5,5.4,-0.4,5.4,9.0,-2.1,-0.3,-0.5,2.5,-0.8,-1.5,-2.8,-1.5,-2.2,1.5,4.2,-2.4,1.3,-2.1,1.8,8.3,-6.3,-7.0,1.0,-1.8,-0.4,-2.0
2019-08-10,-14.9,-2.3,0.9,-4.7,5.4,-11.5,-8.7,14.2,-15.2,1.0,24.5,-8.7,11.3,17.5,-10.6,4.7,-0.8,21.1,7.6,-4.0,2.3,6.7,4.4,-1.5,-1.2,-1.3,-6.9,2.1,0.3,-1.9,-0.8,-12.0,3.2,-3.8,12.0,-7.2,-4.0,3.2,-3.7,-4.0,-10.7,3.6,0.5,-1.9,-0.5,-3.5,7.5,7.0,-2.9,-5.8,-9.8,-0.1,-5.7,-0.4,-1.0,-3.9,3.8,-4.0,4.7,2.0,-4.8,-9.3,-13.8,-7.0,3.0,-1.6,-4.8,0.6,-4.1,-6.1,6.3,4.7,6.1,8.8,2.1,2.2,-0.3,5.1,-1.1,-6.1,0.9,14.1,-1.8,-3.3,-3.8,-2.7,-5.0,7.3,-9.8,4.1,-3.8,4.3,21.1,6.4,5.5,2.5,-10.5,4.4,-3.9,3.7,-2.8,-1.6,8.9,4.0,6.5,9.4,0.1,-10.1,-10.6,1.2,-1.6,10.2,4.7,-6.5,-9.9,4.3,-7.4,1.5,6.4,9.3,-0.5,-1.8,-7.7,13.4,3.0,-0.9,4.6,3.6,3.8,-1.5,-0.7,-3.8,-5.2,-2.4,-6.7,-7.0,11.9,4.3,-1.7,-3.7,3.8,5.9,-3.4,-2.8,-4.5,-0.5,0.9,-0.6,-5.0,0.2,-2.6,-12.1,11.9,0.9,-3.4,1.2,11.9,-6.4,0.1,-6.5,-3.4,3.1,0.1,3.3,0.3,1.4,-2.0,-8.4,-5.1,-0.3,-9.2,0.2,-2.4,-6.0,2.9,-7.6,-9.4,3.1,2.0,-1.6,-0.6,-7.5,-3.0,0.8,2.8,-5.6,-2.1,1.4,-13.4,-1.9,2.1,-1.2,-8.8,-15.6,4.8,11.3,6.6,0.3,1.6,8.0,2.6,-18.4,4.8,-0.4,-2.9,0.5,4.7,-0.2,-4.2,7.7,17.3,13.0,3.4,11.2,0.7,-2.7,7.0,-2.5,-3.9,-1.6,5.3,-2.9,18.7,-7.0,10.1,11.0,-3.7,-3.4,-2.2,-0.7,-5.7,-6.6,0.2,1.3,1.8,15.6,0.1,6.6,10.4,1.9,6.6,-3.0,-5.5,-4.9,-5.5,4.5,4.0,16.6,11.2,-7.6,-8.5,2.3,-11.6,-9.3,6.5,-5.3,0.1,4.9,3.9,6.0,9.5,4.5,-8.0,-6.8,1.3,4.9,7.5,-5.8,-7.3,-7.3,13.5,6.3,3.2,3.5,3.2,-5.3,14.4,9.6,9.6,10.1,2.4,-4.6,4.0,13.6,13.2,-8.2,-5.2,14.7,-7.1,-3.9,-6.8,0.7,4.1,-0.0,-4.1,-2.9,-8.1,7.8,5.8,-2.4,4.3,7.5,5.1,6.1,7.8,-5.8,4.6,11.4,0.5,9.1,18.8,-5.4,8.7,-5.7,4.4,11.6,4.2,-3.4,-2.6,-7.2,-14.3,-2.9,-5.6,-9.3,-1.6,6.7,-4.3,6.1,3.1,1.2,3.3,-1.9,-1.3,1.6,-2.1,-0.8,-3.8,-5.2,-13.0,9.5,-3.7,3.2,5.7,0.1,3.5,-2.0,-5.4,-6.6,-2.9,-11.1,6.7,0.3,4.0,-2.5,-10.8,11.2,-9.8,-7.3,5.3,0.4,3.2,0.7,-13.3,-6.5,8.5,8.9,1.2,6.3,-13.2,-4.6,-4.7,1.7,-1.0,-11.7,2.9,-2.7,2.9,9.3,-4.6,-1.5,-3.0,3.6,0.9,-2.3,-3.2,-4.2,-1.9,2.1,9.0,-5.4,2.6,-1.3,4.5,8.5,-3.4,-0.9,1.1,-2.2,-0.2,-2.2
2019-08-16,-12.5,-0.5,5.1,-4.2,6.4,-3.2,-3.3,17.3,-7.4,5.9,21.8,-12.3,4.1,-8.3,0.8,4.8,0.0,23.3,4.7,2.4,3.2,3.3,4.2,0.8,3.5,-4.5,0.5,1.4,-2.3,-0.9,2.2,-9.0,1.3,3.2,-3.1,4.4,-5.8,0.9,-2.4,-1.2,-8.5,6.6,3.2,-3.6,0.9,-1.7,3.9,-0.1,3.7,-1.7,-2.8,5.6,-3.5,3.5,-1.0,3.1,-1.0,2.7,-1.1,3.0,-4.6,-8.5,-6.7,-1.6,1.6,-1.7,3.8,-1.9,-0.9,1.9,10.2,9.2,0.0,11.2,1.8,3.3,2.5,4.2,-0.8,-5.3,0.4,16.6,0.7,5.9,-2.7,7.7,4.6,6.0,-8.9,4.1,0.9,1.8,-2.5,11.8,9.4,0.5,-6.2,8.3,11.8,0.7,-0.3,0.8,1.3,-13.0,2.9,-6.5,1.0,-6.9,-6.6,0.5,2.6,13.0,5.7,-14.6,-7.1,7.6,-5.6,4.6,8.8,13.5,-1.4,-1.7,-3.4,-1.2,5.8,-0.3,-0.9,4.5,5.3,3.5,1.4,-1.5,-3.8,-2.9,-4.1,-3.3,12.2,1.1,2.1,-0.9,8.3,0.7,2.5,-5.3,-2.6,0.0,1.9,-0.6,-3.0,6.2,-0.7,-11.7,13.2,-2.9,1.3,1.7,8.1,-7.9,-2.1,-4.4,-4.7,4.6,1.5,0.9,4.4,2.0,-1.9,-5.5,-0.5,2.4,-8.5,2.6,-1.9,-4.0,3.3,-7.8,-10.0,6.6,1.9,4.5,-7.0,0.9,-2.2,10.4,8.4,-3.2,-1.8,-0.6,-9.6,-3.4,3.8,3.1,-1.2,-3.2,0.8,9.2,13.5,0.8,8.5,14.1,-1.6,-5.9,6.3,-2.7,-2.7,3.5,4.7,5.5,-4.3,1.4,17.1,15.1,1.8,5.2,1.2,-0.8,9.8,-4.6,-3.4,-2.6,3.6,-3.1,-3.6,-5.1,10.6,8.4,-1.0,-0.7,1.9,3.2,1.6,0.9,-4.6,1.5,4.8,2.4,-0.7,6.4,4.2,-6.3,5.4,-3.6,0.9,-2.8,-4.1,2.3,1.7,10.8,6.3,-6.5,-9.3,4.5,-7.0,-5.1,6.6,-4.6,-8.7,4.2,6.2,7.1,5.3,5.6,-10.8,-5.9,8.5,5.8,6.6,-10.7,6.6,-0.9,-1.3,2.8,2.3,-16.4,2.7,-3.1,7.6,10.7,4.6,9.9,3.2,-5.2,5.0,-6.7,-8.1,-4.9,-1.2,-9.0,-5.4,4.3,0.6,1.2,9.2,-0.7,-1.0,1.5,-1.4,5.0,7.9,7.6,7.7,5.0,5.0,8.2,8.6,-5.4,4.2,-0.2,3.3,-10.4,0.8,-3.3,9.8,-3.1,2.5,8.2,0.6,-0.6,-1.7,-0.8,-2.5,-1.1,0.1,-3.3,2.6,0.4,-6.2,2.9,7.8,1.8,2.8,0.6,3.3,3.8,-2.2,-0.3,-0.7,-2.3,-5.6,10.6,1.5,4.1,11.1,2.9,1.5,0.1,-1.7,0.4,-0.8,-9.7,0.8,-7.2,10.6,-4.2,-7.5,8.1,-5.9,-4.1,3.8,-0.6,3.2,-2.3,0.0,-3.1,13.7,1.1,1.9,7.9,-5.9,0.9,7.7,6.7,-0.6,-11.0,8.7,1.7,7.0,14.7,0.6,4.4,-2.7,1.3,1.2,0.4,-1.3,-3.4,-1.0,6.2,6.6,-2.4,4.6,1.1,6.8,8.7,-2.4,3.0,4.3,11.2,-3.0,-3.0
2019-08-22,-14.5,-3.3,10.8,18.1,9.0,7.5,-7.3,6.7,-9.2,-2.6,24.7,-16.2,-5.3,8.7,-7.3,3.6,0.7,16.8,5.9,-5.5,-2.1,1.3,0.2,-4.3,-3.3,-0.7,-2.5,-2.9,-10.1,-3.3,-3.9,-8.3,2.8,-0.4,2.5,-6.7,-14.4,0.2,-5.2,-7.4,-1.6,7.7,3.7,-3.0,-3.4,-5.1,-15.2,11.6,-1.4,-8.2,0.3,-1.2,-5.5,-6.6,-4.2,-5.8,1.6,-3.4,-6.4,8.2,-7.5,-9.5,-12.7,-7.7,2.9,1.1,0.5,-5.0,-9.2,-0.6,7.0,9.5,4.5,1.0,-0.8,-3.0,-3.7,0.5,-4.5,8.5,3.2,15.2,-6.5,-2.8,-4.1,1.8,-6.7,5.8,-10.4,5.3,-8.4,13.6,18.7,0.5,2.8,19.8,3.1,-0.7,2.0,-0.3,2.3,-5.7,3.7,-11.5,4.2,-3.5,-5.7,3.9,-10.3,-6.6,2.2,2.1,3.1,-9.9,-15.6,-1.7,-11.2,-2.8,6.2,5.3,-1.8,-4.9,-9.9,12.5,18.6,19.3,-1.1,0.7,-4.5,-3.4,-8.9,-7.3,-7.3,-6.6,-9.5,-5.7,12.6,1.1,-2.4,-1.2,3.1,-1.1,2.0,-6.3,-5.2,-3.7,-2.2,-4.9,-5.1,16.6,-8.4,-15.6,14.2,-2.2,-0.1,1.3,8.5,-5.7,-4.0,-10.7,-6.5,1.7,-0.5,-2.0,-1.5,-0.5,-3.7,-7.0,-3.4,5.1,-13.2,2.0,-4.9,-9.8,0.6,-8.8,-10.4,-0.5,-1.3,-1.9,4.1,-5.6,-0.5,3.6,8.8,-7.0,-4.0,-2.4,-15.3,-6.0,-0.5,0.4,3.3,7.4,-4.1,-0.6,6.0,-4.7,-1.8,11.2,-8.0,-16.6,-8.5,-6.0,-1.6,-0.5,1.5,2.4,-7.3,-4.9,7.2,10.3,0.5,0.1,-0.0,-4.4,0.9,-7.4,-11.0,-3.4,1.7,-0.9,19.3,-9.3,12.0,5.3,2.4,-0.9,-2.9,-1.1,3.3,0.7,-6.1,-1.0,2.0,-1.0,-2.7,4.0,10.3,-6.1,12.7,-5.1,-5.5,-6.0,-5.4,2.3,0.3,9.9,8.7,-8.6,-11.2,2.3,-10.6,-8.9,0.7,-9.9,-9.0,5.5,2.0,4.2,6.9,6.7,-10.8,-15.7,3.8,3.7,3.9,-10.3,-13.7,-1.6,-1.5,0.2,1.1,-21.1,1.4,-4.3,2.1,9.0,0.2,4.8,1.1,-6.4,4.5,11.6,11.3,-9.6,-12.3,-1.1,-0.2,3.3,0.6,-2.1,3.2,-4.7,-3.7,0.2,-5.8,4.7,3.4,0.7,7.9,3.9,2.9,1.4,9.8,-8.8,0.3,0.6,2.3,6.4,16.0,-6.0,4.7,-1.2,3.5,10.9,-1.4,1.8,-4.1,-4.8,-8.2,-3.8,-0.8,-6.4,-1.6,-5.0,-5.0,2.0,1.2,2.5,2.0,-2.1,-2.1,2.9,-4.8,-2.6,-0.8,-4.8,-7.5,11.0,-3.7,3.5,4.7,0.7,-2.7,4.6,-4.0,0.0,-0.3,-13.2,4.2,-6.5,6.7,-7.2,-5.5,7.8,-9.7,-6.0,4.6,-3.5,0.6,-6.8,-5.2,-4.9,11.3,13.1,-0.4,7.1,-11.6,-4.8,-4.1,-4.6,0.8,-18.5,2.8,0.3,5.7,9.1,-5.0,-5.0,-7.3,1.7,15.4,-0.5,-3.6,-1.7,-4.9,-0.8,7.5,-5.4,1.0,-4.7,1.6,6.1,-5.3,-14.9,-2.0,0.9,-10.2,-8.7
2019-08-28,-14.6,-1.6,17.2,13.6,2.0,-1.6,-4.4,17.6,-9.3,-2.2,22.9,-16.2,2.1,8.8,-4.6,6.0,-5.2,24.7,4.1,-3.2,-0.5,5.6,4.0,-3.2,1.3,5.4,1.9,-2.3,-3.9,-1.7,0.3,-17.7,6.4,3.3,-0.8,-2.6,-8.8,-0.8,-5.9,-2.6,1.2,9.1,-0.3,-5.4,0.2,-4.1,0.0,2.0,3.1,-1.4,-8.9,1.1,-6.1,-1.6,-0.8,2.6,-1.7,0.6,4.6,3.3,-5.8,-5.2,-2.7,-1.3,5.7,4.1,-3.9,1.4,1.3,1.1,8.6,5.6,7.7,9.0,0.2,1.4,0.4,-2.9,3.4,0.1,5.8,9.2,2.5,2.3,0.0,2.9,2.8,7.0,-8.7,3.0,-8.0,11.5,-0.8,9.1,7.4,16.4,6.2,0.0,-3.4,-1.1,1.3,-1.5,-3.3,4.6,8.2,-3.2,2.4,1.7,-3.2,1.5,3.5,3.4,4.6,1.8,-7.8,8.5,-7.6,2.5,7.5,12.6,-1.2,-1.7,-1.5,-9.7,12.7,-3.3,6.3,12.2,0.4,-6.0,-5.6,-2.0,-2.7,-1.3,-1.9,-3.7,20.4,3.7,2.0,0.8,-5.9,7.4,2.8,4.6,-1.7,-1.3,1.0,-1.4,-5.7,1.0,-2.2,-8.7,23.7,5.6,-0.1,1.4,8.3,-4.6,1.3,-3.8,-2.6,5.1,1.6,2.6,3.4,2.7,0.6,-1.3,1.8,6.0,-2.1,2.5,-0.1,-2.1,3.4,-5.2,-9.8,6.7,4.1,0.7,0.9,3.6,4.1,10.8,10.3,-2.0,-2.7,1.7,-7.6,-2.3,1.0,-6.9,0.6,-3.6,-12.3,6.3,9.9,0.8,-10.6,20.7,-1.2,1.8,2.3,-1.0,-2.7,-5.6,8.5,4.6,-6.2,-5.1,3.6,16.0,3.9,5.4,2.4,-1.5,2.6,-2.6,-4.0,-9.2,-6.6,-2.3,-2.2,-2.9,11.9,10.8,4.4,-4.6,2.6,2.6,1.1,3.3,-7.1,1.4,5.4,1.9,-6.1,8.2,11.1,0.5,15.3,-4.0,-2.4,-7.4,-3.3,4.1,1.5,12.2,7.1,-4.9,-8.5,-0.5,-9.2,-8.0,4.3,-1.6,13.2,2.9,5.1,7.4,10.4,7.7,-10.2,-5.3,7.2,3.9,1.4,-1.1,-13.8,-0.3,-3.7,4.6,4.9,-13.1,4.1,0.6,11.3,10.4,7.4,18.0,4.7,1.8,8.5,13.5,15.2,-1.4,-10.0,14.9,-5.7,-3.4,2.1,2.9,6.2,4.2,-0.3,4.5,0.8,8.5,11.2,12.1,12.4,9.7,8.0,10.8,9.4,-3.6,7.4,10.3,5.5,14.8,-3.8,5.3,11.3,-4.6,5.8,25.7,7.7,0.7,-1.0,-4.2,-12.1,0.0,3.8,-1.6,3.9,3.4,-0.7,4.2,12.2,5.3,5.5,4.8,3.9,7.8,2.7,-1.7,0.5,-3.9,-3.8,17.1,-1.3,7.9,10.4,3.4,0.9,8.7,-0.6,-1.2,1.9,-8.0,3.9,9.2,9.3,-13.9,-4.1,11.0,2.3,-0.4,7.3,2.1,-0.1,1.4,-6.7,-2.6,13.5,14.8,-1.4,8.9,1.5,-0.1,-2.1,2.9,-1.6,-12.2,9.1,-2.0,1.8,8.8,-1.1,-6.2,-1.4,5.1,-1.4,-0.2,-0.9,-1.1,3.8,-7.2,-0.3,-1.5,3.6,2.0,0.3,7.4,-5.2,-0.3,1.7,-2.5,-0.8,-2.9
2019-09-03,-13.4,-1.5,10.5,8.0,5.0,-7.5,-6.6,14.0,-9.9,-2.5,24.5,-4.0,-3.2,8.9,-5.1,-1.1,-5.7,21.5,-4.3,-8.2,-0.7,4.7,5.9,-3.7,-1.2,-1.6,-2.8,-1.3,-4.2,-4.2,-1.6,-11.2,4.1,4.2,4.9,-4.5,-5.5,-2.2,-6.2,-1.2,-0.1,14.7,10.2,-1.8,0.2,-2.1,-3.1,-3.4,-1.5,-3.3,-4.6,-0.5,-5.7,-0.6,-4.3,-6.3,2.4,-1.2,0.0,4.2,-6.9,-7.8,-4.6,-5.0,5.5,-5.8,-0.4,-2.0,-4.4,1.0,8.9,8.4,8.1,10.3,-0.3,-2.2,5.4,0.5,-2.4,-8.2,-0.6,15.8,-5.9,1.3,-4.6,1.5,7.2,9.1,-11.3,5.2,8.9,8.2,-3.1,9.2,3.8,15.6,-2.8,-2.9,1.4,-2.8,0.6,-3.1,-0.2,-4.3,-4.3,-9.3,-6.4,-4.8,9.5,-6.9,0.2,7.5,5.8,-11.1,-5.1,9.3,-10.3,0.5,11.3,13.7,-3.1,-2.2,-7.6,9.5,6.1,-4.7,2.1,11.3,-4.0,-11.0,-1.6,-3.5,-5.4,-3.9,-7.3,-6.0,14.1,0.9,-0.9,-2.0,4.1,3.9,-7.3,-9.6,-6.9,-4.2,-1.5,-4.6,0.4,0.1,-5.7,-12.2,15.4,-2.0,-3.1,-2.8,8.4,-8.6,-1.8,-9.0,-6.3,0.8,-2.4,-1.4,-0.9,-1.8,-2.7,-2.9,-2.5,1.8,-12.6,4.2,-4.8,-6.9,0.5,-9.5,-12.6,2.6,-2.8,-2.7,-0.2,-3.1,-3.3,10.8,6.1,-5.4,-6.0,0.6,-13.7,-5.2,0.2,1.6,0.4,-2.5,2.2,3.4,5.3,-5.2,5.7,13.9,-6.0,-13.5,4.4,-0.2,-4.8,4.1,12.9,2.8,-0.9,-8.8,10.8,9.7,1.1,0.1,-0.8,-3.1,4.9,-4.2,-6.4,-2.3,1.5,0.2,12.1,-9.6,6.9,5.2,1.5,-1.1,-0.1,1.1,9.2,1.0,-2.2,-2.0,2.5,-3.1,4.7,7.0,9.2,-4.8,8.7,-3.2,-4.0,-4.8,-1.9,0.6,3.0,10.1,6.2,-6.3,-8.9,5.0,-8.9,-8.9,1.6,11.3,11.8,-6.6,2.1,4.0,4.7,3.5,-5.3,-7.8,9.7,4.3,4.2,-6.4,-6.7,-4.8,7.7,1.9,0.0,-16.0,2.2,-4.4,3.2,5.8,4.6,5.3,2.2,-7.1,8.5,12.4,11.9,-6.3,-9.6,10.7,-0.7,-0.9,-4.5,0.9,2.2,-7.8,-5.1,0.1,-4.7,1.9,3.9,3.2,0.1,3.3,3.1,2.4,3.8,-6.7,-0.1,13.2,-5.1,8.4,15.1,1.1,12.7,-5.4,1.1,14.2,-2.8,-4.5,-4.7,-1.1,-7.6,-4.1,-0.6,-5.4,-3.2,-0.6,-3.9,-5.6,-4.1,9.4,-1.2,-3.2,-1.3,-1.0,-3.1,-4.5,-7.7,-4.5,-8.0,11.1,-2.9,5.2,8.7,-4.6,-5.5,2.2,-6.0,-7.2,-2.5,-13.7,2.2,-2.2,6.9,-8.5,-7.6,5.0,-3.3,-4.6,0.5,-2.5,-0.0,0.1,-0.7,-5.5,10.2,14.4,-2.0,7.4,-9.3,-3.5,-7.8,3.1,-4.1,-12.3,4.6,-2.9,-0.7,7.4,-6.8,-0.2,-6.5,-0.1,-4.3,-1.0,-0.8,-3.8,-2.6,-1.1,6.7,1.9,6.2,-4.5,-1.8,5.3,-6.5,-5.4,-0.0,-4.3,-6.8,-7.3
2019-09-09,-18.4,-4.8,7.8,9.0,-3.5,-2.8,-3.5,18.6,-9.4,-3.9,24.2,-3.2,12.2,5.0,-2.3,-0.9,-1.9,23.0,-9.9,-7.3,-0.7,-5.4,1.0,-2.8,-1.2,-5.0,-3.3,-3.4,-6.3,-5.0,0.0,-13.6,5.6,1.3,1.1,1.2,-9.8,4.5,-4.8,-3.4,-1.1,4.5,8.6,-6.6,-0.4,-3.8,0.7,-6.0,0.5,-3.1,0.1,4.1,-2.6,-3.4,0.3,-10.5,1.9,-2.5,2.4,-4.1,-6.8,-2.4,-13.6,-9.8,2.4,-0.5,1.2,-1.3,-8.3,-1.4,8.2,-10.0,12.5,7.4,-11.9,7.3,-6.6,-0.7,-4.0,-1.7,6.8,8.4,-4.3,-4.1,-3.6,0.4,-2.7,4.2,-8.7,3.2,11.7,12.2,18.9,8.9,4.6,13.9,-1.1,1.9,-9.9,3.9,9.0,2.7,2.6,-4.4,-4.2,-9.6,-7.1,-2.1,-9.4,-2.3,-2.7,1.5,3.7,-4.8,-10.0,-4.5,-9.8,-1.0,1.1,3.7,0.9,-1.2,-8.5,11.5,12.3,21.6,1.1,19.1,1.0,2.6,0.0,-11.9,-6.5,-4.7,-5.3,-6.7,12.9,-0.4,-0.7,-3.7,-0.2,8.0,-4.1,-6.9,-4.8,-3.7,-0.0,-4.4,-1.2,3.6,-6.9,-12.5,16.7,-2.1,-1.4,-2.8,8.0,-8.9,-6.4,-6.7,-4.9,1.9,-0.1,-1.4,-2.5,-0.6,1.0,-10.3,-1.9,5.5,-9.8,1.8,-5.6,-7.6,1.5,-10.1,-11.0,3.1,-1.5,-5.6,-0.8,-6.5,-6.3,-3.4,-3.3,-6.0,-2.7,1.4,-12.0,-5.6,-0.7,2.4,-4.5,-8.6,-3.5,0.3,8.0,-6.8,-3.2,13.6,-4.5,-12.4,14.9,0.8,-7.2,4.5,-1.8,2.0,0.0,-6.5,5.3,11.1,0.4,-0.6,-0.8,-3.9,0.9,-3.6,-5.3,-6.4,1.9,0.5,9.5,-8.9,8.8,4.0,-5.0,-2.6,2.6,1.6,-1.9,-4.1,2.7,0.3,2.7,-2.2,-0.1,9.0,8.0,-8.8,3.0,-3.5,-8.0,-5.4,-1.6,-1.6,-3.0,6.6,2.6,-5.6,-8.2,3.8,-8.3,-5.6,5.7,-8.8,2.3,-1.9,0.1,5.0,-0.3,3.2,-7.2,-6.0,4.3,4.1,8.9,-5.7,-7.2,-6.4,5.4,4.7,1.4,-17.2,1.8,-0.7,-0.6,-3.4,4.6,5.3,0.3,-7.4,6.4,7.9,15.8,-0.6,13.1,5.5,1.0,3.9,0.1,0.7,2.6,-0.6,-4.7,-1.0,1.7,1.6,1.3,-2.5,18.5,4.1,2.1,1.1,9.2,-7.9,1.5,14.3,7.6,7.5,12.9,-4.6,6.6,1.1,1.4,13.9,-1.1,-0.5,-3.5,-4.4,-1.2,-3.1,-1.1,-0.1,-2.8,-6.5,-5.2,-1.6,0.6,7.5,-0.0,-3.2,-4.9,2.3,-3.4,-3.4,-1.5,-5.1,-7.3,8.4,-4.7,9.4,8.8,-1.2,-2.3,0.0,-5.4,0.5,-0.6,-12.3,3.6,-4.9,6.3,-7.8,-8.6,2.0,-1.9,-3.5,1.0,-2.7,0.5,0.3,-1.3,-3.8,9.8,15.6,1.0,5.6,-9.9,-4.9,-1.1,1.3,0.5,-13.2,1.9,-3.8,3.8,9.0,-3.5,-6.4,-1.8,3.8,2.0,-2.2,-3.2,-2.0,-6.1,-0.2,7.8,-4.9,5.9,-3.6,-1.2,5.4,-5.4,-6.4,3.7,-7.0,-0.8,-4.5
2019-09-15,-15.5,-1.8,13.8,6.6,-0.1,-2.9,-5.2,13.8,-11.0,-3.5,23.4,-8.6,0.4,10.8,-3.0,-0.5,4.3,25.2,-0.4,-4.1,2.2,7.4,0.6,-3.7,2.1,-0.1,-3.0,-3.5,-5.6,-3.7,2.4,-14.7,6.8,-0.2,2.2,-3.4,0.1,-1.3,-3.4,-0.9,-3.6,7.7,4.7,3.3,1.7,-1.4,7.1,-4.4,2.1,-0.6,-1.9,3.1,-1.6,1.5,1.1,4.5,2.2,-0.8,-0.2,1.9,-4.4,1.7,-13.8,-9.3,0.9,5.0,-2.1,-2.6,-1.2,-2.7,8.8,11.1,4.0,8.2,-4.9,4.8,-9.9,1.7,-3.8,-5.2,4.6,14.6,-4.4,-1.7,-1.4,3.6,7.7,10.9,-10.2,0.7,1.4,5.8,18.5,7.6,6.8,13.6,2.9,1.9,2.1,6.1,-1.7,-2.2,-0.9,-1.9,-1.6,-8.0,-4.3,-0.5,-0.4,-2.5,-1.0,7.3,5.7,-3.5,-3.2,11.2,-7.3,2.6,8.1,15.5,-3.5,-1.4,-2.5,1.7,4.6,-2.4,7.4,15.4,-0.9,-1.6,1.6,-0.8,-3.6,-2.3,-5.6,-3.3,13.3,-0.6,-0.7,-0.0,6.0,-12.8,1.8,0.3,-3.9,-1.6,0.2,-5.2,-0.2,4.7,-3.2,-10.6,16.0,-3.6,-4.5,-3.7,5.8,-8.3,0.2,-8.0,-5.3,2.6,0.2,-0.2,1.7,-0.1,0.8,-4.5,-4.7,-2.7,-8.6,1.4,-6.4,-3.5,1.7,-7.9,-12.7,5.9,-2.1,-3.7,2.2,0.0,-3.3,-12.2,14.0,-2.9,-4.9,0.1,-10.4,6.2,-5.5,-0.1,0.3,-1.1,-0.9,0.2,10.0,-5.1,-8.1,6.1,-1.1,-7.7,7.0,-3.0,2.2,13.1,8.6,5.1,-2.3,-5.0,-0.3,13.3,1.2,5.9,1.2,-5.3,3.8,-3.5,-5.7,0.4,0.7,2.3,1.8,-5.7,10.0,10.3,0.2,0.6,2.0,3.6,1.2,5.3,-1.3,0.4,5.2,6.9,1.6,7.8,10.1,-5.7,9.8,-5.5,-1.0,-4.1,-0.7,-0.5,-6.3,8.4,10.3,-4.6,-4.6,2.2,-8.5,-6.9,9.1,-4.0,-14.0,0.0,1.6,6.4,2.7,7.5,-1.2,-3.9,9.5,5.2,13.4,-4.8,-9.3,-7.8,4.4,8.2,2.3,-18.8,1.9,1.9,1.6,9.5,6.1,10.3,2.2,-2.3,6.9,4.6,5.5,-6.2,-5.7,2.1,-4.2,3.1,-1.1,2.1,8.0,-1.5,-3.8,3.4,0.3,5.5,7.3,2.3,7.7,7.9,3.9,7.9,5.1,-1.5,3.8,15.0,7.9,6.1,13.2,-0.1,-0.6,-5.0,1.7,19.5,-7.2,-2.4,-3.2,-2.6,-5.4,-2.4,2.6,-1.5,0.7,3.6,3.6,8.7,5.8,7.6,1.0,-1.6,2.8,-0.1,-1.8,-5.8,-4.2,-4.4,-4.2,10.7,-3.4,3.7,6.9,-0.3,-1.3,-3.5,-6.2,-0.5,13.6,-11.1,-0.7,-0.7,7.8,-6.8,-8.3,7.8,-7.0,-6.6,7.5,0.9,-0.3,4.2,-3.8,-4.6,9.3,15.2,2.3,8.6,-10.4,-3.7,-4.8,3.7,-3.6,-6.7,5.6,-1.7,-1.7,9.8,-0.2,0.4,-1.8,0.6,-1.1,-0.8,-3.4,-0.7,-1.4,-2.3,7.0,-3.7,4.6,0.1,1.7,4.9,0.7,-3.4,4.2,0.3,0.8,-6.0
2019-09-21,-15.3,-4.8,4.7,1.7,14.2,-4.9,-3.3,13.6,-10.6,3.3,23.2,-10.2,-3.4,6.2,-2.3,6.1,-1.7,22.6,-4.0,-4.0,1.1,7.5,3.2,-2.8,-2.6,-10.0,6.0,-0.2,-2.1,-4.3,0.0,7.0,14.0,5.2,-4.5,-6.4,-9.4,0.4,-7.3,-1.1,-8.6,5.7,-12.8,-8.4,-2.4,-2.9,3.0,-1.0,0.4,-1.6,-0.9,3.7,-3.1,0.2,7.3,1.0,1.5,0.4,2.8,2.6,-7.8,-4.7,-16.6,-4.8,2.0,-6.7,-1.3,-2.1,-7.3,6.7,8.1,-0.8,6.5,7.9,-2.0,-3.1,16.1,0.0,-3.1,-6.8,-4.3,18.6,-5.5,-1.6,-0.4,-1.1,15.7,6.6,-14.7,2.3,1.7,6.1,2.3,7.7,8.4,14.1,5.7,0.6,5.0,4.4,6.5,-7.0,-1.9,1.1,1.9,-5.9,-3.0,-2.1,2.1,0.4,1.1,4.0,6.2,-4.7,-1.6,20.6,-5.3,1.9,5.7,9.4,-3.2,-1.3,-7.8,6.4,8.2,-4.5,4.8,16.1,-1.1,0.3,1.3,-7.8,-5.1,-3.0,-4.5,-2.4,11.6,2.0,-1.7,-1.0,12.7,2.2,-0.5,-1.4,-4.0,-1.2,-0.0,-3.3,1.7,-1.5,-4.6,-11.0,15.8,0.1,-0.8,3.0,9.0,-7.9,-1.0,-5.9,-3.8,2.8,-1.2,1.9,-0.8,1.3,-1.2,5.6,-2.4,-2.0,-8.3,2.1,-4.5,-4.9,2.7,-9.8,-10.6,4.7,1.5,-7.5,-1.6,3.4,-4.4,-3.3,-0.4,-2.5,-1.4,-0.5,-13.5,-1.8,4.3,2.7,0.4,6.5,-8.6,-2.3,7.7,-2.8,0.6,7.5,-2.6,-10.1,-8.5,2.8,-0.7,0.9,6.6,4.2,5.1,-11.0,8.5,10.7,0.6,3.9,0.3,-2.2,4.6,-3.0,-6.3,1.5,-1.3,1.1,13.3,-9.0,11.9,11.6,-2.2,0.0,4.4,4.3,2.0,4.4,2.1,1.8,6.3,4.4,3.9,4.4,6.1,-4.2,8.6,-3.4,-3.0,-5.0,0.2,1.5,5.9,14.5,3.6,-3.9,-6.0,9.6,-7.3,-9.1,5.5,-3.8,6.6,1.2,0.5,5.0,4.1,1.3,-5.7,-4.4,6.9,6.1,17.8,-3.4,-9.6,-3.0,7.5,9.7,2.4,-18.3,2.9,6.4,4.3,-5.9,1.7,12.9,2.6,-6.7,6.2,5.6,12.7,-3.6,-8.5,4.6,-5.7,2.5,5.4,-1.5,4.7,-1.3,-3.6,2.6,-3.5,4.3,1.1,-1.7,-0.2,2.2,4.0,5.7,4.3,-5.6,1.2,6.7,8.4,6.3,16.2,2.8,-2.8,-6.4,1.6,13.0,0.3,1.1,-2.2,-4.1,-5.3,-1.9,1.5,-2.3,-3.2,-5.9,-3.3,7.9,13.8,11.1,1.5,-1.9,-0.7,0.7,-3.1,-1.7,0.4,-3.5,-4.8,17.1,-3.4,3.7,3.9,-0.1,-5.0,-3.5,-3.7,-3.2,3.3,-9.6,8.1,-1.3,7.3,-9.8,-10.1,2.8,-5.3,-3.6,2.4,1.4,-0.4,0.8,-4.0,-5.0,9.3,18.1,-0.9,10.1,-6.6,-0.0,-4.6,2.6,-2.9,-10.0,5.5,-3.5,5.5,10.1,0.6,0.6,-3.3,1.2,0.3,-1.3,-3.4,-3.4,-5.4,2.7,7.6,-4.7,6.1,-1.7,3.9,4.3,-3.9,-6.8,5.1,-7.2,-2.3,-1.8
2019-09-27,-15.7,-1.2,11.9,7.7,9.6,-3.4,-6.6,16.9,-7.5,0.7,25.8,9.6,-1.4,6.2,-9.4,0.3,0.0,24.7,0.1,-5.4,1.6,9.7,2.8,-1.2,-0.6,-3.1,-2.9,-3.1,-7.1,-0.7,0.2,-16.8,2.4,-4.8,-4.0,-7.5,-1.4,3.1,-2.8,-2.8,-4.0,7.7,-11.5,14.0,-2.7,-4.9,-3.9,-0.5,1.4,-0.8,-3.2,2.5,-4.5,-0.0,0.1,-1.1,1.2,-1.0,0.2,3.4,3.5,6.4,-5.2,-3.1,-1.8,5.4,-0.6,-1.8,-5.7,3.8,12.1,-5.5,4.7,6.7,-6.1,1.4,0.5,3.1,-2.5,-1.7,6.3,15.7,-5.0,-1.6,0.4,1.2,2.0,7.8,-9.0,1.6,-1.3,3.9,3.6,7.5,8.9,10.3,-3.7,0.5,-0.3,8.6,-5.6,0.1,8.8,-1.8,0.6,-7.7,-3.1,-2.4,-3.8,-2.8,-2.9,16.2,7.4,-1.1,-6.9,4.8,-6.1,-1.6,11.8,10.7,-3.5,-4.3,-19.1,5.2,3.6,-0.1,8.5,10.0,1.6,-4.2,1.6,-1.9,-4.6,-2.0,-4.2,-6.7,12.1,-1.5,-1.7,5.8,7.9,-1.9,2.1,-3.3,-3.3,-0.7,1.0,-1.4,-1.6,0.2,-3.8,-11.6,16.1,-2.4,1.3,3.0,7.3,-5.4,-2.0,-5.8,-3.9,3.2,-0.7,0.8,0.4,0.4,2.2,-2.9,-1.9,0.7,-4.8,1.0,-3.0,-5.7,1.5,-7.6,-9.4,6.2,1.4,-5.2,-1.8,0.5,-1.5,-2.8,2.4,-3.0,-3.6,1.1,-9.9,-0.9,3.7,2.1,3.0,-20.2,13.2,3.2,10.2,-2.1,1.8,9.2,-2.1,-12.9,10.6,2.5,-2.5,5.2,2.8,5.3,12.0,-7.6,6.3,12.1,1.0,3.2,1.0,-2.0,5.4,-1.7,-0.3,-3.1,1.8,1.1,8.6,-5.2,13.8,10.7,0.4,-2.6,1.7,1.4,0.5,4.1,-0.2,1.3,3.8,0.2,-0.3,2.9,6.9,-3.1,6.4,-2.2,-1.9,-8.0,0.7,5.4,0.9,8.6,0.9,-5.0,-8.2,3.4,-7.5,-9.6,1.3,1.4,10.9,2.2,-1.5,3.8,4.6,-0.2,-4.7,-9.1,3.4,4.7,12.3,-5.5,-9.8,-1.6,3.8,-2.6,0.6,-21.8,2.4,-4.6,8.0,4.2,3.5,11.7,2.3,-6.2,11.0,5.1,12.6,-3.3,-6.4,5.0,-3.9,0.7,1.7,-1.3,4.4,-4.9,-3.2,2.3,-2.2,4.0,5.8,1.9,5.0,4.0,3.9,8.5,7.2,-6.2,3.0,9.4,13.0,6.3,16.5,-0.6,-1.5,-4.3,1.6,14.6,-3.9,-0.4,-2.7,-6.3,11.3,-2.9,1.5,-3.0,-1.8,-4.6,-4.4,2.5,14.1,10.8,0.5,-4.2,-3.0,4.6,0.6,-2.9,-0.3,-8.0,-6.0,8.7,-2.3,7.3,13.5,1.7,-10.1,1.6,-4.5,-0.5,-2.2,-11.4,1.8,-2.5,6.7,-7.1,-8.5,10.1,-4.1,-2.6,-0.4,-0.9,1.6,0.4,-3.3,-4.0,9.8,13.0,-3.8,7.5,-7.3,-2.7,-8.8,5.7,-2.0,-11.3,6.7,-1.8,-0.0,9.2,-2.3,-4.6,-8.5,4.7,1.8,-1.4,-1.3,-1.7,0.2,3.1,8.8,-3.2,2.5,-4.7,-0.5,5.8,-4.8,-2.7,1.3,-6.2,-3.8,-4.7
2019-10-03,-16.8,-3.3,9.2,-4.3,4.3,-11.2,-8.3,14.2,-6.9,-2.3,23.9,-5.7,-1.1,7.0,0.3,-4.0,0.6,20.9,1.2,-3.5,-0.7,-0.4,1.0,-3.4,-3.4,-4.2,9.9,0.7,-4.6,-3.4,-2.3,-7.5,5.1,10.5,-6.5,-8.0,-9.8,-7.5,-9.0,-4.9,-11.9,4.3,3.2,0.1,-3.4,-7.7,-7.4,-6.0,3.0,-3.5,-8.2,-1.1,-4.9,-0.7,1.7,0.3,-0.0,-0.8,1.3,3.9,2.3,5.1,-14.7,-7.1,-1.1,-11.6,-1.1,-1.0,-6.7,-9.7,6.7,4.6,7.8,5.9,-6.9,3.0,9.4,7.9,-6.1,0.3,11.6,5.3,-4.3,-8.5,-4.9,0.8,8.7,4.3,-1.3,1.0,3.9,9.2,4.3,5.1,5.3,7.3,1.5,1.0,2.4,11.9,-2.7,-0.6,-8.7,-2.6,-6.3,-7.1,-5.0,-2.2,-7.2,-8.8,-1.1,3.3,5.0,-5.3,-3.3,11.0,-7.4,2.8,4.5,4.6,13.7,0.0,-11.4,6.4,10.9,8.1,4.5,3.3,-1.8,-2.8,-0.5,-5.2,-6.2,-4.3,-5.6,-1.6,11.1,-2.1,0.8,0.6,11.7,5.8,0.8,-5.8,-6.7,-2.1,-0.5,-2.8,-0.3,3.0,-3.6,-12.3,14.3,-4.2,-0.4,-0.1,8.9,-10.7,-4.0,-7.6,-5.2,3.4,-1.3,-0.2,-0.5,1.7,-1.8,-3.2,-4.7,2.9,-7.5,-1.2,0.1,-4.9,1.5,-9.2,-9.7,2.2,1.0,5.1,2.9,-1.7,-0.3,-1.1,2.3,-0.6,-2.5,-0.2,-9.5,-4.8,1.2,-1.3,2.6,-9.2,-5.4,0.3,6.2,-1.7,1.0,8.3,-1.9,-13.4,13.2,-4.7,-11.3,16.6,-0.0,4.6,-4.8,-5.8,6.1,9.4,-0.3,-1.5,-1.1,-5.3,-1.2,-3.9,-4.7,-6.8,-6.1,0.2,9.6,-10.3,10.6,9.2,-5.0,-2.1,4.7,1.1,0.1,-9.4,-1.7,0.8,2.3,16.6,-7.3,2.1,5.4,-0.4,8.5,-5.2,-9.7,-6.9,-4.1,-0.7,-2.7,7.5,2.1,-7.1,-9.8,4.4,-9.0,-6.8,2.1,-2.8,1.5,13.7,3.4,3.3,3.5,3.9,-9.3,-5.9,5.3,3.8,-1.0,-6.7,-9.6,-4.4,14.4,-0.8,-0.5,-19.2,-0.7,-2.0,-3.6,7.0,0.1,2.9,0.8,-8.9,13.3,4.4,8.3,-4.5,-5.6,-2.6,-6.8,2.4,-5.0,-3.9,0.9,0.5,-9.4,-2.6,-3.6,-4.4,-0.9,-6.5,0.2,2.8,0.2,-0.0,1.9,-7.9,2.4,0.7,12.5,4.4,12.2,-0.2,-6.6,-5.9,-0.7,7.3,1.8,-6.5,-4.2,-3.5,-4.9,-3.6,-4.2,-5.5,12.1,3.5,-5.1,1.0,7.6,10.3,-5.5,-5.2,-2.1,-0.6,-2.7,0.3,-2.7,-6.0,-9.3,12.4,-4.0,2.4,6.8,-6.1,-7.1,-5.5,-4.1,3.4,-3.9,-12.2,5.6,-4.6,5.5,-18.4,-12.3,5.3,-13.0,-6.6,0.4,-2.1,-0.7,-0.3,-6.4,-7.9,10.6,16.8,-6.7,5.1,-11.0,-4.0,-1.0,1.0,0.1,-11.6,5.1,-1.7,0.6,7.4,-9.6,-5.5,-4.3,1.6,0.8,-0.5,-2.2,-2.2,-2.4,-2.2,5.9,-3.3,-4.0,-2.8,-1.6,4.8,-2.9,-6.4,-3.1,-2.4,-4.6,-3.1
2019-10-09,-14.5,-3.4,15.0,5.7,1.4,-7.0,-7.6,5.8,-8.5,-2.8,19.8,-8.2,-2.5,6.7,-3.8,0.8,2.6,19.0,-0.9,-9.9,-1.2,1.6,0.6,-2.6,1.8,-4.3,-1.8,-2.9,-6.0,0.2,-2.6,-0.1,-1.4,0.4,-3.3,4.0,-8.2,-6.5,-5.3,-4.5,-5.1,4.9,-4.0,-0.4,-0.3,-1.9,-8.0,-3.4,0.5,-5.5,-7.7,-0.1,-4.5,2.7,-4.4,-0.9,0.2,-3.2,4.5,5.1,-4.2,-2.9,-13.8,-1.1,-2.9,4.5,-0.6,8.2,-1.5,-9.8,7.9,0.2,9.7,9.6,-8.9,2.3,-5.4,-4.4,-4.1,-2.8,4.1,14.0,-2.8,-1.6,-2.3,2.3,4.4,4.0,-11.8,1.5,12.1,10.0,-2.7,8.3,7.7,12.5,-6.3,1.3,1.1,-4.3,5.9,-1.1,5.4,-2.6,-1.3,-8.7,-3.1,-0.5,-8.0,-2.5,1.3,6.9,5.0,-6.1,-2.2,7.0,-8.6,2.8,1.6,6.0,-6.9,-6.0,-9.3,8.9,7.2,-2.8,14.9,20.2,-1.0,-1.9,0.0,-4.7,-4.5,-3.7,-7.3,-7.3,13.6,-2.6,-3.2,-3.3,9.1,-6.9,-19.8,-12.7,-6.2,-2.5,-0.8,-3.4,-6.1,2.4,-4.0,-12.6,17.1,-5.9,-2.6,-3.3,4.4,-8.0,-1.4,-8.5,-5.7,3.2,-1.4,-1.8,-1.2,2.3,-1.8,-8.1,-5.9,1.2,-9.2,-0.2,-9.4,-9.1,-1.9,-9.4,-12.3,6.9,0.5,-1.5,-0.9,-3.9,-1.6,7.8,9.0,-5.8,-4.4,-0.3,-10.1,-1.7,4.9,1.4,-0.1,-9.5,-3.6,0.4,8.7,-2.6,14.0,-1.3,-1.3,-11.4,-7.6,7.4,-1.7,1.3,5.8,4.3,-10.2,-5.6,4.6,10.8,-1.5,4.7,-0.2,-7.9,-2.2,1.0,0.8,-2.6,1.0,-0.8,8.9,-7.0,13.3,9.5,-2.3,-3.8,2.8,-0.1,-4.6,-3.6,1.3,1.4,0.8,-4.1,1.3,13.1,14.4,-1.0,5.2,-5.7,-3.4,-6.9,-13.5,2.1,-1.0,7.9,7.8,-5.4,-7.4,4.1,-8.6,-8.8,0.8,-4.6,3.6,-6.0,-4.0,4.8,6.0,9.7,-6.9,-5.2,9.0,4.8,1.2,-7.7,-9.8,-10.1,4.3,-1.4,0.1,-19.8,1.6,-2.1,2.9,4.7,-0.8,4.3,3.5,-4.9,11.2,4.9,6.5,-2.6,-8.4,0.3,-6.4,2.6,4.4,-0.7,10.0,-1.7,-7.5,0.4,1.1,4.5,4.7,-0.1,3.6,-0.3,3.3,3.1,5.5,-2.9,-0.9,-4.4,9.9,6.2,13.9,0.1,-6.6,-6.5,-0.4,17.2,-0.1,-3.2,-2.5,-2.4,-5.2,-1.9,1.8,-1.5,1.4,-9.7,-1.8,4.4,-2.7,12.8,-2.3,-3.9,-4.7,0.7,0.6,-2.4,-1.6,-3.6,-3.4,10.9,-4.3,5.8,13.6,-7.9,-2.7,-4.1,-9.2,2.7,-0.2,-8.6,3.2,3.6,10.3,-6.7,-13.4,9.1,-5.0,-4.0,2.4,-1.4,2.0,0.5,-3.2,-3.6,10.3,20.4,-1.3,8.4,-7.5,-1.1,-0.6,2.2,1.2,-9.6,6.6,-4.0,4.4,11.8,-2.7,-3.1,-0.6,8.5,-0.8,-1.4,-4.5,-3.0,-2.8,2.6,8.0,-6.4,1.3,-2.5,2.7,7.0,-4.1,-1.3,3.7,-4.1,-3.3,-4.1
2019-10-15,-6.0,4.5,-3.5,7.3,-0.5,-2.7,-3.0,15.3,-10.1,0.6,22.1,-7.3,1.6,7.3,-2.9,3.0,7.5,22.6,1.1,-10.9,4.0,5.2,3.0,-6.3,2.3,-10.9,2.8,-1.8,-3.8,8.0,0.6,1.4,5.1,3.8,1.0,-1.5,-1.9,-2.1,-3.7,1.1,-1.3,12.9,-0.1,6.1,-0.8,-2.2,-2.7,-2.0,3.0,-2.2,-8.2,-10.1,-3.2,0.1,1.1,3.5,-0.9,-1.7,-5.7,7.0,-4.1,-3.3,-7.0,-2.9,-1.5,8.7,-3.0,3.2,-2.4,5.7,11.2,-5.9,7.5,12.7,-13.0,6.5,-0.7,-0.5,0.2,-2.7,-0.9,6.8,6.6,2.8,0.6,1.3,1.2,8.4,-8.6,9.7,-11.9,8.3,-2.8,11.3,13.3,16.3,0.8,4.5,3.1,-6.5,-8.0,8.5,-3.7,2.8,-6.8,-7.6,-0.5,1.7,-8.0,10.0,0.4,-4.8,6.9,-2.4,-14.1,20.7,-5.6,4.8,-6.8,13.0,-1.9,-4.1,-8.9,12.6,7.1,0.3,14.3,20.8,1.9,1.3,2.3,-3.9,-3.3,-1.6,-2.9,-4.2,15.3,-1.7,-2.1,-4.5,11.0,-4.5,-2.6,-3.5,-3.9,-0.8,-0.0,0.7,-5.9,4.2,-3.5,-9.4,15.9,-3.6,-3.6,4.0,9.3,-6.7,-1.6,-6.1,-4.9,4.3,0.2,1.2,-0.4,4.8,5.8,-4.8,0.6,-1.9,-8.9,4.6,-11.4,-4.4,1.3,-5.8,-7.8,6.8,1.3,4.0,5.6,2.2,-1.3,6.9,9.7,-5.8,-3.0,5.7,-7.8,0.1,3.5,6.4,-7.5,-2.2,10.5,4.5,12.2,-3.4,-11.3,-2.5,-3.5,-8.9,1.4,-1.5,7.0,6.6,5.8,6.1,1.0,2.6,9.3,16.1,3.8,6.8,1.3,-1.8,-0.1,-1.5,-3.5,6.9,1.6,-0.1,11.2,-4.3,11.8,7.7,-4.6,-0.5,3.1,3.4,2.5,2.3,0.9,4.2,6.8,1.8,1.3,3.4,12.6,-2.9,9.7,-2.1,-2.7,-2.4,-0.9,1.2,1.2,6.7,8.2,-4.0,-6.2,5.1,-8.5,-6.1,1.3,-2.3,0.6,8.2,4.1,6.3,3.9,10.0,-4.9,-4.3,9.2,7.3,-2.3,-4.6,-6.5,-4.0,2.0,-0.6,0.3,-22.2,3.2,-4.6,3.5,4.2,4.2,6.3,4.1,-4.5,9.2,6.6,9.5,-1.8,-3.1,1.2,-6.4,3.1,3.0,-3.3,7.2,-0.4,-0.9,0.7,5.1,0.9,3.9,2.7,4.2,7.6,5.5,3.0,3.4,-0.9,4.1,4.9,10.8,8.5,14.2,3.5,-4.6,-6.8,0.7,23.9,-6.4,-2.0,-1.2,-0.5,-2.8,-1.1,4.0,-2.7,1.1,2.7,0.1,-9.9,-9.6,6.6,1.3,-0.4,-3.0,3.3,0.1,-5.2,-2.3,-1.9,-3.3,10.3,1.9,5.7,8.6,0.0,-2.2,0.6,-5.0,0.8,0.9,-9.0,-0.5,-5.4,8.6,-2.5,-5.5,3.9,-3.1,-0.1,3.7,-0.4,3.7,-1.1,-3.6,-2.6,12.4,16.9,-0.7,5.7,-8.0,1.1,0.6,4.8,0.0,-7.8,9.9,-2.0,1.5,11.9,1.1,-1.0,1.4,2.9,1.7,-1.6,-4.2,-3.6,1.0,4.9,9.0,-4.9,3.8,-3.2,0.6,5.7,-4.8,-0.7,3.4,-8.3,-3.6,-3.7
2019-10-21,-16.4,1.7,16.5,1.1,16.8,-11.1,-8.8,11.9,-8.6,-0.2,21.6,-5.3,-7.0,7.8,-7.2,-1.9,0.5,21.1,-8.2,-6.4,3.4,4.6,-0.3,-1.8,-4.3,-2.9,-1.2,-4.8,-5.6,-1.9,0.0,5.3,1.4,5.7,-8.9,-5.8,-7.4,-7.6,-5.8,-0.8,-0.4,4.6,-3.1,-2.3,0.5,-2.8,-9.5,-3.9,1.7,-4.0,-12.5,-1.7,-5.9,-1.4,-3.6,-0.5,-2.2,-2.3,-1.6,4.0,-9.6,-6.5,-10.0,-5.1,0.2,-4.0,-6.4,-8.3,-5.8,7.2,8.2,-2.0,2.2,7.3,8.9,4.6,-3.9,-5.9,-3.5,-5.4,1.7,13.0,-8.2,-1.4,-4.5,3.3,15.0,5.7,-12.9,-0.4,-2.9,-0.1,6.3,7.6,4.4,19.7,0.9,3.4,3.5,7.2,1.4,4.9,0.9,-0.9,-5.1,-4.3,-3.3,3.9,-8.2,-9.4,1.1,1.3,5.5,-5.7,-5.7,9.4,-7.8,-1.0,8.8,7.7,-8.4,-6.1,-20.1,-2.6,4.5,0.8,-0.3,13.9,-1.5,-2.2,2.1,-4.0,-3.7,-2.8,-4.1,-3.8,9.3,-2.7,-10.0,8.8,10.1,-7.9,-15.0,-8.7,-6.4,-1.6,1.0,0.3,-2.7,-4.4,-3.0,-10.7,14.0,-5.0,1.5,5.6,8.9,-7.8,-5.8,-4.0,-2.9,3.1,-0.2,0.7,-1.6,1.2,-2.5,-4.6,-1.8,3.8,-6.0,0.9,-5.5,-5.4,0.3,-7.1,-10.8,4.6,-1.4,-0.3,-2.3,-3.1,-0.8,3.2,1.7,-6.7,-3.2,2.1,-8.7,-5.0,1.9,2.4,10.9,3.1,-7.3,-0.5,7.5,-6.9,-1.7,8.7,1.8,-13.1,-4.5,-3.3,-1.5,1.3,5.9,4.0,7.1,-6.0,8.0,11.4,0.2,0.6,-0.6,-6.4,15.5,-5.2,-5.4,1.0,-0.8,-1.4,17.0,-7.0,7.7,9.4,-4.6,-4.3,1.2,3.1,-1.8,1.7,-0.5,1.2,5.0,-0.8,0.8,1.8,0.4,-9.1,8.9,-4.0,-6.5,-4.8,-2.7,-1.0,-0.9,8.4,5.5,-6.0,-7.8,5.9,-9.1,-9.3,-2.5,-3.4,1.7,3.6,-4.1,4.4,3.4,2.2,-6.0,-6.8,5.7,5.8,7.2,14.3,-10.3,-0.2,3.4,-6.8,-2.9,-19.2,1.0,-9.1,1.6,3.8,1.1,5.5,1.7,-4.1,4.2,4.0,7.3,-3.5,-12.6,0.3,-5.9,3.0,3.5,-4.3,4.0,-5.8,-3.5,-0.6,0.7,3.4,1.7,-0.6,1.6,4.2,2.9,2.8,6.8,-5.7,0.6,4.5,-1.2,4.6,12.6,-0.5,-4.3,-6.6,-0.0,13.9,-2.1,1.5,-3.3,-5.2,-5.9,-3.4,1.9,-3.7,-2.3,-1.1,-3.8,-4.4,0.8,9.9,-0.7,-1.7,-1.7,1.3,-3.9,-4.0,-0.1,-5.7,-5.4,15.4,-2.6,7.5,10.1,-3.3,-3.3,-2.9,-9.4,-0.1,-1.9,-12.3,-7.8,-4.0,9.6,-9.0,-11.3,3.2,4.2,1.3,-0.8,-1.5,2.5,0.1,-7.8,-6.4,13.1,14.4,-1.0,6.5,-7.1,-1.2,2.8,1.5,-2.0,-12.9,5.6,-1.5,3.9,9.6,-2.7,-4.7,-1.2,2.2,1.9,-4.2,-4.8,-3.5,-11.2,-0.4,8.9,-6.8,1.8,-0.9,1.0,7.0,-6.7,-4.5,0.7,0.1,-5.1,-4.4
2019-10-27,-6.0,3.9,-4.2,7.3,2.6,-3.3,-5.3,12.8,-8.9,7.0,21.3,-6.4,2.5,8.2,-6.6,2.8,1.3,20.9,0.8,1.5,2.8,6.8,11.0,7.7,4.1,-8.1,4.1,-3.1,-3.0,-7.3,0.3,-0.6,0.5,4.1,-3.0,2.6,-0.9,-7.5,-4.9,1.0,-0.0,5.8,-2.8,0.6,-0.9,6.0,-15.0,3.6,2.7,-1.9,-2.7,-0.1,-4.0,0.2,-2.2,5.3,4.6,2.0,0.6,5.2,-4.7,-3.3,-10.1,-4.9,-14.2,1.9,-3.8,-1.1,-0.9,1.5,9.6,9.5,-5.2,8.5,-13.1,8.3,-0.3,0.7,5.0,-2.0,3.6,17.9,0.3,4.2,0.8,1.4,2.4,3.7,-8.3,6.3,0.4,-6.0,-0.4,7.8,11.6,19.4,1.9,1.6,2.8,7.1,-4.5,4.7,-0.0,1.0,0.8,-5.5,-5.8,-0.6,0.6,2.2,0.7,4.8,4.4,-6.0,4.8,20.4,-5.1,5.3,3.7,7.1,-4.3,-3.5,-8.3,-2.5,11.2,5.5,18.5,22.6,3.3,-1.9,-5.4,-1.5,-4.3,-3.5,-7.4,-0.5,22.1,-1.0,1.5,-5.0,11.1,6.6,2.6,-5.4,-4.7,-3.0,-0.7,-1.1,-5.3,9.8,-1.1,-11.6,20.3,-5.6,4.0,1.0,8.2,-9.9,-2.7,-2.6,-5.4,3.5,0.4,-0.3,1.1,2.0,1.4,-6.0,0.8,3.5,-7.4,4.7,-6.4,-3.3,1.7,-6.6,-9.8,8.4,1.8,-1.7,-3.3,-3.4,-0.5,2.4,9.8,-2.5,-1.0,7.8,-8.4,-1.0,5.1,3.0,5.5,-4.2,-10.4,6.5,11.4,-9.9,-7.6,-7.1,-0.8,-5.8,1.5,3.4,2.4,7.7,2.2,4.5,-6.3,-1.8,8.2,14.7,4.9,4.0,0.1,-2.5,7.7,-2.5,0.0,4.1,9.5,1.1,10.6,-3.6,13.4,7.9,-7.7,-2.2,0.6,1.8,1.7,3.7,3.4,2.0,9.8,1.6,0.8,11.5,17.4,8.2,17.7,-1.1,-2.9,0.4,1.9,-0.5,-5.5,4.7,2.5,-3.9,-5.2,6.1,-9.9,-2.3,2.6,-4.4,8.1,4.2,0.9,-3.1,2.4,0.6,-7.9,-6.7,5.8,6.8,3.7,-0.4,-7.8,3.5,1.9,-1.9,-1.7,-15.7,3.1,-4.4,-2.6,2.7,-1.8,1.6,3.8,-3.4,9.3,6.4,7.0,-1.9,-4.3,3.2,-4.1,4.8,-6.8,0.8,10.7,-11.4,-5.1,2.0,-8.7,0.4,0.8,2.3,0.9,1.9,3.8,1.9,2.7,-1.3,5.2,9.2,11.8,7.5,14.0,4.6,4.1,-5.9,1.8,18.2,1.4,-1.3,-1.5,-4.8,-1.5,-1.2,3.4,-5.2,1.1,7.7,-1.0,2.4,11.1,13.8,1.2,-5.8,-2.5,3.0,0.9,-2.6,-4.3,-2.4,-3.0,10.0,2.1,4.2,13.2,5.5,-1.7,-9.6,-6.5,1.2,3.4,-7.3,0.3,-2.8,8.4,2.9,-4.7,2.6,10.2,-2.0,5.9,3.4,8.1,1.2,-2.8,-3.1,8.5,12.0,2.4,8.0,-9.4,-3.2,-1.9,1.8,-0.9,-5.9,6.6,-4.4,6.9,12.3,-1.2,0.1,1.6,3.9,1.5,-3.3,-3.1,-3.3,-12.2,-6.7,4.3,-5.2,0.1,-3.4,0.8,4.9,-4.3,-5.2,1.3,-2.6,-3.3,-4.6
2019-11-02,-18.3,1.9,6.6,5.4,11.6,-3.0,-1.7,12.3,-10.5,-2.4,21.7,-7.1,1.9,5.4,-3.9,-1.8,3.8,22.0,1.7,-6.9,4.2,6.0,-2.5,1.9,0.4,-3.5,-1.6,-5.8,-3.5,-2.4,-0.6,-9.3,2.9,3.4,-2.8,-2.4,-6.2,-8.5,-4.4,-3.1,-0.3,5.6,1.1,-0.9,-4.5,-2.0,-9.4,-4.7,1.1,-2.2,-8.6,-2.5,-3.9,-0.1,-0.1,-1.7,1.7,-0.3,0.5,1.3,-6.2,-5.2,-9.6,-4.7,0.5,13.9,-0.6,1.8,-3.8,-1.0,9.5,-2.5,4.3,5.7,-12.8,-8.7,0.7,2.1,-4.2,-6.0,5.5,10.1,-3.2,0.6,-0.1,2.5,0.8,5.7,-11.9,-0.6,-0.2,2.2,6.2,6.5,6.3,17.6,8.5,0.8,0.6,2.0,-8.0,-10.7,-0.2,-3.7,-2.7,-9.5,-5.2,0.7,-8.4,-3.4,-4.9,8.5,6.4,-1.6,-10.6,2.4,-4.5,6.9,2.5,6.6,-8.9,-5.3,-7.8,-0.7,8.9,8.7,11.2,17.1,-1.3,-4.8,-0.2,0.2,-3.3,-2.9,-2.6,-1.7,14.9,6.5,-5.2,-4.2,11.6,1.3,-7.4,-5.4,-6.3,-3.5,0.3,-0.9,-4.1,7.5,-0.2,-10.3,16.4,9.0,-4.8,3.6,4.9,-7.8,-3.1,-8.6,-5.5,1.4,-0.7,-0.8,-0.5,1.8,-3.2,-4.3,-0.4,3.5,-11.6,2.9,12.1,-6.5,-0.2,-10.8,-11.6,5.5,0.2,-1.7,1.1,-0.2,2.5,4.6,3.8,-2.0,-5.6,0.2,-12.3,-1.2,2.7,3.1,2.0,-9.6,-6.0,1.9,7.8,-4.3,-2.1,4.8,-2.2,-12.1,1.0,-3.0,-4.0,7.4,5.5,4.3,0.7,-2.1,7.9,11.1,-0.7,3.0,-1.3,-5.7,2.5,-2.8,-2.0,-5.8,-1.1,1.5,8.3,-6.9,7.7,5.1,-4.6,-2.8,3.0,1.8,-2.4,0.9,-2.3,3.0,5.3,-2.2,-3.2,2.9,20.7,-4.7,11.7,-4.8,-3.2,-3.2,-1.8,-2.5,-2.4,8.8,3.0,-8.4,-11.1,5.8,-8.0,-3.4,1.0,-6.8,1.1,3.3,4.8,1.3,0.5,0.9,-10.5,-5.4,2.6,5.0,2.9,-12.3,-7.7,-2.3,2.7,-3.7,-0.5,-22.3,1.6,1.2,6.0,2.0,-0.4,1.1,0.1,-1.7,9.8,3.7,7.9,-2.1,-2.1,1.2,-6.5,1.8,-0.7,0.2,8.3,-0.2,-5.1,0.4,-4.1,1.6,1.5,0.9,-1.5,-3.0,0.7,0.9,7.5,-0.7,-0.9,-1.7,10.5,4.7,13.8,1.6,-0.2,-6.5,-1.3,15.9,1.8,-3.9,-4.1,-3.7,-5.4,-3.5,-2.0,-4.2,-2.0,-4.9,1.5,-3.1,-0.0,10.7,-2.7,-3.2,-3.8,0.4,-1.5,-9.3,-6.5,-4.1,-6.6,-3.1,-4.2,5.2,9.4,-3.8,-2.8,-0.9,-10.2,-1.0,-0.5,-12.4,-6.7,-7.0,9.9,-5.1,-8.3,3.4,5.6,-3.9,0.7,-3.4,-1.5,-2.2,-5.1,-4.3,13.2,18.8,-5.4,5.8,-10.1,-3.3,-8.1,1.5,-2.0,-16.0,7.9,-5.7,2.7,9.2,-3.5,-2.1,-2.2,4.5,1.4,-4.6,-5.7,-5.7,-3.6,-5.0,4.5,-6.0,2.4,-2.8,-1.9,3.7,-6.3,-5.5,-2.0,-5.0,-1.1,-5.8
2019-11-08,-12.3,1.8,2.0,1.5,13.3,-5.9,-9.7,11.8,-12.5,1.7,19.5,-6.8,0.0,4.9,-3.5,2.7,4.3,21.2,1.2,-2.5,2.8,1.1,-2.3,-0.7,1.8,-4.5,-3.3,-5.2,-7.1,-2.1,-1.0,-5.6,1.8,-3.7,-4.9,-6.9,-5.2,-7.9,-2.2,-2.9,-4.4,5.4,0.0,0.6,-1.9,-1.5,-8.1,-3.7,2.2,-2.2,2.3,5.7,-6.7,-0.4,-1.5,-1.5,-0.5,-0.5,-2.8,3.3,-8.3,-5.0,-14.5,-8.0,1.6,1.4,0.7,-0.8,-2.2,-5.2,7.3,0.4,6.3,2.4,-10.5,6.3,1.5,-6.5,-2.9,-5.7,1.4,10.1,-3.6,0.2,-1.9,-6.2,-2.7,4.1,-12.4,2.6,10.3,10.9,11.6,3.6,4.6,7.0,-2.2,-1.9,-4.0,0.3,14.1,2.3,-2.8,-2.9,1.3,-10.1,-3.6,0.4,-9.3,1.0,-1.5,6.0,4.7,-4.4,-14.0,-1.4,-7.8,3.8,3.9,5.4,-5.2,-5.1,-12.0,11.6,15.3,12.4,4.8,11.3,-1.4,-5.2,-1.6,-0.6,-4.0,-2.4,-6.3,-2.0,15.1,8.3,-5.7,-6.9,18.1,8.6,-11.3,0.4,-6.4,-5.2,-3.3,-1.3,-2.1,5.9,-0.7,-10.2,15.6,3.0,-6.8,2.9,3.4,-8.6,-2.4,-8.9,-5.3,0.8,-2.9,-2.2,-2.3,-0.1,-6.6,-2.7,1.3,5.1,-8.6,1.4,-1.7,-6.8,-0.1,-10.9,-10.8,5.5,0.4,-1.2,-6.2,1.7,2.2,1.7,-0.3,-3.6,-4.7,-3.0,-9.9,-7.1,1.7,2.5,0.8,4.3,-7.1,0.9,8.5,-6.8,-2.4,3.2,-3.9,-10.7,0.4,-0.2,-3.1,2.7,-0.0,5.4,9.0,-2.2,5.9,11.3,-0.6,7.1,-1.6,-4.7,0.1,-3.3,-1.1,-3.2,1.5,-0.2,14.0,-7.6,8.7,-6.0,-3.1,-4.9,1.5,0.5,-1.6,-2.3,-6.3,2.6,4.8,-1.3,-4.7,5.1,9.0,-9.0,11.0,-5.3,-3.5,-5.3,-3.2,-4.0,-4.9,4.3,-0.2,-9.0,-10.9,5.7,-9.7,-5.8,0.9,-5.0,-5.0,-3.2,-4.9,0.7,-2.4,-1.1,-8.6,-6.1,3.6,5.0,5.8,-8.8,-7.9,-5.8,8.5,-1.0,-0.6,-20.3,0.1,-0.8,0.6,3.9,-8.1,4.9,0.0,-4.4,7.5,3.7,8.4,-3.6,-2.1,0.1,-5.6,1.3,-1.3,-0.8,6.4,-4.6,-5.7,-1.9,-3.7,-0.0,-0.0,-1.9,1.7,-4.9,1.0,2.6,0.1,-3.5,-2.5,-8.4,10.1,5.1,14.3,-0.2,-2.5,-7.0,-3.4,14.6,1.0,-6.2,-4.2,-5.5,-5.9,-4.2,0.0,-4.8,-2.9,-3.8,-1.2,-0.2,2.7,12.8,-5.1,-4.4,-5.6,-0.3,0.2,-10.1,-4.4,-5.6,-6.0,13.2,-0.1,-0.7,20.3,-5.8,-4.0,-4.3,-10.7,-0.1,-0.9,-12.7,5.6,-4.4,7.0,-6.1,-12.9,-2.8,-0.2,-6.6,1.7,-1.1,0.5,-2.0,-4.9,-5.1,12.0,17.6,-1.2,0.3,-13.8,-6.9,-6.5,-0.5,-2.8,-12.7,7.1,-5.5,1.5,8.0,-5.2,-4.1,-1.3,2.6,-1.9,-7.7,-7.9,-5.1,-4.6,-4.2,4.0,-7.0,1.5,-1.9,-1.9,4.7,-4.1,-3.0,-1.7,-2.5,-4.5,-6.1
2019-11-14,-13.5,1.9,5.7,5.7,-5.1,-5.2,-5.1,16.2,-10.7,1.3,21.8,-8.1,-2.3,5.6,-4.2,6.0,0.8,21.9,-1.7,-6.0,-6.0,4.6,2.4,-4.1,-0.2,-5.8,-6.4,-3.7,-5.5,-3.3,-4.4,-6.8,4.6,-1.6,-3.0,-2.9,-2.2,-5.0,-1.9,-3.3,1.4,5.2,-0.2,1.2,-4.4,-0.9,-5.5,-6.9,-0.9,-3.9,-9.6,4.0,-4.1,1.7,-1.9,-1.7,-0.6,-1.2,-0.7,4.3,-3.3,-2.3,-11.3,11.3,3.9,10.4,-3.7,-3.0,-4.5,-2.4,8.6,2.0,8.6,7.1,-11.7,7.0,4.1,8.2,-4.7,-3.6,7.2,13.8,1.2,2.6,-0.8,-0.1,-1.6,2.8,-10.4,-2.8,11.0,9.3,12.5,6.3,6.0,12.4,-4.3,2.2,0.0,-3.7,7.3,4.1,-2.3,-2.6,-4.8,-9.2,-6.3,-1.7,-4.8,2.0,-0.8,4.1,6.4,-2.8,7.1,-1.3,-6.1,1.0,2.5,5.5,-8.2,-7.0,-6.5,7.7,8.5,10.5,9.3,15.1,-2.2,-1.5,-1.5,2.7,-3.4,-2.3,-4.8,-3.7,14.0,-2.9,-7.2,-5.2,10.3,-5.2,-11.2,-5.5,-4.9,-3.4,-2.1,0.4,-3.0,0.3,0.1,-10.6,16.3,-9.1,-7.1,-0.9,8.7,-6.8,-4.0,-9.5,-5.4,2.4,-2.6,-0.9,0.6,2.8,-2.7,-10.4,-15.2,6.5,-9.8,1.5,-12.5,-7.0,-0.3,-7.1,-11.2,7.0,-3.0,-1.7,-1.1,-5.2,7.1,0.1,-2.7,-2.4,-5.1,0.1,-10.1,2.5,8.5,0.3,5.5,-9.4,-0.0,1.5,9.9,-8.6,-4.5,3.9,-1.7,-13.1,-0.3,-5.1,-3.3,3.1,1.5,4.6,-5.9,-0.4,6.5,11.7,-1.0,0.9,-2.2,-6.5,-0.2,-4.6,-4.0,-0.7,-1.3,2.7,15.9,-7.7,5.1,6.0,-6.9,-4.1,3.0,1.9,1.5,-3.2,-0.8,3.3,3.7,-1.7,-1.9,4.6,11.9,-8.5,12.9,-6.4,-5.9,-4.7,-3.0,-3.4,-5.8,2.5,-0.0,-7.7,-10.8,7.0,-10.3,-3.9,2.4,-4.3,-0.4,-2.3,2.3,4.8,-0.6,1.0,-9.5,-5.7,0.4,6.6,9.1,-6.1,-8.7,-5.7,5.1,-0.6,1.0,-24.4,2.3,-4.9,-2.6,3.8,-4.1,3.1,1.1,-2.6,7.8,4.1,11.6,-2.7,-7.0,-0.6,-5.2,1.9,2.0,2.5,9.3,-1.2,-5.4,-2.3,-1.4,-0.1,0.1,0.1,-0.4,-3.3,0.4,2.0,-3.2,-2.2,0.5,-2.3,10.9,6.2,15.9,0.6,-5.4,-5.6,-4.6,16.1,2.8,-2.7,-2.9,-1.7,-5.3,-2.9,-3.8,-4.4,-1.8,-0.6,4.2,0.4,7.4,12.3,-5.1,-5.2,-6.8,2.2,1.0,-11.1,-6.7,-4.2,-6.5,11.7,-7.6,6.4,15.3,-6.2,-5.6,-0.9,-10.2,8.0,1.6,-10.4,8.2,-0.1,9.7,-12.4,-13.0,3.1,6.4,-11.4,2.3,0.8,3.0,2.8,-3.8,-6.9,7.4,10.6,-1.3,5.7,-13.7,-4.7,-2.5,-1.2,2.8,-5.5,5.1,-4.9,4.2,8.9,-5.8,-0.1,-1.3,7.2,4.9,-2.6,-4.3,-4.3,-2.9,-0.8,6.8,-4.8,0.8,-0.7,-0.3,7.7,-1.3,-1.9,-0.1,0.0,1.9,-1.7
2019-11-20,-14.1,-1.0,9.5,10.0,5.6,-1.1,-6.5,7.7,-15.8,-1.4,16.4,-4.6,-7.8,6.0,-5.1,3.2,3.3,20.3,-2.9,-4.9,-5.1,0.1,-1.2,-1.4,0.4,-4.9,-1.1,-3.1,-5.1,-2.4,-4.6,-6.9,4.7,-0.6,-3.0,3.4,-7.0,-5.2,-4.5,0.3,-4.6,3.9,-1.5,-2.9,-3.0,-2.9,-7.7,-13.3,-1.6,-3.4,-8.2,-0.0,-6.0,-3.7,-2.1,-2.7,-0.8,-1.0,5.8,3.4,-6.1,-1.9,-13.6,10.6,4.5,-4.3,1.4,-3.4,-4.8,2.1,7.4,3.8,7.2,9.6,-13.4,4.7,3.7,0.7,-3.5,-2.7,-1.6,15.0,-4.6,4.2,-1.0,-2.5,7.2,1.9,-11.6,-0.8,9.6,10.0,9.6,9.9,8.0,11.5,-0.7,0.9,-0.4,-5.2,0.6,2.4,2.2,0.8,1.3,-6.2,-5.4,1.0,12.7,-1.3,-7.5,4.6,7.1,-3.2,-2.9,11.1,-7.1,2.4,-0.4,4.1,6.9,-3.1,-18.0,3.9,11.2,11.1,8.1,11.8,-1.7,-4.2,-1.4,-7.8,-4.9,-2.5,-4.7,-3.9,11.8,8.4,-8.5,-15.7,11.2,-11.4,-12.6,-5.5,-6.2,-3.3,-0.3,-4.9,-1.9,1.2,-3.0,-11.0,15.0,7.3,9.9,8.1,5.5,-7.4,-3.9,-7.5,-3.9,1.2,-1.3,-2.2,-0.3,0.3,-2.2,-10.5,-3.0,-1.0,-6.7,3.0,-6.4,-7.0,2.0,-8.3,-10.6,5.7,-4.5,-7.0,-4.1,-8.4,-2.2,2.5,1.9,-0.4,-1.7,1.6,-9.6,0.5,5.2,1.7,5.7,-11.6,0.2,1.6,8.9,-5.7,-1.5,7.5,-1.5,-11.8,1.2,-4.6,-2.5,1.3,-1.0,4.4,-0.8,0.5,8.3,12.1,-0.0,3.2,-0.7,-7.0,-0.5,-5.0,-10.6,-0.6,4.0,2.3,21.7,-4.5,8.2,7.0,-7.6,0.1,2.1,2.9,2.5,0.4,1.8,2.4,6.2,-2.8,-2.0,0.6,2.3,5.4,10.2,-4.6,-4.1,-3.7,-0.2,-2.8,-7.5,2.7,7.4,-7.0,-10.5,6.3,-9.5,-5.9,5.7,-5.1,-4.2,-2.0,0.2,3.3,0.5,-8.1,-8.5,-5.4,1.7,6.3,13.1,-4.7,-11.3,-3.5,9.7,2.7,2.7,-18.7,2.4,-15.7,1.4,-6.6,-1.9,5.3,1.1,-3.7,8.2,5.1,11.7,-2.1,-7.8,-0.2,-5.5,3.6,2.3,1.7,2.1,1.2,-5.8,-0.9,-2.5,1.0,-0.0,-0.1,-2.7,-0.9,-0.1,2.9,3.3,-5.1,1.2,-9.0,7.4,5.0,14.8,2.1,-3.5,-6.1,-2.7,15.6,4.3,-3.7,-3.8,-8.8,-4.5,-3.0,-3.0,-8.4,10.5,-2.7,0.0,-3.0,7.4,6.2,-4.3,-0.6,-7.4,3.6,-0.5,-9.6,-3.0,-10.9,-6.6,8.8,9.2,1.8,-1.9,-3.8,-0.4,3.0,-12.5,12.1,-9.0,-8.5,4.2,3.4,8.1,-9.4,-11.3,2.3,10.8,-9.7,4.5,2.9,1.9,4.4,-5.7,-6.5,10.4,16.4,0.2,3.2,-12.8,-4.3,-6.2,1.5,3.8,1.8,6.4,-6.1,1.6,7.4,-5.0,-4.1,-1.7,9.5,6.2,-5.8,-5.3,-4.7,-4.9,-5.9,4.5,-5.0,1.6,-0.7,1.9,6.2,-6.1,-4.2,-1.8,0.2,-2.6,-6.0
2019-11-26,-14.1,4.2,2.5,5.8,1.6,-1.8,-3.4,11.6,-13.3,2.3,20.3,-8.7,0.7,8.5,-1.5,5.1,6.5,22.5,1.7,0.8,2.1,1.2,2.6,-0.3,1.9,-14.2,0.3,-0.8,-2.9,-1.0,1.3,-5.7,4.6,1.4,4.8,0.4,-1.3,-3.7,-3.7,1.5,-6.9,6.5,-5.8,-2.2,-1.0,-1.2,0.9,5.7,5.5,-0.6,6.9,-2.8,-0.8,-0.6,-3.2,-9.6,2.0,0.6,-1.9,4.9,-5.2,-0.6,-9.0,-7.9,-1.1,7.7,0.4,3.1,-1.3,0.1,9.9,8.1,7.6,9.8,-9.4,6.6,4.0,4.1,-5.3,-2.3,3.7,5.4,0.9,-2.7,1.0,2.1,12.0,11.8,-9.7,-0.2,3.2,15.7,18.4,6.4,7.0,7.6,1.2,1.0,2.2,0.3,11.0,6.3,-2.4,-1.5,-3.1,-5.6,-1.7,-0.5,3.2,1.1,3.0,2.4,7.8,0.6,4.2,10.0,-7.8,0.4,-0.1,5.0,12.8,-3.8,-4.5,-9.4,11.5,13.9,12.1,13.5,4.6,-1.5,4.3,3.8,-1.5,-0.5,-0.6,-1.9,12.5,-8.0,-2.8,-4.4,13.7,-2.2,-14.7,-0.5,-3.3,-0.8,1.5,-1.0,-1.9,5.5,3.8,-10.0,13.8,-7.4,2.8,7.3,3.9,-6.3,-0.6,-8.7,-5.6,3.5,0.3,1.1,0.2,-10.4,-3.1,2.6,4.0,5.8,-5.5,2.8,-1.8,-4.1,3.0,-6.8,-7.3,9.1,1.2,-0.5,3.3,8.2,2.6,2.0,12.1,1.0,-2.1,3.3,-7.6,1.9,7.4,-0.5,10.8,-10.5,2.9,5.7,12.2,-3.8,-3.5,5.7,2.0,-6.0,1.7,-1.0,0.0,3.9,5.1,4.5,2.4,4.4,13.3,13.6,0.4,6.3,1.8,1.6,11.2,1.2,0.4,-0.9,6.3,4.3,13.2,-5.3,10.3,9.4,3.8,3.9,5.7,5.3,2.9,2.1,4.7,8.3,8.8,0.5,3.6,7.5,13.4,-1.6,16.9,-3.2,-3.8,-3.2,-3.3,0.5,2.5,7.5,5.8,-5.4,-8.5,8.2,-8.0,-4.6,5.4,-3.3,-0.3,-2.7,0.8,6.9,2.2,2.6,-9.2,-2.0,3.3,8.9,16.4,-5.0,-7.8,-2.4,4.2,1.3,3.5,-21.2,4.1,-0.0,0.1,6.1,-1.7,7.6,3.0,-3.3,11.1,5.3,6.1,-0.1,-1.7,3.1,-3.9,3.6,10.2,3.1,8.2,2.2,-2.4,1.4,-1.1,-0.6,0.6,0.8,2.8,3.1,2.9,6.0,8.0,-5.6,2.5,9.1,13.6,7.5,15.8,2.9,-1.5,-4.6,3.7,20.8,-0.3,2.3,-0.6,-3.2,-2.7,-0.3,4.0,-1.7,2.1,-0.4,-0.1,0.2,7.0,18.1,-0.5,-3.7,-1.5,5.0,3.3,-5.5,-3.7,-2.6,-2.8,12.3,-15.4,6.0,6.6,-9.1,-3.3,5.0,-4.3,5.7,0.5,-19.1,8.8,-2.1,9.3,-4.2,-8.6,4.2,7.3,-2.8,1.2,6.5,4.5,3.3,-1.9,-2.3,12.1,5.1,-0.2,5.0,-7.9,-1.5,0.8,2.9,4.0,-2.4,4.3,-3.5,4.6,11.6,-1.6,0.5,0.3,8.4,5.4,1.4,-1.9,-1.7,-0.3,3.7,8.9,-2.5,2.2,1.3,3.7,7.9,-4.0,-2.0,1.9,0.4,0.1,-3.8
2019-12-02,-14.8,0.8,12.3,5.7,6.8,-5.5,13.0,9.1,-14.2,0.5,20.1,-3.1,1.9,6.3,-8.7,1.7,3.0,21.7,4.0,-7.4,-6.1,-2.0,0.4,-0.6,-0.6,-5.8,1.1,-2.6,-2.9,3.1,-3.5,-7.0,1.6,2.0,-0.3,-6.2,-4.9,-2.7,-4.5,-4.1,-7.0,5.2,-3.0,1.5,-2.0,-6.0,-4.8,-4.5,1.5,-2.0,-6.0,-0.9,-2.7,-2.8,-4.5,2.1,2.1,-4.8,-3.7,1.8,-6.1,1.1,-11.9,10.7,1.0,-10.1,-2.0,-3.0,-13.0,-7.1,6.8,0.7,5.0,7.6,-7.2,8.8,0.5,-2.3,-4.7,-3.5,-6.7,15.9,-1.6,-2.5,-1.3,1.7,7.3,5.9,-13.1,0.6,3.0,6.8,11.8,7.0,9.0,8.6,-5.7,-6.3,-0.1,-5.6,-5.9,5.8,-1.3,-3.1,-4.5,-7.9,-6.4,0.1,-0.7,1.1,-6.5,5.3,3.1,-3.7,-10.5,10.8,-7.9,0.2,6.4,7.8,1.4,-6.8,-13.2,1.5,9.3,12.2,15.3,14.2,0.2,-7.4,2.7,0.0,-5.4,-4.7,-5.0,-2.7,7.5,-7.9,-6.7,0.3,11.4,-4.5,-15.1,-4.7,-6.3,-3.4,0.1,-1.6,-7.3,4.1,0.8,-13.0,12.6,-6.8,-0.7,6.3,4.5,-11.1,-1.6,-8.8,-5.2,1.2,0.2,2.3,2.7,5.4,-4.9,-7.3,-3.3,0.8,-10.8,2.3,5.8,-4.2,0.5,-10.2,-11.0,6.8,0.9,-4.2,-2.1,-2.2,-1.6,6.4,1.9,-0.9,-3.2,1.7,-12.1,-1.2,6.3,4.6,14.9,-18.6,-4.6,5.8,9.2,-6.3,-2.3,6.7,-1.4,-15.8,1.9,-0.5,-0.4,1.8,0.9,5.5,-3.7,-4.6,18.1,11.3,-1.6,0.8,-1.3,-5.1,4.8,-2.2,-1.3,-0.5,5.9,-1.3,-0.9,-7.7,7.8,3.9,-5.1,-3.9,1.4,0.7,-6.5,-6.1,3.9,3.0,3.9,-6.0,-3.6,0.0,1.9,-8.1,11.4,-4.7,-6.7,-5.3,-1.4,-0.9,-5.9,2.6,1.9,-6.8,-9.1,7.2,-8.7,-5.0,0.6,-3.7,-0.7,1.4,0.1,-0.4,-3.7,-2.5,-8.4,-6.0,5.4,6.3,4.4,-3.6,-8.1,-2.8,4.7,-1.7,1.6,-16.6,2.5,-6.7,13.2,2.0,-3.8,3.6,1.1,-2.7,8.8,5.1,8.3,-2.7,-3.0,0.4,-5.4,5.6,1.6,1.1,4.1,-5.7,-3.5,-4.7,-1.4,0.4,0.2,-2.0,3.1,-2.0,0.2,1.9,8.1,-3.3,-0.9,-5.6,8.5,6.0,14.9,1.1,-2.4,-6.0,5.4,15.3,-2.8,-0.5,-3.0,-1.7,-4.7,-3.4,-6.6,-1.8,-2.5,-0.6,-6.4,3.7,2.1,7.4,-5.4,-4.4,12.6,1.9,-1.1,-5.2,-4.4,-2.1,-7.8,8.9,-0.7,1.1,7.6,-6.8,-3.2,0.7,-5.4,6.3,-0.3,-13.0,6.8,-4.1,5.4,-5.4,-11.1,2.9,-1.6,-11.1,-2.2,4.8,2.1,2.5,-4.2,-3.4,10.6,1.9,-1.4,5.0,-12.9,-8.2,-3.5,-0.4,-0.6,-4.2,10.4,-12.7,3.1,8.0,-6.4,-2.8,-0.8,6.6,0.5,-5.7,-5.8,-1.4,-3.8,-2.9,7.0,-6.4,-1.2,-0.9,-0.4,6.3,-3.2,-2.0,-0.6,1.9,-3.2,-2.4
2019-12-08,-13.6,1.1,-0.0,5.6,-4.8,-2.5,-7.2,10.9,-12.8,-2.3,20.8,-6.7,-1.0,5.4,-6.7,0.4,4.3,22.7,-1.9,-7.1,-4.5,2.0,2.9,1.3,-0.7,-0.9,0.3,-1.8,-4.6,10.1,-3.9,-6.0,1.7,-0.6,-6.2,-5.5,2.6,-3.7,-8.7,0.5,-5.1,3.7,-5.7,7.4,-1.3,-1.7,-7.8,7.2,2.7,-2.0,-1.2,-0.1,-1.7,-3.9,-4.6,1.7,-0.0,-1.6,-0.3,5.4,-5.9,-1.6,-10.0,2.3,3.8,13.0,-2.4,1.0,-0.6,-1.1,9.3,-0.2,3.7,8.1,-10.8,4.9,-0.0,3.0,-2.5,-0.9,7.9,12.9,-1.2,0.9,-0.4,1.9,7.9,4.9,-10.1,-1.1,1.4,-2.4,9.1,6.9,9.6,7.7,-0.6,-4.8,-1.0,2.4,-9.8,1.1,-1.2,-1.2,-3.7,-9.2,-3.1,-0.2,-2.2,2.5,1.2,4.1,5.4,-0.6,8.6,11.5,-4.2,2.0,4.5,9.0,1.9,-4.4,-6.9,0.7,7.3,9.7,11.4,12.3,-1.0,-7.8,1.5,-3.6,-3.5,-2.8,-1.8,1.4,7.2,-9.4,-5.0,-3.5,10.1,2.4,-15.4,-4.4,-4.5,-1.8,2.2,-5.0,-5.9,3.8,-1.6,-11.3,14.8,-6.5,12.6,8.7,5.0,-7.7,-3.3,-7.6,-4.8,2.8,2.9,0.4,-0.6,-0.4,-0.2,-0.8,3.1,3.9,-10.0,1.1,-10.1,-6.3,1.4,-8.6,-9.6,8.6,1.1,-1.5,-0.2,4.7,4.2,1.6,4.9,-0.8,-2.4,7.4,-9.2,1.9,8.9,4.5,14.0,-19.8,1.1,6.3,10.2,-5.3,-11.8,-5.9,1.1,-9.4,2.0,-0.7,1.3,-0.1,2.7,6.8,5.8,-1.7,11.8,12.6,-1.0,3.8,-0.4,-5.1,-2.0,-0.8,4.1,0.4,-0.5,-2.2,-1.9,-5.8,9.5,5.4,-4.2,1.1,4.0,4.6,1.2,1.3,0.8,6.6,10.7,0.6,0.1,2.4,11.7,-4.3,12.9,-4.9,-5.0,-1.7,-0.2,1.3,-1.7,8.4,5.6,-7.4,-10.6,5.0,-8.3,-3.8,4.7,-7.8,-2.3,-4.2,3.0,-1.0,3.7,1.7,-10.4,-3.6,0.4,6.4,5.0,-5.8,-9.3,-2.9,2.1,-0.9,2.4,-24.5,2.1,-2.8,1.4,8.5,0.4,1.2,2.7,-2.8,9.0,4.6,8.2,-3.1,-5.8,1.9,-5.3,2.9,3.5,0.3,-6.5,-3.4,-1.5,0.5,-1.0,3.8,2.4,1.0,6.5,0.8,1.3,4.3,13.9,-2.6,0.9,2.4,10.5,5.7,13.4,1.7,-0.9,-5.1,-1.1,16.3,2.8,0.2,-2.1,-0.3,-5.2,-1.8,0.6,-2.2,1.1,0.7,0.8,3.4,2.5,14.5,-2.5,-4.3,1.2,3.3,-3.2,-3.9,-1.2,-1.6,-4.4,8.7,3.2,4.7,8.6,-6.4,-2.9,2.2,-3.9,7.5,-0.1,-11.4,5.2,-2.8,8.4,-6.9,-9.4,6.9,-13.5,-8.6,3.7,6.0,0.8,1.5,-3.5,-3.7,14.4,17.4,-2.3,7.2,-8.1,-6.0,-6.1,5.1,-0.5,-9.6,10.2,-5.8,3.4,11.5,-3.1,-1.4,-0.4,6.2,2.9,-1.9,-4.7,-3.7,-2.2,-2.3,7.2,-5.9,-0.1,0.7,1.8,6.4,-5.7,-0.4,2.8,2.2,-5.1,-2.4
2019-12-14,-11.0,2.8,9.7,1.7,6.2,-3.1,-2.2,5.3,-8.5,2.5,19.3,-7.7,2.8,4.2,-4.6,6.5,2.7,20.9,3.8,-4.2,-7.4,0.7,3.9,-2.6,-4.3,-3.0,-1.6,-0.1,-4.8,-5.1,-2.9,-7.9,0.8,1.4,-2.5,-9.3,-2.6,4.8,-4.6,1.7,-6.3,5.1,-4.9,5.6,-3.5,-5.7,-5.1,-0.4,-2.0,-1.4,-1.4,1.7,-1.7,3.7,-4.2,-5.2,-3.7,-2.8,0.4,3.2,-6.6,1.9,-11.8,3.9,2.5,-7.2,2.1,2.1,-2.9,-3.0,9.1,0.2,3.8,7.4,-11.8,3.9,1.9,2.5,-2.7,-3.6,1.4,17.3,-1.4,-0.7,-1.2,3.3,4.9,2.6,-7.3,0.5,0.8,1.9,4.9,4.6,8.1,-4.1,0.8,-7.0,0.0,1.1,15.9,2.9,-2.2,-6.2,-8.3,-9.6,-3.3,-1.3,-2.9,2.5,-3.0,3.3,4.0,-0.3,-3.4,8.2,-5.3,3.1,4.4,7.5,-0.7,-5.7,-13.6,3.1,5.4,9.1,11.0,16.3,-0.7,-7.6,-3.3,-1.6,-4.4,-3.5,-0.7,1.2,7.6,-10.4,-4.2,-4.3,9.8,-1.5,-13.3,-3.0,-5.3,-1.4,-0.3,1.2,0.2,-3.6,-0.8,-11.0,13.0,-6.2,-3.4,5.9,2.8,-5.8,-2.6,-7.3,-5.5,3.5,0.3,1.6,0.9,7.4,0.8,-4.3,1.8,5.0,-6.0,2.5,-10.0,-5.8,1.4,-8.3,-9.3,9.0,2.3,-5.7,-2.0,-1.0,2.6,-2.0,2.2,-5.4,-2.4,5.6,-9.7,-0.7,7.6,4.3,7.5,-13.8,3.1,6.7,10.9,-5.5,-4.6,4.3,-0.5,-9.4,1.7,-0.9,1.8,2.6,0.4,7.2,2.7,-4.0,15.4,12.5,-2.3,1.1,-1.0,-6.8,-2.5,-1.3,1.6,0.6,9.6,3.5,12.7,-7.7,7.3,5.3,-4.7,-1.3,0.9,2.7,-1.9,16.4,2.9,6.2,9.1,8.4,3.9,3.7,7.1,-6.3,14.0,-6.7,-2.1,-1.8,1.3,-1.2,-2.6,9.7,5.5,-6.7,-8.9,4.1,-7.5,-3.7,4.1,-2.5,-1.9,-0.4,2.9,-3.3,3.8,7.4,-6.5,-4.1,3.8,6.2,1.5,-6.7,-8.3,-0.8,4.0,0.2,0.1,-20.3,2.9,-9.7,3.2,5.6,-1.2,2.4,2.7,-3.5,8.7,3.9,6.7,-2.9,-5.4,2.7,-6.7,3.0,1.2,0.0,3.0,-3.5,-2.0,-3.7,1.0,1.5,1.3,4.2,5.0,0.6,1.5,-0.3,5.9,-2.1,0.5,-4.8,11.4,5.9,14.8,0.4,1.2,-8.3,-0.1,14.0,-2.2,-0.0,-2.5,-2.7,-2.7,-1.7,-6.3,-0.5,-0.9,-2.0,-2.2,7.9,4.0,18.0,-3.3,-5.5,-1.8,1.2,-2.0,-2.4,-2.2,-3.8,-8.5,6.3,-0.8,6.8,3.2,-6.0,-3.3,0.2,-1.2,3.9,1.2,-15.0,6.4,-5.6,6.1,1.6,-12.6,5.4,-13.6,-4.6,6.4,3.1,0.7,1.3,-5.9,-7.2,4.0,7.5,-0.9,6.7,-11.9,-2.8,-2.1,1.8,0.2,0.4,7.7,-3.8,0.6,10.2,-2.9,-2.0,0.4,5.8,3.4,-4.4,-4.0,-2.1,-4.0,-5.3,5.8,-5.9,-1.7,-2.1,-0.6,7.9,-5.1,-4.2,1.9,3.2,-3.5,-3.7
2019-12-20,-13.7,0.7,16.4,5.0,-1.0,-2.3,10.5,8.9,-16.4,-0.4,20.6,-4.2,-3.0,5.8,-6.9,1.0,4.1,25.0,-1.6,-3.8,-1.6,-2.6,2.2,-2.8,-2.4,-2.6,-3.0,-4.7,0.0,-6.4,-2.3,-8.9,3.5,-0.9,-5.1,-5.1,-3.1,-7.9,-5.4,3.8,-4.6,5.2,-4.1,1.0,-0.3,-1.5,-5.7,-2.6,-0.1,-2.1,-5.7,-1.4,-3.1,-5.0,-10.1,7.4,4.8,0.6,-0.5,-2.1,-6.5,10.9,-10.2,-1.3,-0.4,13.4,1.1,-0.1,-2.2,-4.3,6.4,0.3,6.9,8.8,-11.0,6.7,1.1,-0.2,-4.1,-5.3,2.2,15.2,-1.6,-2.7,-1.7,-0.5,9.9,6.3,-11.9,3.3,6.1,8.0,15.3,5.7,9.2,12.3,0.9,-5.9,-0.9,-0.9,-7.5,3.8,1.3,-4.2,-2.4,-6.6,-1.8,1.4,-8.3,3.2,2.1,3.2,6.1,-8.0,-8.2,10.6,-7.1,3.0,4.5,7.9,1.6,-5.6,-15.2,5.4,7.5,11.1,12.0,14.4,-0.7,-6.6,2.5,-6.2,-4.3,-2.9,-5.9,-3.4,9.3,-7.7,-3.3,-17.2,9.4,-6.1,-15.0,-3.5,-5.7,-3.9,-0.3,-0.5,-3.6,5.0,-3.0,-12.4,15.3,-8.6,-4.0,8.1,5.6,-7.4,-1.6,-6.3,-4.7,2.1,-1.0,-0.7,-1.7,-0.8,0.9,-2.3,0.6,6.3,-9.7,1.3,-4.8,-5.7,1.8,-8.6,-11.1,7.4,-1.3,-4.3,0.9,2.3,5.7,1.9,0.5,-3.5,-1.7,5.2,-10.9,1.1,7.8,1.3,3.9,-14.0,11.4,7.0,7.8,-6.2,-1.9,10.7,-0.7,-9.9,1.2,-2.2,0.7,-1.0,2.0,6.5,1.7,-3.2,12.3,11.0,-1.2,2.3,-1.8,-4.0,4.4,-3.5,-2.5,2.3,-9.6,2.6,9.3,-7.2,8.9,4.7,-3.8,2.7,4.1,4.9,1.3,-0.9,0.1,6.1,9.2,2.4,13.7,7.0,10.6,-7.0,9.5,-3.4,-7.0,-4.2,-3.1,-0.4,-0.8,8.4,7.3,-5.6,-9.0,6.8,-8.2,-4.0,4.6,-7.4,4.7,-2.8,2.9,-2.0,3.7,6.7,-7.9,-4.7,5.9,6.6,1.7,-5.1,-12.6,-4.1,7.3,4.4,3.0,-23.3,1.5,-4.0,1.9,-7.4,4.3,3.2,2.9,-0.3,10.3,3.7,12.7,-3.2,0.2,2.1,-6.3,2.0,3.5,-3.6,0.6,-2.3,-1.7,-1.9,0.0,3.3,2.7,1.0,-8.4,0.7,1.5,5.7,-0.6,-1.2,0.9,1.9,10.5,4.3,14.4,0.8,-3.6,-6.2,-1.1,16.7,0.7,0.6,-3.0,-1.2,-4.6,-2.5,-0.1,-1.1,-1.8,-3.3,-0.2,8.2,6.6,7.8,-2.5,-2.5,-9.8,3.0,-2.5,-0.9,-3.0,-3.1,-5.3,5.5,-1.2,2.8,7.1,-4.5,-0.7,2.2,-1.7,2.8,-0.5,-9.2,2.7,-5.0,8.0,-8.6,-9.7,4.5,-9.1,-5.4,-0.2,6.8,-4.0,0.8,-3.6,-5.2,10.1,8.8,-3.2,6.0,-12.6,-2.2,-2.2,0.8,-1.6,4.2,8.1,-6.2,3.0,7.8,-3.0,-1.5,-0.2,3.6,4.5,-4.0,-5.1,-3.8,-4.3,-2.9,6.4,-6.6,0.5,-0.8,2.6,7.8,-5.0,-5.1,-0.8,0.3,-4.1,-3.2
2019-12-26,-10.3,3.9,7.6,1.8,4.2,-4.4,-8.0,9.3,-1.6,-1.4,22.5,-6.9,12.3,3.9,-6.0,2.0,4.4,24.1,-0.7,-7.7,-7.5,-1.2,3.1,-14.5,-3.9,-4.9,2.2,0.0,-3.5,0.8,-0.4,-8.3,8.5,2.4,5.7,-17.7,-4.8,-5.4,-0.1,6.7,-2.3,3.9,-1.9,2.8,2.2,-5.8,-3.8,-3.9,0.5,-1.8,-5.2,2.1,-3.2,7.4,-6.9,0.1,4.3,-5.0,-2.5,2.9,-3.8,-0.9,-7.5,0.5,-0.3,8.9,-1.4,1.0,-4.0,1.0,11.1,2.0,8.3,10.7,-9.8,5.9,-0.8,-2.0,-5.1,-3.5,11.5,17.3,3.5,5.5,0.3,3.4,7.7,3.2,-1.5,0.5,2.3,4.4,12.8,9.3,7.4,6.3,-2.9,-3.2,0.9,-0.8,5.0,1.8,-2.9,-5.2,-6.9,-8.9,-2.9,-0.7,6.3,9.9,-2.0,8.7,9.1,-1.5,-7.0,9.0,-2.4,-9.4,1.9,7.8,3.9,-5.8,-9.9,2.1,6.7,15.0,11.6,14.1,0.9,-5.5,2.0,4.0,-2.2,-0.9,-4.2,-0.6,11.5,-5.2,-7.3,-4.4,10.4,-3.4,-13.1,-2.9,-3.4,-0.7,1.2,-0.3,4.3,4.5,-2.6,-9.2,13.5,-4.8,14.6,5.5,20.1,-6.6,-2.4,-4.2,-5.2,4.0,0.4,1.4,4.9,7.1,4.4,-4.4,-3.2,3.6,-10.7,3.9,-8.0,-4.2,0.4,-8.9,-10.7,8.7,3.9,11.4,3.5,-5.2,0.6,0.1,9.6,0.1,-4.3,3.7,-10.4,-2.4,7.3,13.3,5.4,-17.8,-4.2,5.6,11.7,1.1,-7.0,5.2,1.5,-11.5,1.6,-1.1,1.8,3.9,1.3,5.6,-2.3,0.0,12.2,13.4,0.5,3.0,0.2,-1.7,9.4,-0.7,0.9,2.7,2.8,5.5,12.7,-6.9,8.4,6.0,-4.5,0.8,1.3,2.6,-1.5,-6.9,5.8,7.6,7.3,-7.5,-0.1,8.7,2.8,-5.3,11.9,-4.7,5.2,-1.4,0.4,-0.9,-3.6,6.4,6.2,-5.6,-8.2,9.8,-5.1,-2.2,3.6,-5.0,0.7,1.4,2.6,0.1,-0.1,9.9,-8.1,-2.5,7.5,9.2,6.2,-4.1,-6.0,-2.9,2.7,1.0,3.1,-12.0,3.9,-10.9,-0.4,5.7,-4.3,-1.5,2.4,-1.2,7.9,3.8,4.0,-3.7,-1.6,2.1,-9.0,7.6,3.8,0.7,6.1,0.9,-1.5,-2.6,0.6,-0.7,-0.9,0.4,2.1,-0.5,1.2,-1.0,7.5,-4.4,1.5,5.0,11.5,6.4,15.7,0.9,-1.8,-6.8,-2.7,15.0,-0.7,-1.8,-2.2,0.8,-2.1,-1.7,-7.9,-1.9,-0.3,-1.5,-3.1,8.5,5.6,19.2,-2.6,-6.6,-5.0,1.7,-3.9,-2.6,-3.8,-1.3,-8.2,11.7,-0.8,6.5,7.0,-8.8,-5.6,1.2,-0.3,5.1,0.9,-4.0,6.9,-1.6,7.5,0.2,-10.8,7.4,8.2,-8.2,3.1,5.5,9.0,2.6,-6.4,-6.7,8.4,25.4,0.6,8.2,-13.0,-4.9,3.1,2.2,2.8,1.0,2.1,-5.6,2.6,10.3,-3.7,-2.9,0.2,7.3,6.7,-2.8,-4.4,-5.3,-4.0,0.3,7.1,-5.5,-2.5,-1.9,3.4,9.0,-4.2,-6.8,-1.4,-1.7,-2.0,-4.4
2020-01-01,-12.4,1.0,7.1,6.4,0.5,-5.3,-9.3,8.0,-15.5,0.4,17.6,-6.7,2.9,5.8,-10.2,7.4,4.0,18.7,6.4,-2.0,-0.4,2.0,1.3,0.7,-1.0,-2.1,-1.9,-3.0,-3.9,-1.1,0.1,-3.4,3.3,-0.1,-3.1,-6.2,-3.1,-8.1,-2.2,4.9,-3.0,6.5,-1.7,-4.5,-0.2,-1.0,-7.3,-3.5,0.9,-2.2,-7.6,0.2,0.3,7.0,0.5,0.3,1.0,0.0,-1.9,4.4,-4.7,6.5,-7.5,-4.7,-3.0,0.7,1.9,4.3,-1.2,0.3,11.3,-2.7,5.1,8.8,-15.1,7.1,1.0,1.8,-6.0,-6.1,-0.0,15.1,-2.5,2.8,-0.4,1.2,7.6,6.2,-10.9,-0.7,0.8,-0.5,7.4,6.9,9.7,12.8,0.0,-6.4,0.6,-3.0,-1.0,2.6,-2.3,-2.3,-1.5,-11.2,-4.4,-2.1,-10.3,-2.1,-1.2,5.0,5.9,-1.3,-13.0,11.5,-5.3,3.6,5.3,11.0,3.8,-1.6,-16.3,2.2,6.5,9.8,12.9,14.3,-0.9,-7.1,-1.0,-6.8,-3.7,-2.0,-2.2,0.4,8.8,-7.4,5.4,-15.0,9.8,-7.9,-13.4,-4.0,-5.5,-3.3,0.4,0.5,-2.1,3.4,-4.7,-9.6,13.2,-9.5,3.5,8.3,4.9,-8.3,-1.9,-8.8,-4.3,2.3,0.0,1.7,0.8,7.8,5.2,-3.0,3.0,5.5,-4.3,1.3,0.1,-4.2,2.2,-9.2,-10.2,7.6,2.8,0.4,1.2,0.8,3.5,3.2,2.0,0.4,-0.9,3.5,-9.7,0.2,7.6,6.0,2.2,-16.3,-4.4,6.0,10.3,-1.7,-1.8,10.2,1.5,-8.2,1.7,-1.3,-1.7,0.7,1.0,5.4,2.8,-2.1,10.4,12.0,-1.1,0.3,-0.9,-1.7,11.0,-2.3,0.5,0.7,-6.8,2.9,11.5,-6.4,9.2,0.9,-4.0,0.2,2.8,4.6,-0.1,-0.4,2.0,6.0,8.7,0.1,0.1,4.3,4.1,-4.0,13.5,-5.4,-5.1,-2.5,-0.5,-2.1,-4.3,2.9,5.4,-6.7,-9.1,5.6,-7.0,-4.0,3.9,-6.9,-3.6,4.9,-0.3,2.3,5.4,1.5,-8.0,-4.7,4.3,7.6,3.9,-7.8,-8.6,-3.4,6.4,2.6,3.3,-19.1,1.9,-3.3,6.3,-6.8,-1.8,5.6,2.3,-3.8,12.1,4.9,10.5,-3.7,-5.1,1.0,-7.7,2.3,2.9,3.1,8.2,-4.2,-1.8,-1.4,-0.5,3.4,-1.1,4.1,-7.7,-1.5,1.3,11.6,3.3,-0.5,2.7,3.9,13.8,6.8,14.5,0.8,-3.2,-7.4,-2.7,15.4,-6.0,2.0,-1.7,-2.0,-3.9,-1.9,1.8,-1.4,-0.5,0.6,0.4,1.3,7.2,17.5,-4.9,-3.7,-10.2,2.3,-3.3,-5.0,0.1,-3.6,-4.3,10.6,0.2,5.1,0.9,-4.1,-2.0,1.9,-3.3,-2.4,-1.8,-10.5,8.1,-3.4,8.8,-6.4,-8.7,3.5,-3.2,-3.2,-0.5,4.4,4.8,-0.0,-2.4,-4.0,11.4,15.3,-1.8,4.9,-9.4,-3.5,-4.3,4.2,0.6,5.3,6.8,-4.4,-1.0,7.5,-3.3,-0.6,0.3,5.9,3.3,-3.7,-5.8,-2.8,-1.2,1.3,7.8,-6.4,1.1,0.3,3.3,7.5,-5.3,-1.1,-0.3,0.4,-2.8,-5.1
2020-01-07,-9.9,4.5,4.5,3.5,2.2,-4.5,-4.9,7.9,-14.7,7.6,21.5,-17.4,7.8,5.4,-4.8,13.8,5.3,24.3,6.5,-3.6,-3.7,0.7,2.8,0.3,0.0,-3.7,-2.2,-0.8,-4.4,3.1,0.9,-5.2,6.0,1.7,-3.5,1.2,-4.0,-15.3,-1.1,3.3,-3.9,6.0,-3.1,-5.0,-0.4,-1.8,-6.5,-15.7,2.0,-2.4,-9.4,4.8,0.6,7.8,-0.9,10.5,1.0,-1.6,-1.0,2.5,-5.0,6.7,-6.2,4.7,-7.6,4.5,-2.0,-4.2,-1.7,-6.2,12.7,1.2,8.6,8.0,-2.5,5.9,1.6,2.9,-7.4,-3.4,2.8,14.6,-0.4,2.1,1.0,4.5,1.6,3.6,-5.6,0.2,9.9,10.5,12.2,6.2,9.3,10.0,-1.3,-6.0,-0.3,-2.5,5.3,2.8,-4.2,-1.9,-4.2,-9.2,-3.6,-0.6,-3.3,2.8,-2.9,12.0,5.5,-0.5,-12.1,5.7,-4.2,6.4,2.2,8.5,0.5,-3.7,-8.1,10.7,8.8,12.7,11.6,14.1,1.9,-6.5,-7.3,-6.3,-3.5,-1.5,-3.8,-0.1,6.4,-13.4,0.0,-3.7,9.2,-3.1,-12.6,-6.4,-5.0,-3.3,-0.2,-0.3,4.2,4.1,1.0,-10.9,13.3,6.1,2.0,3.2,3.7,-8.3,-4.3,-6.7,-5.5,2.5,1.2,-1.4,-3.2,8.6,1.8,-1.4,2.1,4.6,-7.4,0.1,0.0,-4.5,1.2,-8.0,-10.7,9.4,0.8,2.0,-2.3,2.1,1.5,2.1,4.7,-0.9,-1.3,8.4,-6.7,2.9,8.8,-1.9,-5.2,-14.7,-8.1,1.2,11.5,-5.1,-4.7,6.5,1.4,-5.8,1.2,-0.8,-0.4,0.5,2.5,7.0,-13.9,-3.6,4.1,12.3,-0.2,3.3,0.3,-1.6,8.2,-1.3,-2.3,-0.0,-4.4,11.5,8.9,-6.5,9.9,4.1,-4.6,-0.1,1.4,2.4,2.0,-2.1,4.9,5.4,7.3,-1.7,3.0,-6.6,4.9,-9.8,17.8,-6.0,-5.0,-1.1,3.0,-0.6,-1.3,6.4,7.1,-6.1,-7.6,7.5,-6.6,-1.6,2.6,-5.2,-6.2,0.8,3.1,-3.0,2.7,9.5,-6.7,-4.0,5.4,9.7,4.9,-4.2,-6.2,-2.0,0.6,-0.2,1.5,-17.1,2.0,-6.3,0.8,3.5,-3.4,-0.1,2.1,-1.1,8.9,5.7,5.5,-1.4,-2.2,2.0,-8.6,5.0,6.1,9.2,7.0,-3.7,-2.0,-2.5,-3.7,-0.5,-0.6,0.0,4.6,-0.7,0.4,-2.1,1.4,0.9,-0.2,3.7,11.7,8.0,14.0,2.7,0.7,-8.3,0.8,13.3,-2.2,0.5,-2.3,0.1,-3.4,-1.7,-2.2,-3.3,0.4,-0.8,-1.2,1.8,2.9,22.1,-4.8,-5.2,-3.6,1.2,-3.7,-4.7,-0.9,-2.4,-6.0,11.4,0.8,3.0,15.0,-4.9,-2.7,1.1,-2.7,-0.6,-1.1,-12.3,6.3,-2.0,7.8,1.8,-6.6,4.2,-6.7,-5.0,2.6,4.0,2.8,4.0,-1.3,-2.9,10.8,14.9,-1.0,5.9,-11.6,-3.2,-3.2,0.4,1.0,-0.2,9.6,-6.4,0.7,9.9,-3.4,-2.7,-0.2,9.0,4.4,-2.4,-5.4,-4.5,-5.4,0.4,8.8,-6.4,-0.3,-1.4,5.4,8.8,-4.5,-1.9,2.4,-0.4,-2.5,-3.7
2020-01-13,-10.4,0.9,5.7,6.5,1.2,-6.4,-9.1,9.5,-15.4,2.5,17.7,-8.7,-8.0,5.3,-10.8,-11.7,5.2,22.8,-3.9,1.4,-5.7,1.0,3.1,1.8,1.2,-0.3,-2.7,-4.4,-3.6,-1.6,-3.5,-4.0,3.1,-0.4,-1.8,-6.9,-4.6,-3.8,-4.1,-2.4,-3.2,6.1,1.7,12.6,-1.0,-1.0,-9.7,-0.3,0.5,-1.3,-1.1,2.5,-2.2,10.4,4.9,-1.6,-7.5,-0.2,-0.8,1.9,-4.1,3.2,-7.5,1.4,-0.9,4.6,-3.1,-1.9,-2.6,11.7,11.8,-1.2,6.1,7.8,-12.2,6.0,-1.5,3.1,-5.3,-2.9,-0.9,9.5,-2.8,-3.7,-3.4,-6.3,3.3,5.3,-9.3,0.5,4.6,5.9,9.0,5.8,9.0,11.8,-1.3,-5.6,0.7,-6.8,-3.5,2.9,0.7,-4.9,-3.4,-9.3,-3.8,0.0,-5.9,0.2,-3.4,7.7,5.5,4.9,-9.4,12.1,-6.0,4.1,1.1,7.7,1.8,-2.1,-14.2,4.1,7.1,9.1,13.3,13.2,-0.3,-5.7,3.5,-2.1,-3.9,-2.2,0.1,-3.8,9.5,-6.8,0.7,-3.1,8.4,-2.3,-13.6,-7.1,-5.5,-3.1,1.2,0.9,-0.4,4.0,0.0,-8.7,13.7,-10.2,-0.2,7.6,5.3,-8.9,-3.6,-7.7,-5.2,1.5,0.3,0.3,-1.4,1.4,2.2,-2.5,-11.7,4.7,-8.5,2.9,-0.6,-5.3,1.4,-9.3,-11.4,8.6,-2.2,-1.6,1.3,2.6,4.0,2.2,2.3,-0.4,-3.8,4.4,-10.1,3.1,7.8,7.1,2.7,-17.4,-3.7,3.4,10.6,-3.3,0.8,10.7,-1.7,-8.9,1.8,1.7,-1.1,0.5,9.2,6.3,0.3,-2.2,6.8,11.9,0.3,4.5,-0.0,0.7,9.8,-1.2,0.5,3.7,0.6,3.0,5.4,-6.6,9.8,3.9,-1.5,0.2,3.8,4.6,2.3,-1.4,3.6,4.6,8.8,-1.9,4.0,6.3,9.7,6.1,9.8,-4.9,-2.8,-1.4,-3.6,0.2,-0.2,10.1,6.8,-5.9,-8.9,7.7,-4.1,-1.8,5.1,-4.7,-0.5,0.7,1.4,4.1,1.8,2.5,-8.4,-4.7,4.9,9.1,3.4,-5.6,-8.9,-1.7,5.3,1.3,4.5,-20.1,3.5,-4.7,4.1,-5.6,-0.1,-0.0,2.3,-1.3,11.9,5.2,9.1,-1.1,-6.6,1.7,-7.1,4.3,4.4,0.3,5.7,-3.3,0.4,-1.4,0.3,1.6,1.4,1.6,15.2,-0.6,0.7,2.2,2.6,-1.0,1.3,6.2,12.7,6.5,15.7,2.1,-1.6,-7.6,-3.4,16.5,0.8,3.3,-2.3,-1.9,-3.9,-2.1,0.2,-3.0,1.0,-0.1,0.6,3.2,5.1,9.6,-4.4,-4.1,-6.4,2.7,-0.6,-1.5,-1.0,-2.6,-4.7,10.7,-0.7,2.5,7.6,-3.9,-2.7,2.1,-0.9,6.9,4.2,-10.4,15.1,-5.2,8.6,-5.4,-8.8,5.3,-3.1,-5.3,-2.3,2.8,2.8,-0.3,-1.7,-4.9,18.9,19.3,-4.7,6.1,-10.1,-2.8,-1.9,1.7,1.7,0.0,7.0,-2.8,4.0,8.0,-3.1,-1.4,1.1,5.1,4.5,-1.2,-3.7,-3.2,-4.7,0.2,9.0,-7.3,0.9,-1.5,3.0,8.0,-3.9,-1.9,-0.1,-2.6,-3.3,-5.1
2020-01-19,-9.3,3.5,8.0,5.3,1.7,-9.0,-8.6,9.8,-15.2,2.0,21.4,-5.1,-2.6,5.2,-10.0,10.3,3.3,22.4,-0.7,-8.6,-4.5,2.9,1.1,0.7,-0.2,-0.6,-1.9,-2.8,-3.9,-5.1,-3.2,-5.5,3.7,1.8,-7.1,-6.6,-9.3,-5.0,-3.6,-3.1,-3.4,4.9,1.3,1.3,-3.2,-1.6,-5.6,2.4,0.4,-1.8,-2.5,0.6,-0.1,5.9,5.4,-2.1,-0.2,-0.9,-3.7,4.7,-4.9,8.5,-8.9,1.2,-0.8,-2.7,-6.1,-6.2,2.1,1.4,11.2,-2.7,8.0,7.9,-0.2,6.1,-0.2,-5.0,-5.7,-5.8,-0.6,9.3,-1.4,-4.3,-1.3,-0.5,-3.9,4.0,-9.3,-0.7,0.8,-2.2,10.1,8.1,11.0,13.7,0.2,-7.8,1.3,-8.0,-0.9,1.8,-0.3,-3.2,-2.5,-9.7,-3.4,-1.9,-8.8,1.7,-0.8,2.5,4.0,-2.2,-7.5,17.6,-8.9,1.8,3.1,8.5,2.3,-1.4,-11.8,2.9,0.5,8.3,16.8,12.3,-1.6,-7.2,-0.7,0.4,-4.9,-3.1,-1.6,-4.6,7.1,-8.8,2.1,-1.9,5.5,-3.9,-13.9,-7.2,-6.0,-3.1,-0.6,0.7,4.4,2.6,2.6,-10.7,12.2,-7.9,2.0,5.4,4.5,-8.0,-4.5,-7.5,-4.6,1.9,-0.7,-2.0,-1.5,-3.7,1.8,-0.9,-2.8,7.3,-8.4,3.1,-0.4,-7.0,-0.3,-8.8,-12.0,8.5,-1.5,-0.2,1.0,3.6,4.4,4.8,1.7,0.8,-4.1,2.4,-11.9,1.8,9.1,5.5,1.8,-15.7,-4.2,1.9,11.1,-1.7,-1.8,10.3,1.1,-13.4,3.0,-0.5,-3.9,-3.4,0.8,5.9,-14.6,-4.6,10.2,13.0,0.2,3.1,-0.2,-1.1,7.4,0.1,2.6,-0.1,-0.7,-0.2,23.0,-5.0,8.6,6.5,1.2,-0.2,1.2,2.9,1.0,1.1,-0.5,4.7,7.6,2.3,2.1,4.2,8.7,-6.8,19.4,-5.7,-6.0,-2.8,-3.1,-2.2,-1.3,7.6,3.9,-7.0,-9.7,7.8,-5.0,-3.7,4.2,-5.7,3.2,-0.9,0.3,-1.1,4.2,2.4,-9.3,-5.7,3.2,8.2,6.2,-4.9,-9.6,-2.1,6.4,3.1,3.2,-21.4,2.0,-6.6,2.8,-4.8,-2.1,-1.4,0.4,-2.2,10.5,4.4,10.7,-2.0,-8.8,1.8,-7.3,4.9,4.1,0.6,7.0,-3.0,-5.1,-2.8,-1.4,0.3,-1.7,-0.2,-9.0,-3.1,0.6,-2.5,-7.3,-4.0,-0.0,4.5,12.8,6.0,15.0,0.1,-3.6,-6.9,-4.8,16.9,-2.5,1.8,-2.9,-3.6,-4.6,-2.5,-2.3,-0.6,-1.6,-3.3,-2.3,2.4,0.4,17.1,-5.8,-2.9,-7.4,1.7,0.6,-4.6,-0.1,-3.5,-6.8,10.6,1.7,3.4,5.5,-5.5,-2.2,4.4,-3.6,6.2,0.7,-10.7,1.8,-5.3,5.0,-0.6,-8.6,5.0,-4.3,-5.6,3.2,1.5,2.5,-3.3,-3.7,-4.5,11.0,5.6,-4.3,4.8,-10.5,-2.1,-2.2,3.6,1.9,5.8,6.7,-7.9,7.2,10.4,-2.2,-1.1,1.4,5.4,3.5,-5.4,-5.1,-3.8,-2.7,-2.4,8.0,-6.4,-0.6,-0.2,2.9,8.8,-3.2,-0.6,-0.3,2.0,-3.0,-4.1
2020-01-25,-11.0,2.0,2.8,5.1,-1.7,-6.7,-12.5,7.9,-19.6,2.7,19.8,-4.0,-0.3,4.6,-14.1,2.3,2.0,23.9,-1.1,0.3,-7.9,2.4,1.1,1.7,2.9,-1.5,-0.9,0.3,-2.3,-3.2,-2.6,-2.9,3.9,2.0,-3.2,-5.3,-5.0,-14.0,-1.9,-6.1,-2.2,5.7,-2.3,-4.7,-2.8,-0.8,-9.3,1.6,-0.2,-0.9,1.0,3.7,-4.1,-1.3,-3.5,-1.9,7.5,-0.9,0.5,3.4,-7.0,-4.0,-6.5,-3.1,-0.7,4.2,-0.6,2.0,-2.6,7.1,11.7,-3.7,7.6,7.3,-5.9,5.2,-0.8,-1.4,-5.1,-2.0,2.3,10.9,-1.2,3.2,-0.2,3.9,13.5,9.4,-8.5,-0.5,1.1,6.7,9.2,6.0,9.1,14.0,-0.7,-5.5,0.2,-5.4,2.9,1.7,-3.5,-2.3,-5.8,-7.0,-5.1,0.7,-2.1,-3.6,-6.4,6.3,5.9,0.9,-0.8,13.4,-6.7,4.6,2.9,12.5,1.0,-2.6,-15.7,3.2,7.9,9.3,11.0,12.8,-1.0,-7.0,0.1,-0.1,-4.6,-3.0,-0.7,-4.1,7.7,-10.6,-0.6,-2.0,7.6,-1.9,-12.3,-4.9,-5.0,-2.8,-0.8,0.3,0.2,-0.0,0.4,-11.3,11.4,-10.7,1.4,6.7,4.1,-7.8,-2.4,-7.8,-5.6,1.5,-1.2,-0.2,0.1,2.5,0.5,0.0,0.8,9.3,-6.3,3.5,-4.3,-5.6,0.6,-10.3,-11.0,8.1,-0.1,1.1,1.2,3.0,1.5,0.5,-8.5,-1.9,-3.3,2.2,-10.7,0.2,6.4,4.8,3.8,-13.3,-8.5,4.9,10.7,-3.2,-5.1,8.8,-1.1,-6.8,1.6,1.5,7.7,1.2,-2.7,6.8,0.4,-1.6,7.3,12.5,0.5,1.5,-1.2,-1.3,8.8,-0.3,2.7,1.0,0.9,5.1,10.9,-6.7,8.6,4.2,-0.1,0.2,2.0,2.6,0.4,2.5,2.6,1.9,5.2,3.5,1.1,4.6,6.8,-12.9,11.0,-5.6,-4.1,-3.0,0.8,-0.1,0.9,7.8,3.2,-7.2,-9.5,7.0,-7.0,-3.8,3.8,-5.7,-4.1,-2.6,1.2,4.4,3.2,0.6,-9.8,-5.7,2.6,8.3,3.7,-5.2,-8.2,-0.7,3.4,1.8,2.3,-21.9,1.6,-6.0,1.2,-4.3,-5.0,-2.1,1.0,-2.2,11.8,6.2,9.0,-2.2,-5.8,1.4,-7.7,3.3,2.6,3.4,8.2,-5.2,-1.8,-0.5,-1.8,-1.3,-1.3,0.2,-6.0,-5.2,-1.0,-0.9,2.6,-1.7,0.3,2.7,14.7,6.6,14.5,-0.1,-2.3,-8.1,-4.0,15.2,1.1,0.5,-1.8,-2.4,-5.5,-2.8,1.9,-3.7,-1.7,-0.5,-1.1,5.7,3.7,21.5,-5.3,-5.2,-6.6,1.0,-3.4,-2.6,-1.3,-3.7,-3.9,8.5,-1.3,6.7,6.3,-2.7,-3.8,1.2,-2.9,0.4,0.0,-11.9,-7.0,-2.6,8.2,-5.0,-5.4,5.9,-0.2,-9.2,5.6,2.8,-7.0,0.6,-2.8,-4.0,14.3,20.0,-7.6,6.0,-8.9,-5.1,-1.8,4.8,-1.0,2.0,9.7,-2.7,0.3,8.1,-5.7,-1.6,-1.0,4.2,1.4,-3.5,-5.2,-4.1,-3.3,4.5,9.6,-7.2,-0.2,-0.5,1.8,8.0,-3.4,0.8,-1.2,0.0,-3.3,-4.9
2020-01-31,-10.1,2.4,5.5,4.6,5.6,-5.9,-8.6,6.2,7.1,1.5,19.4,-2.1,3.2,4.6,-8.6,4.6,2.2,18.8,6.1,-10.0,-5.6,0.2,1.9,-2.1,-3.0,-3.0,-3.3,-1.7,-3.5,-1.7,-2.5,-1.4,2.9,-0.5,-8.8,-11.2,-5.5,5.8,-0.9,0.1,-7.0,5.0,-0.2,-6.3,-0.5,-1.6,3.8,1.6,-1.7,-2.3,-7.5,-6.5,-4.7,-1.9,-1.0,-3.9,5.2,-0.5,2.5,3.0,-5.1,9.5,-6.2,1.8,-1.1,-7.4,1.2,4.7,0.1,-1.9,12.0,5.2,6.7,6.9,-7.7,3.8,-0.2,13.2,-5.4,-5.8,-0.9,15.3,-1.1,2.2,1.2,2.7,-1.6,3.7,-8.1,5.2,5.5,6.9,13.5,5.1,6.1,7.6,0.7,-4.8,0.5,-2.3,-7.3,-0.6,1.5,-4.2,-7.5,-8.6,-3.4,-0.5,0.4,2.5,-0.5,5.8,4.4,1.8,-12.6,2.3,-5.6,5.2,4.1,7.5,1.9,-5.0,-14.1,4.6,7.2,11.9,8.9,11.1,-0.9,-6.5,1.7,-0.3,-4.5,-3.5,-0.7,0.7,8.0,-9.0,3.6,7.4,10.4,0.7,-13.1,-5.0,-5.7,-3.0,-0.6,-1.3,9.0,7.9,1.5,-12.4,12.5,-6.8,4.5,8.2,6.5,-9.3,-3.3,-8.8,-4.9,2.3,-2.1,-1.7,0.3,-0.3,3.2,-5.3,-5.3,-1.0,-8.1,2.6,5.1,-4.0,1.7,-10.2,-11.3,8.2,0.6,-1.2,1.8,-0.7,-0.6,4.3,5.1,-1.9,-2.0,3.5,-8.5,2.0,9.2,5.9,4.0,-13.4,-5.4,6.0,10.3,-2.8,-4.1,9.0,0.3,-8.0,0.0,0.7,-5.9,-0.9,8.6,7.0,-1.5,-5.2,13.6,12.9,-0.2,2.6,-0.4,-3.9,6.0,-1.5,-1.7,-0.4,1.2,1.8,17.7,-6.8,7.8,1.2,-2.8,0.6,2.7,3.5,-0.9,-0.9,0.6,6.7,11.4,-1.7,-2.0,3.7,0.2,1.6,11.6,-7.8,-4.3,-3.6,0.3,-1.8,-1.8,15.1,8.8,-7.4,-10.0,5.5,-6.2,-5.0,5.0,-7.1,-5.7,1.4,1.6,-5.9,6.8,4.8,-9.1,-4.1,0.2,7.0,5.9,-6.7,-9.8,-1.8,3.7,1.2,0.5,-17.8,1.2,-3.2,2.9,11.7,-1.8,2.8,1.1,-1.5,8.8,4.0,13.5,-3.9,-7.4,0.4,-9.0,4.3,1.8,0.0,8.4,-2.7,-2.4,-2.0,-1.7,0.5,1.7,1.5,12.0,0.6,1.3,4.0,3.5,-2.1,1.3,4.3,11.5,6.2,16.1,0.8,-2.6,-8.4,-2.5,14.0,-2.0,4.2,-3.0,-3.0,-2.9,-2.2,-1.4,-2.2,-2.2,-2.3,-3.2,3.2,1.8,16.5,-3.6,-3.2,-3.9,2.5,-1.5,-2.9,-0.8,-8.0,-5.9,9.6,-1.7,7.4,5.0,-3.5,-1.7,0.7,-0.9,1.9,-5.6,-9.9,4.2,-7.3,7.1,-7.2,-10.4,4.5,-7.5,-8.4,-0.1,1.8,1.2,-2.1,-4.7,-4.9,8.4,14.6,0.9,4.5,-8.7,-3.4,-2.2,2.8,0.1,-2.0,8.5,-8.0,1.7,8.2,-4.5,-6.9,-1.6,7.2,3.5,2.7,-6.0,-5.9,-6.3,-3.2,5.4,-8.5,-0.0,-4.2,-0.1,7.1,-5.5,-3.2,2.0,-3.4,-2.7,-5.3
2020-02-06,-10.9,3.8,5.5,6.6,4.1,-5.2,-3.0,7.6,-1.3,3.0,19.9,-12.8,-0.9,6.0,-3.4,0.7,4.4,21.1,0.7,-7.5,0.9,2.1,3.6,1.4,2.5,-2.0,-2.7,1.3,-3.2,-1.8,0.6,-3.3,3.6,1.1,-1.8,-5.6,-7.1,0.7,-1.3,-4.8,-1.8,6.5,-3.3,-9.9,0.3,-2.3,-3.9,5.7,3.7,-1.6,-5.2,-3.0,2.1,-8.8,-4.5,4.1,0.2,0.3,-0.3,2.6,-5.8,6.6,-7.7,-4.5,-4.7,-10.7,3.0,2.5,-0.5,10.4,11.7,-2.0,7.9,9.0,-7.4,4.5,0.3,5.0,-5.2,-2.7,7.1,17.0,-0.3,-3.2,-4.5,0.9,-8.3,5.2,-6.3,3.0,8.2,7.2,15.6,7.5,9.8,11.0,-1.1,-3.7,0.3,-0.3,1.9,2.5,9.3,-2.8,-3.8,-7.9,-4.0,-0.1,-0.5,0.7,-0.3,5.8,6.7,1.2,-15.3,15.0,-5.0,6.8,3.5,7.3,0.2,-3.1,-11.8,8.0,6.5,14.7,11.1,12.4,-2.1,-5.8,-0.2,3.9,-2.4,-1.5,-1.1,1.8,11.2,-4.0,-0.7,-2.4,9.3,-0.6,-11.7,-4.7,-3.2,-1.4,-0.3,-2.4,2.1,5.8,1.7,-9.9,13.8,-7.7,2.3,6.8,6.1,-10.5,-1.7,-7.1,-4.5,2.6,-1.4,-0.2,0.3,-0.3,1.2,0.4,2.9,7.3,-9.2,6.9,-5.4,-6.0,0.3,-8.5,-11.7,9.7,2.8,1.0,1.5,3.1,5.1,-4.3,12.1,-1.6,-4.9,1.4,-10.5,2.9,9.8,6.5,1.1,-10.9,-12.3,1.8,10.2,-2.2,-7.4,12.0,-1.0,-11.5,3.0,1.0,-4.4,-0.4,5.1,5.5,3.0,-3.2,5.6,12.4,-1.1,1.4,-0.2,-1.6,7.6,-1.6,-2.4,0.9,3.0,-0.0,7.2,-5.6,9.0,1.1,-5.9,-0.8,3.7,2.9,-0.3,4.6,2.6,6.4,5.8,7.1,-0.9,4.5,4.8,-10.8,15.1,-5.6,-4.8,-2.1,0.6,2.8,0.2,8.1,3.1,-6.2,-7.8,6.0,-7.4,-3.0,4.0,-4.2,4.1,3.2,2.0,3.1,2.2,1.2,-8.0,-4.3,1.2,8.3,5.6,-3.1,-6.9,-0.5,3.4,1.1,1.9,-15.2,3.2,-4.0,3.1,15.9,-0.6,2.7,2.3,-2.6,8.6,5.7,8.5,-3.8,-6.1,1.4,-6.6,7.4,3.4,4.9,4.5,-2.5,-0.2,0.6,-3.9,-0.7,-1.2,-0.1,7.3,-0.1,1.1,5.8,3.2,-1.5,1.9,3.8,10.7,6.7,15.7,1.8,-0.0,-7.3,-4.7,18.0,0.9,-0.4,-1.9,-0.7,-4.2,-1.8,-0.6,-5.7,-0.4,-4.2,-3.3,0.9,2.0,8.6,-3.8,-3.9,-6.6,3.0,-1.8,-3.2,-2.5,-1.8,-4.3,10.3,-1.2,-1.4,6.6,-3.0,-3.4,-0.5,-1.3,2.7,3.8,-10.4,3.4,-0.8,9.5,-10.7,-8.8,6.7,-8.6,-7.2,4.9,4.0,3.1,3.3,-6.7,-7.1,9.0,18.6,-2.4,5.6,-9.0,-4.2,-2.3,1.8,2.7,2.3,7.2,-3.4,7.4,10.5,-2.3,-3.3,-0.6,7.1,4.5,-0.7,-2.8,-2.8,-3.7,-3.6,8.8,-5.9,-0.6,-0.2,-1.4,6.3,-3.4,-0.8,5.1,1.3,-0.6,-2.1
2020-02-12,-11.1,1.5,6.2,7.8,4.4,-13.1,-10.6,8.9,-15.3,-1.3,18.2,-1.6,0.0,5.7,0.5,1.0,4.3,19.5,3.4,-4.2,-3.0,0.1,0.8,-0.9,-1.3,-0.8,-2.0,1.7,-3.8,-1.9,-3.5,1.9,5.8,1.3,-3.6,3.8,-8.3,-2.5,-4.5,-2.7,-2.7,8.3,-2.4,-0.6,-1.8,-3.6,-2.6,1.6,3.2,-2.0,1.9,-1.7,-13.0,-5.3,-1.4,4.3,-2.5,-0.2,1.7,1.0,-5.9,9.9,-6.2,-5.3,-1.0,-6.0,-1.5,0.2,12.0,-6.5,9.7,-1.7,4.8,7.7,-10.6,1.4,-4.0,-4.8,-6.2,-4.9,-0.4,16.4,-1.3,-4.2,-3.0,2.0,2.4,4.3,-8.1,0.9,1.5,3.0,10.9,5.5,4.6,11.2,4.0,-4.4,-0.2,-3.7,12.6,0.4,2.3,-4.7,0.4,-10.3,-0.9,-2.5,-8.9,-0.6,-1.4,3.3,4.3,-3.1,-8.8,8.7,-6.6,5.5,4.1,7.0,3.9,-1.9,-19.2,2.8,5.2,11.8,4.0,13.2,0.6,-4.4,-1.0,-4.2,-5.0,-3.3,-1.8,0.8,6.9,-12.2,-3.7,7.6,8.9,-11.9,-14.7,-6.3,-6.6,-4.7,-1.1,0.4,-3.8,4.9,-0.9,-10.6,12.4,-13.0,8.8,8.5,3.8,-7.1,-3.1,-8.4,-5.0,1.0,-1.7,0.2,-0.7,4.4,1.5,-2.9,0.6,4.1,-8.5,4.4,-4.1,-5.4,0.4,-10.5,-10.2,8.0,2.2,-0.1,0.1,-0.4,1.9,2.4,0.0,-2.0,-2.5,1.5,-10.5,2.6,7.5,2.2,0.9,-14.5,-0.1,4.0,9.3,-6.7,-0.9,14.5,-1.9,-8.6,2.0,-0.6,-0.1,1.3,3.0,3.5,3.2,-5.1,5.5,12.2,-0.5,3.3,-0.0,-2.5,14.6,-0.3,-2.1,1.6,4.4,-0.4,2.8,-6.2,7.8,4.3,-1.9,0.0,2.4,3.3,-2.0,1.9,3.0,5.9,8.2,1.4,-2.9,1.0,8.6,-8.9,17.0,-8.6,-6.1,-3.7,0.4,-3.2,-2.2,7.4,0.8,-6.9,-8.9,7.2,-7.5,-3.9,5.2,-4.1,-2.1,-1.7,1.2,-2.9,-0.8,-1.2,-8.0,-4.0,3.8,7.1,5.6,-8.7,-10.3,-4.0,3.8,1.9,1.6,-13.9,1.7,-1.3,5.8,19.1,-1.0,2.0,1.6,-3.1,8.8,2.0,18.0,-5.0,-6.5,2.3,-5.9,8.0,4.1,-0.8,4.0,-1.5,-2.8,0.2,-2.2,-0.4,2.0,1.8,-8.1,-1.1,0.7,1.2,4.8,-1.4,2.4,5.0,11.4,5.1,13.4,0.3,-0.5,-7.1,1.3,15.8,-1.9,1.9,-1.8,-1.9,-3.8,-2.5,2.4,-2.2,-2.2,-2.4,-2.0,1.3,8.0,11.7,-3.3,-3.8,-6.5,3.9,-5.1,-2.1,-2.4,-3.7,-3.7,5.4,-3.0,7.7,10.1,-4.2,-2.3,1.8,-1.4,2.4,-4.0,-11.3,1.4,-6.5,9.6,-9.6,-7.7,3.8,-4.9,-8.3,2.4,2.9,3.0,3.4,-3.3,-4.4,8.1,6.1,-5.9,4.1,-6.4,-2.7,-2.9,2.8,1.3,-2.4,3.6,-6.5,4.4,7.7,-5.6,-1.7,-0.1,6.5,4.1,-5.9,-5.1,-4.3,-3.2,-1.5,6.7,-7.7,-3.0,-2.4,0.9,9.7,-5.2,-3.6,2.8,-6.3,-2.5,-4.6
2020-02-18,-10.4,0.4,6.3,4.3,16.0,-5.7,-5.1,13.3,-12.5,-1.8,19.9,-5.6,-4.0,4.6,-6.9,-2.1,8.9,20.4,-1.1,-13.2,-11.3,0.7,2.0,-0.9,-1.1,-0.2,-0.6,-2.0,-3.1,-2.2,-1.7,3.3,4.3,2.3,-2.8,-2.6,-5.7,-0.9,-1.3,-1.5,-1.2,5.9,-5.1,-3.8,-4.3,-1.7,2.1,-1.9,2.5,-3.3,-6.0,0.1,0.0,4.8,1.3,1.3,2.1,-1.8,-1.2,1.5,-4.7,3.4,-8.4,-2.2,-0.8,-5.1,-1.1,-2.0,-1.5,-8.5,10.2,-1.5,7.6,6.9,-1.0,1.9,0.3,1.3,-5.5,-6.7,-0.2,13.5,-0.2,-0.7,-2.5,6.4,12.0,5.4,-6.2,0.2,9.5,9.0,17.4,5.9,6.3,11.7,-0.9,-3.1,-2.0,0.7,-2.2,-2.4,0.3,-2.8,-3.6,-10.3,-5.2,-1.1,-3.2,0.0,8.7,0.8,4.1,-8.5,-3.0,13.0,-7.3,3.8,4.2,8.5,4.4,1.7,-19.7,7.8,10.7,11.7,6.7,12.7,-1.2,-6.3,4.6,-4.0,-4.8,-3.2,-6.1,-0.7,8.7,-9.8,7.2,9.0,13.5,-7.6,-13.7,-7.6,-6.9,-2.7,2.0,0.9,-4.7,0.6,-3.1,-11.3,14.2,-14.3,5.7,8.9,4.1,-6.3,-4.0,-10.2,-5.1,2.8,0.1,-0.8,2.6,5.4,3.5,-4.5,-4.2,4.4,-10.2,1.6,-2.6,-5.6,1.3,-9.8,-10.7,6.6,2.4,-0.9,0.6,0.7,3.8,-1.6,1.6,-1.2,-2.2,3.9,-9.9,-0.3,4.5,5.5,1.3,-15.4,-2.5,3.5,9.5,-0.7,0.3,12.1,-0.9,-9.1,4.5,-0.4,1.1,3.3,2.8,6.0,-0.1,-0.8,7.3,11.3,-0.6,0.7,-0.7,0.3,9.9,-3.8,-2.4,5.8,10.4,3.7,8.5,-6.9,7.2,3.3,-3.3,-1.1,3.0,3.0,-2.1,1.2,1.7,1.3,6.6,0.5,0.8,2.8,6.1,-15.3,18.5,-5.9,-4.0,-1.2,0.3,-1.9,-1.9,-1.4,-6.2,-5.8,-8.5,5.4,-6.7,-4.3,3.4,-5.1,6.4,3.4,0.5,2.8,-2.9,0.3,-7.0,-6.6,3.6,6.7,6.0,-9.1,-9.6,2.2,3.1,3.0,0.2,-15.8,2.4,-0.3,3.9,-6.4,-2.4,3.3,1.4,-2.9,14.2,3.8,9.9,-5.3,-3.2,1.5,-6.2,5.4,2.1,2.1,4.0,-1.5,-3.9,-0.5,-1.6,1.3,1.1,1.8,-6.6,-0.4,1.1,-2.1,-0.0,-1.7,2.7,3.0,16.8,4.7,12.9,-1.8,-1.8,-6.9,-1.2,18.7,-3.3,1.5,-2.1,-0.8,-4.1,-2.5,2.3,-5.0,-2.4,-3.4,-0.6,2.0,7.2,15.5,-2.2,-2.3,-4.2,2.9,-3.2,-4.1,-2.3,-3.2,-4.7,11.2,-2.2,1.2,12.9,-3.9,-3.0,2.1,-3.4,1.1,0.8,-12.3,8.1,-4.4,8.1,-9.6,-7.8,2.0,-7.8,-11.0,5.4,3.5,4.6,3.2,-4.1,-4.3,14.3,11.5,-3.3,3.8,-10.7,5.9,2.4,4.3,0.3,-4.2,5.0,-2.7,1.7,7.6,3.3,-5.9,-3.0,2.8,2.6,-5.9,-6.4,-5.9,-0.2,-1.6,9.0,-9.5,1.1,0.8,0.4,8.9,-4.3,-1.7,2.0,-12.5,-3.5,-4.3
2020-02-24,-10.6,2.5,3.8,4.5,-0.4,-4.9,-3.8,6.0,-12.1,-0.3,19.4,-6.8,-0.6,4.3,-6.9,3.6,4.9,21.3,1.0,-11.3,-3.7,0.5,1.9,-2.7,-3.6,-0.0,-2.8,1.1,-5.2,-3.0,-4.0,-1.9,6.3,1.6,-1.8,-6.7,-5.2,1.1,-2.5,-4.6,-7.9,3.4,-0.9,10.0,-2.2,-3.8,-9.6,1.9,5.3,-1.3,-8.8,-0.8,-4.1,-1.6,-0.7,1.9,0.5,-2.5,2.3,3.3,-6.5,2.7,-10.5,0.5,0.1,-5.1,2.2,1.8,-1.5,0.9,8.7,3.2,7.9,5.4,-14.1,2.0,-2.6,-3.0,-4.2,-2.0,-2.8,5.1,-0.7,-0.8,-0.2,3.4,0.2,4.7,-5.4,2.8,4.3,6.7,14.1,5.7,7.4,9.5,-0.6,-3.2,1.3,3.0,11.9,-0.7,-2.9,-3.5,0.4,-5.8,-3.3,0.8,10.8,2.2,-6.4,3.9,4.3,1.5,-2.0,6.6,-5.6,3.6,2.9,7.5,2.3,-3.8,-15.3,4.4,7.0,11.6,7.5,13.1,3.5,-5.8,1.8,-6.7,-4.1,-3.4,-3.6,0.3,7.9,-6.2,-8.1,-13.8,11.7,-8.2,-13.5,-8.5,-4.4,-0.6,1.2,-2.5,-3.5,-0.1,-2.8,-11.7,13.2,-8.9,9.0,10.0,4.3,-8.0,-5.0,-9.9,-5.8,2.5,-0.1,-3.4,-2.3,-1.0,5.3,-4.9,-3.1,0.9,-10.3,3.1,-2.6,-7.3,0.7,-8.9,-11.2,7.6,-0.5,3.4,-0.4,-0.9,-0.5,6.9,14.9,-2.1,-4.9,2.4,-11.4,2.7,8.0,2.9,-0.5,-13.5,-3.2,3.3,9.4,-4.2,-5.8,8.7,-0.8,-11.9,1.5,-0.7,2.3,-0.0,7.5,4.6,1.2,-1.6,10.6,11.5,-2.3,2.0,-0.6,-1.4,7.4,-1.7,-1.6,6.3,8.5,3.1,-3.2,-5.3,8.8,1.9,-2.8,0.0,4.1,3.0,-1.8,-0.8,0.3,8.1,6.5,-1.3,-0.5,1.2,9.2,-18.3,13.2,-6.3,-3.1,-2.2,-0.1,0.9,3.6,2.9,-3.2,-7.1,-8.5,10.1,-6.1,-3.1,3.6,-5.3,2.0,2.3,1.8,-4.6,-0.5,-4.5,-7.8,-3.2,0.2,9.1,0.2,-1.9,-9.5,0.4,2.8,0.1,1.7,-13.6,2.7,-4.6,-0.4,0.4,0.1,-3.3,1.0,-5.8,11.5,3.0,-2.9,-3.5,-7.9,2.7,-5.7,7.3,2.8,6.5,-0.7,1.1,-1.3,1.7,-4.0,-0.6,1.2,0.3,4.4,0.7,0.5,-6.5,4.2,-1.8,-0.0,0.0,14.0,5.3,14.4,1.3,-1.7,-6.0,-3.3,16.7,2.3,-2.4,-2.4,-3.7,-3.3,-1.6,0.3,-3.5,-0.7,-0.7,-5.2,2.8,2.7,16.7,-1.6,-4.7,-1.3,3.5,-3.4,4.0,-2.1,-3.4,-4.0,11.0,2.1,7.3,15.1,-3.8,-4.3,3.0,-2.5,1.9,4.8,-10.5,4.6,0.2,11.4,0.7,-8.3,4.2,-4.5,-3.6,1.2,4.4,2.6,5.3,-3.1,-4.3,19.6,18.8,-5.7,6.6,-5.5,-1.7,-2.0,0.1,3.5,-0.9,5.9,-6.1,6.5,10.9,-3.1,-1.5,0.2,7.9,5.4,-4.1,-3.0,-4.0,-2.4,-2.2,8.4,-5.4,-1.6,-1.0,1.9,8.1,-6.6,-4.4,-1.4,0.2,-3.6,-4.6
2020-03-01,-13.3,-0.4,5.5,3.3,-3.4,-9.9,-9.7,14.2,-14.3,-4.5,16.4,-7.0,-4.4,4.1,-7.2,-5.1,5.3,20.3,-3.7,-10.9,-0.7,-0.1,2.8,-1.6,1.6,-2.1,-0.4,-1.0,-4.6,-1.1,-1.6,0.1,3.4,1.0,-0.8,-7.4,-5.0,3.0,-1.8,-4.9,-3.9,4.9,-3.1,5.6,-3.5,-2.6,2.6,1.1,-0.5,-3.3,-5.9,0.9,-2.8,-1.3,-2.1,-3.2,1.3,-2.9,-2.5,2.5,-5.6,0.6,-9.0,-0.2,2.6,-4.8,-1.3,-3.6,2.1,0.8,11.1,1.6,4.0,5.5,-9.6,2.6,-0.3,3.5,-0.2,-2.5,-3.6,3.1,0.5,0.6,-0.6,0.1,2.3,4.8,-4.0,1.6,1.4,1.7,11.7,5.9,6.2,10.0,2.2,-1.5,1.2,4.0,16.4,-4.0,-1.4,-4.7,-8.8,-9.7,-2.1,3.3,13.3,2.1,7.2,4.9,4.4,-0.2,-14.2,4.2,-5.6,8.3,2.9,7.4,3.0,-4.1,-14.2,2.5,4.4,10.8,10.3,12.9,1.8,-4.9,0.6,2.6,-4.3,-2.8,-1.5,-2.1,8.1,-9.3,-3.1,-10.8,10.2,-12.0,-13.5,-7.9,-6.1,-2.5,0.3,-1.9,-0.6,1.2,-0.8,-10.7,12.2,-10.0,-6.1,12.4,5.1,-5.7,-2.9,-9.1,-5.2,2.6,-1.3,-1.3,-0.3,3.2,4.6,-2.4,-0.7,-0.3,-10.7,3.2,4.2,-3.3,3.0,-7.7,-9.6,7.8,1.0,2.5,-1.0,0.5,-0.6,-1.9,2.5,0.2,-3.1,5.5,-9.0,0.8,7.9,3.6,0.0,-12.6,-8.2,4.2,8.5,-2.5,1.6,13.9,0.3,-9.6,0.2,0.4,-1.3,5.7,8.0,4.4,1.2,-5.6,8.3,10.2,-0.5,0.6,-1.5,0.8,13.8,-1.9,-0.1,3.6,11.7,3.3,7.9,-8.0,7.9,5.0,-3.6,-1.0,4.7,4.0,0.3,3.5,2.4,7.2,7.5,1.8,-4.6,3.5,7.6,-6.0,16.9,-3.5,-5.7,-3.8,-1.9,-1.1,-3.7,4.1,-5.5,-5.2,-7.1,9.4,-5.4,-3.4,4.8,-6.0,2.0,-1.9,-0.0,3.5,1.8,-8.2,-6.8,-1.1,2.4,6.8,3.8,2.6,-9.4,-0.3,4.0,4.0,3.3,-20.1,2.1,-2.9,3.0,2.1,-2.5,0.9,1.5,-4.2,-0.6,5.6,14.9,-3.9,-8.3,0.9,-6.6,6.5,0.4,4.2,2.7,-1.4,1.6,1.1,0.1,2.3,3.9,1.9,0.1,-0.7,1.7,-6.4,2.0,-0.5,3.6,1.4,13.6,6.3,15.2,-1.2,-4.2,-6.4,-3.6,17.1,-3.1,-1.7,-2.0,1.4,-3.5,-1.8,2.1,-3.3,-0.7,-1.7,-1.7,6.4,4.0,12.0,-1.5,-2.6,-9.4,3.6,-1.0,-3.1,-5.1,-2.6,-4.0,11.3,1.7,9.1,5.4,-2.7,-2.0,3.5,0.6,2.1,-3.1,-11.6,4.8,-2.9,10.5,-10.9,-7.6,4.3,-7.0,-6.5,-0.6,2.9,3.3,2.4,-2.2,-2.9,14.1,17.2,-1.1,5.1,-11.4,-5.1,-5.0,1.6,3.9,-4.2,9.3,-4.9,4.0,11.4,-1.0,-3.2,1.3,6.5,5.4,-4.0,-4.8,-4.1,-1.0,-0.8,10.1,-6.4,2.5,-0.9,0.1,8.7,-4.4,-2.9,2.3,-11.7,-3.1,-1.7
2020-03-07,-10.9,0.7,4.2,5.7,1.8,-7.1,1.5,-0.2,-11.3,-0.3,20.0,-2.4,3.5,4.2,6.9,6.6,-1.7,21.6,3.3,0.9,2.3,0.1,3.1,-0.8,-3.3,-6.4,3.9,0.7,-1.7,-5.3,0.7,-2.5,3.8,0.9,-4.0,-5.6,-7.5,-0.7,-3.0,-5.5,-7.2,4.1,-6.9,10.5,-3.8,-3.6,-1.7,-0.2,-1.4,-3.0,-6.6,-0.8,1.3,-1.4,-3.4,-3.1,3.2,-3.9,-1.5,4.2,-4.4,3.0,-9.3,-4.4,5.1,-6.4,-2.8,-0.6,1.0,1.6,11.0,-2.1,6.8,7.2,-6.8,3.1,-2.2,-9.7,-0.2,-6.4,-3.3,23.8,-1.4,6.0,3.1,8.5,5.0,6.2,-6.4,2.5,1.1,4.8,10.2,7.2,4.8,12.4,0.3,-2.5,0.5,-1.5,-5.4,0.8,-1.9,-2.7,-5.4,-8.4,-1.3,-1.4,-2.0,-0.7,-2.7,2.7,4.6,1.9,-1.6,9.6,-6.4,8.5,3.0,5.1,-0.1,-3.5,-14.1,2.6,5.6,11.3,1.9,14.4,-0.1,-4.2,2.0,6.3,-4.2,-3.7,-2.3,-3.5,9.8,-4.9,10.4,-12.9,10.9,-7.0,-14.4,-7.6,-6.1,-2.8,-0.0,-1.3,-11.4,2.4,0.0,-12.6,13.1,-8.4,7.6,9.6,4.0,-8.8,-5.9,-8.9,-6.2,1.2,-1.1,0.2,0.7,1.5,2.0,-3.0,-4.3,0.3,-11.3,1.2,-3.6,-6.0,2.7,-10.0,-11.8,6.9,1.6,-10.1,-2.6,0.8,0.9,-2.9,-6.1,-0.7,-1.5,2.0,-10.2,0.6,4.9,2.0,1.7,-14.2,-5.7,1.2,8.6,-4.4,-3.9,8.2,1.2,-8.7,0.9,0.5,-3.8,1.0,5.2,4.2,-3.2,-6.1,3.9,10.8,-1.6,4.0,-1.3,-0.2,7.6,-1.2,-2.6,-1.5,1.0,3.4,6.7,-7.2,8.1,13.2,-1.2,-2.4,3.8,3.1,-0.6,-4.6,1.1,6.6,7.4,-6.7,-0.3,3.4,8.3,-11.5,12.3,-3.0,-4.7,-2.1,-3.0,-4.2,-3.2,1.8,-4.5,-5.4,-7.1,4.4,-4.6,-2.9,1.1,-2.9,-1.0,4.8,0.6,1.0,-1.8,-0.3,-6.2,-2.5,0.6,5.9,3.9,-5.0,-8.4,-0.9,1.3,0.0,-0.4,-15.2,3.8,-14.7,0.4,14.5,-5.5,2.8,1.5,5.8,10.6,5.4,7.3,-2.6,-2.4,2.0,-7.0,8.0,-0.9,4.0,5.3,-1.3,-3.7,-5.5,-3.9,2.7,-0.3,0.3,4.1,-0.3,0.4,1.8,0.5,-1.0,-0.0,5.5,10.6,6.2,14.0,1.2,-2.7,-7.6,3.1,20.1,0.9,-2.8,-3.4,-0.2,-2.8,-2.9,-8.3,-3.8,0.2,1.5,-6.8,3.3,2.0,-2.6,-5.5,-3.4,-1.5,0.0,0.1,-1.9,-1.9,-0.8,-12.7,12.1,-12.2,7.1,5.1,-4.2,-6.2,1.0,-1.4,2.9,3.0,-9.7,3.8,1.2,6.5,2.8,-10.9,4.7,4.6,-0.8,5.3,5.1,2.3,3.7,-6.3,-8.0,24.3,29.6,-1.0,6.4,-12.2,-4.4,3.0,2.1,2.3,-6.7,6.3,-2.8,1.6,8.5,-3.2,-4.5,-1.2,8.0,3.8,-2.5,-3.2,-5.4,-2.9,-0.0,8.9,-5.6,-1.1,-0.8,1.9,8.9,-4.4,-2.8,-3.7,-1.1,-3.7,-3.4
2020-03-13,-16.1,4.4,7.3,8.3,-0.8,-12.0,-8.9,11.0,-11.8,-3.9,18.0,-5.4,3.1,4.5,-11.7,-0.1,12.4,19.2,1.8,-5.8,-1.6,2.1,2.9,0.3,15.9,-4.8,9.3,-2.8,-3.6,1.5,-1.4,-3.1,4.4,0.1,-1.0,-3.0,-5.7,-4.7,0.0,-0.4,-5.1,6.9,-4.3,4.4,-0.2,-2.1,-7.8,-2.4,-0.0,-1.6,-8.6,1.6,-3.0,0.5,3.2,-6.7,1.5,-1.7,2.9,2.6,-7.6,-9.6,-5.1,-2.0,1.5,-0.5,0.6,-2.8,-2.2,2.8,12.2,-3.1,4.3,6.6,-11.9,1.1,-2.0,-1.3,-4.8,-5.4,5.7,17.2,-1.0,0.7,0.8,11.0,2.1,7.0,-10.3,0.1,0.5,4.7,11.3,4.7,4.0,20.1,1.8,-2.3,-0.9,-5.0,3.1,-1.6,-1.3,-2.9,-1.1,-14.4,-4.3,-0.3,-2.1,-2.5,-3.9,3.2,3.7,-11.0,-9.7,3.5,-6.2,5.7,4.4,7.9,3.1,-1.2,-15.3,1.3,8.7,11.3,5.6,11.4,-0.9,-3.4,0.8,-10.0,-5.8,-3.8,-7.2,-1.6,8.9,-7.2,2.2,-14.6,12.0,-7.6,-13.3,-6.8,-5.9,-2.6,1.8,0.8,-4.1,1.3,-1.0,-7.7,10.8,-11.8,6.0,9.5,5.3,-6.3,-4.3,-10.0,-4.9,2.3,0.1,0.7,2.2,3.9,1.8,-4.2,-5.7,-0.7,-6.2,1.6,1.7,-5.4,2.1,-9.4,-10.4,5.3,-2.6,-4.0,1.0,-1.3,1.9,0.2,1.6,-1.0,-1.0,3.7,-12.0,1.7,9.3,2.5,-1.7,-18.4,-6.9,1.3,8.3,-6.8,-2.8,11.9,-1.6,-12.1,0.2,-2.0,-1.5,2.1,-1.1,2.8,-0.6,-5.8,7.1,10.4,0.2,-2.6,-2.9,-2.7,9.6,-2.0,-2.5,-2.5,-0.4,1.5,2.1,-7.8,8.3,-1.8,0.6,-2.0,3.7,3.5,-3.1,-0.5,-1.2,5.3,7.3,0.5,-2.6,7.3,5.0,-0.6,12.9,-6.7,-5.5,-4.0,-1.6,-0.1,2.4,4.2,-1.4,-6.9,-6.6,4.7,-7.1,-5.4,-0.7,-6.1,-3.1,2.0,0.1,3.3,-0.7,0.4,-5.8,-5.0,2.3,5.4,4.2,-7.0,-12.3,0.2,2.9,-1.6,2.0,-16.5,0.7,-2.5,4.3,3.1,2.0,5.6,1.2,-7.7,14.9,3.1,6.4,-4.5,12.8,0.5,-6.7,7.4,-1.5,-0.7,0.1,-6.9,-3.9,-0.0,-3.7,0.3,1.2,0.2,-2.9,1.1,1.1,5.7,8.9,-5.3,0.5,5.7,13.3,2.7,11.5,-2.4,-3.3,-7.6,-1.5,14.1,-1.9,-4.6,-3.5,-0.4,-5.1,-3.4,0.7,-3.5,-2.7,-2.3,-2.1,-2.8,3.1,10.5,-4.3,-3.2,-8.2,-0.6,-2.9,-2.5,13.5,-5.2,-5.3,8.8,-2.4,10.3,4.3,-4.4,-6.3,-4.6,-0.5,-2.7,-0.5,-12.7,3.8,-6.0,8.9,-9.7,-9.6,0.7,-5.2,-7.5,2.6,-0.3,3.1,-0.2,-5.3,-6.6,10.8,12.2,-4.0,4.5,-9.4,-4.3,-2.0,4.3,1.1,-9.0,2.2,-0.8,4.3,10.1,-3.5,-1.7,-1.2,7.7,2.6,-4.8,-4.9,-7.0,-2.2,-1.2,7.6,-7.1,-3.3,-3.4,0.3,7.2,-6.9,0.7,-0.6,-2.8,-4.3,-5.9
2020-03-19,-14.4,0.8,3.9,6.0,-8.6,-12.3,-9.5,5.6,-16.2,-3.2,20.7,-5.6,-1.4,3.2,-13.2,1.2,-7.3,21.7,-1.6,-7.7,2.8,-0.3,-4.8,-0.7,1.9,-1.7,-7.9,-7.3,-17.7,-6.8,2.3,-13.8,5.9,-2.2,-2.2,-6.1,-10.8,3.9,-5.7,-11.5,-4.7,6.6,-1.3,5.4,-0.4,-2.9,-9.6,-1.3,3.5,-1.5,-8.6,2.3,-4.1,-0.2,-4.7,3.0,-0.5,-0.1,-1.2,1.9,-5.2,-3.3,-7.3,-3.8,1.3,-1.6,0.2,-3.3,-3.3,-1.5,11.2,-4.3,-0.2,1.3,-1.6,1.4,-6.2,-7.2,-4.5,-4.8,1.2,17.3,-0.2,1.6,1.3,0.0,-0.4,3.1,-9.3,1.9,0.2,1.7,9.2,4.0,6.4,5.7,2.7,-6.5,-0.2,-0.0,11.4,-1.4,-0.8,-2.6,-4.4,-8.0,-5.0,-1.0,4.1,2.0,-1.4,0.1,4.1,-1.9,-10.5,1.6,-7.7,3.3,3.6,5.3,1.5,-2.5,-14.1,1.7,4.5,12.1,10.5,10.5,-2.3,-7.5,3.3,12.7,-3.1,-3.0,-5.3,-3.1,9.9,-4.6,-0.4,-10.8,9.5,-7.3,-14.4,-10.4,-6.6,-1.0,2.7,1.8,-5.2,1.5,-12.8,-11.1,12.8,-7.9,2.3,11.3,7.2,-5.4,0.3,-8.8,-3.3,4.1,1.0,-0.2,1.2,6.0,3.8,-3.2,-2.5,1.1,-7.0,1.0,1.4,-4.4,1.7,-8.4,-9.8,8.4,0.4,-4.2,-3.9,-1.9,1.1,0.6,3.4,0.8,-3.3,-1.5,-3.2,-2.0,6.6,8.7,-0.5,-13.6,-2.9,2.0,9.1,1.8,3.7,14.8,0.1,-5.8,1.7,0.4,3.5,2.3,-0.1,8.3,3.8,-5.3,7.4,11.2,1.8,-1.3,-1.7,0.9,10.6,-1.5,-0.7,3.9,6.1,3.1,8.6,-5.8,8.7,5.3,-1.0,-0.7,3.0,3.4,-1.6,-0.3,0.2,3.8,7.3,-0.7,-3.5,4.9,8.4,-9.4,11.5,-3.5,-4.0,-4.5,-0.9,-0.0,3.7,4.3,1.3,-4.4,-5.9,-3.7,-7.8,-6.0,1.1,-6.1,-2.9,0.2,1.4,-0.6,0.7,-0.6,-5.0,-5.9,2.8,2.8,0.2,1.7,-11.6,-0.7,-2.9,0.7,-0.2,-14.8,1.5,6.9,6.8,3.1,4.2,4.3,2.1,-4.3,9.4,4.1,9.2,-8.3,-7.1,-1.7,-7.6,6.9,-3.7,-0.1,4.2,-4.3,-6.5,2.3,-3.7,2.3,3.3,-0.4,2.0,1.1,2.9,4.2,2.9,-1.7,0.4,4.5,15.9,3.0,11.8,1.2,-3.8,-7.7,-1.4,17.5,-9.0,-1.7,-2.9,-4.3,-5.9,-2.6,2.7,-2.6,-2.9,-0.6,-4.3,-1.5,1.7,12.9,-2.0,-0.3,1.4,1.2,-0.1,-6.0,-2.8,-6.0,-3.0,9.7,-12.3,12.9,3.4,-1.7,-4.8,-5.8,-1.1,-3.5,-4.9,-9.4,3.1,-1.3,9.2,-11.1,-10.5,2.7,-3.5,-3.8,7.5,4.1,4.3,3.7,-5.2,-6.4,11.5,10.6,-3.4,3.8,-7.6,-0.9,-7.6,5.9,-0.7,-4.6,5.7,-8.0,-2.5,9.1,-1.4,0.1,0.0,6.8,3.2,-6.2,-5.4,-6.9,-1.5,-1.0,9.7,-6.2,4.8,-0.3,2.9,8.6,-5.8,5.7,2.1,5.5,-3.9,-6.3
2020-03-25,-12.2,-0.4,5.2,3.8,-4.0,-7.3,-8.5,7.3,-17.8,-0.4,19.3,-4.7,-2.2,4.7,-13.0,3.3,-2.0,21.8,-2.1,0.9,-2.0,3.1,4.0,-1.3,0.2,-2.7,-8.4,-2.2,-1.1,-6.7,-2.3,-6.8,6.2,-1.8,-0.4,-2.1,-5.6,3.7,-4.6,-3.5,-5.2,6.3,-1.4,4.5,-1.3,-2.2,-3.8,0.3,1.8,-2.2,-5.0,1.2,-2.0,4.7,-3.2,2.1,-0.0,-2.6,-6.2,2.9,-5.2,-2.8,-8.2,-5.3,3.2,-3.9,-2.8,-2.8,2.2,1.6,10.7,2.1,1.4,7.0,-13.1,14.6,3.1,5.7,-3.2,-4.1,0.5,17.4,-2.1,-0.2,-0.5,-0.1,0.2,5.2,-7.6,0.4,2.0,1.6,12.6,5.7,10.0,14.6,-0.8,-4.7,0.2,-5.8,2.8,-11.2,0.5,-5.1,-4.0,-11.1,-4.6,0.4,-5.1,-2.8,2.7,3.8,6.3,-2.3,-9.7,4.5,-8.9,0.5,2.0,8.3,0.1,-3.2,-15.7,3.1,6.7,12.1,15.4,16.9,0.0,-7.1,0.9,0.3,-3.6,-2.5,-3.3,-3.7,10.5,-3.8,-4.1,-12.8,9.5,-4.9,-8.6,-4.7,-6.2,-3.1,0.4,-4.8,-1.3,-1.4,-4.8,-11.0,13.4,-8.7,11.4,13.6,8.4,-8.5,-2.6,-9.5,-5.6,2.6,0.5,1.4,0.2,2.4,-3.0,-6.8,-2.3,-2.5,-6.8,-0.0,-2.4,-5.9,-0.3,-9.1,-12.4,7.9,2.6,-0.3,-0.5,-5.8,-0.6,-1.5,2.5,-2.2,-5.2,-0.3,-7.5,-5.2,-0.1,7.7,-1.0,-11.3,-0.2,4.1,8.1,-3.2,2.5,10.7,-1.5,2.1,2.6,1.2,-3.0,3.3,3.0,7.9,2.4,-2.3,7.6,11.1,-1.4,0.8,-1.9,-2.4,6.7,-1.0,-0.7,-0.9,8.3,1.1,9.2,-6.8,8.4,6.5,-0.2,-1.3,2.7,3.3,-0.3,0.9,-0.1,3.6,6.2,4.3,-0.4,3.4,7.1,-3.3,12.8,-5.5,-1.9,-2.9,0.3,-0.7,-2.5,5.0,1.9,-4.1,-5.0,9.2,-4.8,-2.5,2.2,-1.4,0.5,0.8,-0.3,4.7,0.1,2.4,-6.0,-7.6,2.5,8.2,4.3,-1.3,-9.0,1.2,-0.8,0.0,-0.4,-14.8,1.9,-2.6,3.2,-1.4,0.9,-0.9,2.1,-7.1,6.5,3.7,8.2,-3.6,-6.7,0.4,-6.4,6.6,1.9,-0.7,6.3,-3.6,-3.8,0.7,-3.6,0.6,1.0,0.8,-2.3,-4.6,0.4,-4.0,5.2,-1.4,-0.1,1.6,18.0,4.8,13.0,-0.1,-1.6,-7.3,-2.1,18.8,-3.4,-0.5,-2.5,-3.3,-6.2,-3.1,3.4,-3.2,0.0,2.3,-2.9,1.3,5.0,-0.1,-4.9,-4.5,-6.6,0.5,0.1,-2.9,-0.9,-2.4,-3.1,13.2,-14.8,19.8,8.9,-4.2,-5.7,0.8,-0.2,-0.7,-1.2,-11.5,3.4,5.1,10.9,-9.1,-7.6,6.7,0.2,-6.0,2.4,2.1,2.9,7.7,-5.4,-5.8,11.1,14.4,-1.7,6.9,-9.4,-4.6,-4.8,4.8,0.2,-2.3,7.5,-2.9,3.4,11.4,-4.4,-0.3,2.2,4.2,1.8,-5.2,-4.3,-5.3,-1.4,1.6,9.6,-5.6,-0.7,-0.9,3.6,10.2,-4.3,-4.2,3.3,9.1,-6.0,-5.2
2020-03-31,-20.3,-1.8,-2.8,6.3,6.5,12.4,3.9,4.7,-14.1,-2.7,19.8,-5.8,-6.1,4.9,1.3,0.3,-5.3,20.9,-4.9,-4.8,2.5,-0.8,2.3,-4.8,-4.1,-2.9,-13.8,0.5,7.0,-5.8,0.3,-10.6,3.6,-11.6,-0.0,-10.2,-22.5,-0.9,-4.7,1.5,-9.1,5.3,-3.3,6.1,-2.0,-4.8,-8.1,0.4,-0.5,-3.2,-9.7,3.0,-3.9,-3.1,-0.3,-1.9,1.9,1.7,1.8,2.4,-5.8,-3.3,-7.6,-5.5,-1.7,-4.5,2.8,-2.2,-0.9,-1.4,11.4,-4.8,4.5,5.2,-12.2,1.8,0.5,0.2,-6.7,-6.2,7.0,11.2,-0.8,-4.8,-0.6,-3.2,-1.5,2.5,-9.1,0.9,-0.2,4.5,14.4,4.7,5.5,9.4,9.6,-4.3,-0.1,-1.1,7.2,-3.7,-1.5,-5.5,-2.3,-10.7,-7.0,1.0,-1.4,-2.5,-2.4,0.9,3.9,-4.9,-7.8,0.6,-6.7,3.5,3.2,5.4,2.6,-1.3,-15.2,1.7,6.6,9.9,7.7,11.2,-2.7,-5.5,-1.0,-7.1,-5.6,-3.8,-6.1,-0.4,8.9,-4.5,-8.6,-15.5,11.1,-3.4,-11.1,-7.3,-8.4,-3.2,1.1,0.3,-1.5,-3.1,-2.8,-10.9,13.0,-7.5,8.0,8.3,8.2,-6.6,-4.0,-10.2,-5.9,2.3,1.1,1.5,1.1,4.2,-1.2,-4.4,-1.9,3.0,-12.2,-1.0,-0.8,-5.7,1.2,-10.9,-9.7,3.8,4.8,-0.1,1.0,-3.9,1.5,-0.0,3.3,-1.5,-1.5,12.8,-9.7,1.1,5.0,5.0,-2.9,-12.2,-6.6,0.4,7.3,-9.9,1.8,11.3,-1.5,-7.5,4.4,-0.1,0.3,4.2,-2.3,4.8,-8.6,-5.7,6.6,10.8,1.8,-0.4,-2.3,-1.1,6.8,-1.9,-1.6,3.2,-1.5,-1.9,0.4,-6.4,8.4,1.3,-2.9,-3.0,3.0,2.1,-1.4,0.2,0.4,4.2,4.7,3.7,-1.6,1.4,4.2,-4.4,8.8,-8.1,-1.2,-5.1,-2.5,-2.0,-0.5,4.5,4.3,-6.9,-7.6,1.6,-6.6,-6.0,6.2,-5.2,-3.7,0.9,-2.2,3.9,-0.6,3.3,-5.8,-4.5,-2.7,5.0,5.4,-5.9,-10.1,-4.5,2.9,5.0,2.0,-16.9,2.1,-2.8,4.9,-1.1,-2.1,5.4,-0.1,1.7,5.4,4.2,8.7,-3.1,-5.7,-0.1,-7.2,6.3,-3.2,-0.9,0.3,-2.8,-4.5,-0.4,-3.1,-1.3,-4.4,3.9,-2.3,-3.2,0.9,-1.6,5.6,0.9,0.2,2.0,9.6,4.9,13.4,0.8,-3.9,-8.0,-2.8,13.1,1.3,-7.7,-3.4,-0.7,-3.6,-2.8,-1.0,-3.4,-2.1,0.1,-2.0,-0.6,3.5,10.5,-4.7,-3.9,6.2,-0.2,-2.6,1.3,4.0,-3.7,-5.5,17.1,-1.1,21.6,7.8,-6.3,-4.6,-3.0,1.3,13.0,-2.7,-13.2,5.7,-1.1,10.2,-8.7,-11.6,4.8,-6.7,-6.3,5.7,2.5,1.7,6.0,-5.3,-5.8,10.2,5.4,-6.1,5.5,-10.7,-5.2,-4.1,6.1,0.6,-2.3,6.3,-7.6,4.2,9.1,-4.9,-1.9,-0.6,6.0,3.6,-5.2,-4.5,-7.4,-1.9,0.1,5.1,-8.2,2.2,0.5,4.6,7.4,-4.4,-0.9,2.6,2.7,-7.8,-2.9
2020-04-06,-13.9,2.0,5.4,4.2,-5.5,-3.4,-9.0,9.9,-13.7,2.6,23.7,-5.5,-2.1,5.3,3.5,-0.3,-3.4,20.5,-1.6,-2.1,0.9,3.5,4.2,-4.7,-7.1,-1.6,-6.1,-1.3,-17.9,-3.3,1.2,-7.9,5.2,-2.0,-4.2,-11.8,-9.5,0.3,-2.7,0.9,-3.9,7.3,-6.8,0.9,-3.8,-2.9,-2.5,-2.1,-0.5,-2.2,-3.8,5.4,-2.1,0.3,-4.3,-1.6,-3.9,0.3,0.8,2.3,-6.0,-2.7,-9.1,-2.5,2.6,2.6,1.4,-4.4,-4.1,-4.8,10.8,-5.6,3.0,-1.8,-14.3,1.6,7.7,9.3,-3.8,-2.9,3.1,14.1,-2.6,-0.1,-1.1,0.3,1.4,4.6,-7.0,0.6,0.8,3.5,12.8,2.0,7.3,10.0,-4.4,0.6,3.4,-0.2,4.3,-0.5,-0.9,-6.1,-3.0,-9.1,-4.9,-0.1,0.2,-4.4,1.6,6.0,8.3,-4.2,-7.0,6.4,-7.6,3.5,2.3,9.8,0.4,-2.5,-19.7,0.1,10.1,12.0,11.3,16.3,1.1,-2.0,2.4,1.9,-2.7,-2.7,-5.1,-6.6,11.0,-4.7,4.8,-13.8,8.8,-8.1,-14.2,-7.8,-6.6,-2.7,0.9,1.8,-4.2,2.2,-1.3,-11.5,14.1,-7.0,3.5,11.0,6.9,-7.7,-4.0,-12.0,-6.8,1.8,0.3,2.4,3.7,1.7,-3.5,-6.5,-3.6,2.6,-9.5,3.9,-5.4,-6.3,1.2,-11.4,-10.6,5.3,2.8,-3.2,-4.0,-2.5,-0.5,-4.5,1.7,-3.2,-6.0,-0.3,-19.7,-9.1,-0.7,11.5,6.6,-5.0,-0.4,6.1,10.9,-3.2,0.7,9.7,0.4,3.2,2.4,-0.6,-5.0,5.2,0.6,9.3,-1.1,0.8,8.8,13.8,2.2,2.6,-1.5,0.2,11.4,-0.4,-0.5,1.3,5.0,3.8,6.1,-4.6,10.2,8.9,0.3,-1.2,4.6,4.9,0.0,2.2,2.4,5.0,8.3,0.8,-0.2,1.3,7.2,-4.6,9.5,-2.4,-4.3,-4.3,-2.3,2.8,3.0,15.0,0.1,-4.0,-5.1,15.5,-7.4,-4.3,5.8,-1.7,1.6,1.9,8.7,6.7,5.1,-1.1,-5.3,-8.7,4.4,6.1,-0.4,-1.0,-10.1,-4.0,4.7,-12.1,-0.1,-14.7,3.0,-3.2,4.6,5.1,0.4,4.2,2.7,-2.7,18.6,5.5,7.0,-3.7,-5.8,1.8,-6.2,4.6,-0.9,3.0,0.7,-2.2,-5.0,2.2,-3.6,5.3,5.4,4.9,3.1,4.6,3.3,1.9,8.1,-1.9,-0.6,0.2,16.3,3.9,11.2,0.8,-4.9,-7.3,-0.9,14.7,5.8,-1.7,-2.9,2.0,-7.2,-2.0,4.5,-0.5,0.9,2.5,-3.2,0.2,6.9,11.9,-0.0,-3.3,-0.8,3.4,2.0,8.1,-2.3,4.4,-2.6,15.7,2.6,-3.7,8.4,-0.4,-5.5,-1.6,-2.5,0.7,10.1,-12.3,3.5,-0.8,11.8,-7.5,-11.7,7.7,-1.9,-6.6,2.7,4.9,-3.7,4.7,-6.6,-7.0,14.2,17.5,-1.4,6.4,-8.3,-3.4,-4.7,1.6,-1.8,-5.4,3.5,-4.2,1.2,12.4,-1.0,-6.1,-1.3,4.0,0.6,-5.7,-4.6,-4.9,-2.1,1.2,10.1,-6.7,4.0,-2.2,1.3,12.1,-3.1,0.9,4.1,-12.2,-7.0,-8.1
2020-04-12,-15.3,-1.6,11.8,7.4,-7.5,-10.2,13.6,9.0,1.3,0.3,17.6,1.5,-2.1,5.0,6.3,3.5,-8.4,18.8,0.6,-1.4,-1.1,10.6,5.9,-3.6,-1.8,-1.6,-8.0,-4.5,-14.2,-3.3,-1.8,-9.9,6.0,-2.2,-2.9,-16.1,-2.5,-3.0,-7.8,-2.2,-7.8,5.5,-4.0,3.0,-5.2,-3.8,-3.3,-3.2,0.5,-4.2,-7.5,1.1,-5.2,1.8,-3.0,1.4,0.2,-1.5,-0.3,-0.4,-8.2,-1.5,-11.0,-3.6,-3.1,-2.7,-3.2,-6.0,-8.7,-2.5,9.6,-1.4,2.4,1.9,-12.3,2.1,-4.2,-4.0,-6.7,-10.8,3.4,10.8,-11.7,-1.3,-2.1,2.2,4.4,1.0,-10.7,-0.7,-1.0,3.2,4.6,4.5,3.2,5.9,0.1,-8.7,0.4,-3.3,0.1,0.9,0.9,-8.5,-5.0,-5.7,-5.3,-4.6,-2.8,6.4,-3.7,1.5,8.8,-6.8,-5.4,10.4,-10.9,-4.7,0.6,4.3,0.4,-5.4,-17.2,-0.2,3.9,4.6,6.0,11.9,-2.2,-10.1,-1.3,-9.4,-4.8,-3.1,-8.0,-6.2,6.0,-8.1,-3.6,-13.5,4.7,-8.4,-12.2,-11.1,-8.6,-4.2,0.9,-2.1,-5.7,-2.7,-6.1,-12.9,10.1,-10.8,2.7,10.4,8.7,-6.6,-7.5,-11.4,-5.1,1.3,-0.7,1.4,1.2,0.4,1.5,-4.0,-6.9,-3.5,-17.1,0.6,-6.7,-8.9,-1.0,-10.9,-10.9,5.4,0.0,-8.5,-2.3,0.5,-4.4,-2.4,4.2,-6.8,-5.1,-1.8,-16.3,0.5,6.5,4.4,4.1,-3.8,-7.0,1.1,7.3,-3.3,1.7,8.7,-10.4,5.1,3.1,-2.1,3.8,4.1,-5.5,2.6,-0.6,-11.3,7.5,8.1,-0.6,0.3,-2.8,0.7,10.3,-2.0,-1.7,0.1,-0.2,-1.1,7.2,-10.5,7.3,4.2,1.3,-0.8,3.0,4.2,0.4,-1.8,0.9,4.2,6.2,-1.9,-2.9,3.7,2.8,-7.9,20.3,-4.5,-4.6,-6.2,-3.5,-0.5,4.4,2.9,7.5,-8.5,-11.2,2.9,-8.4,-7.1,8.8,-6.0,5.2,2.8,1.9,2.5,1.0,4.1,-10.4,-8.2,0.9,5.2,4.7,-1.0,-10.7,-5.8,3.1,8.6,-0.8,-18.4,0.7,-5.7,13.7,2.5,-0.3,0.4,0.8,-3.2,8.9,2.5,3.0,-3.2,-8.3,1.6,-6.8,3.6,-1.2,-3.6,-0.6,-4.1,-7.2,1.6,-4.5,2.3,3.4,7.4,2.5,1.9,3.4,-5.6,4.4,-3.2,-1.0,1.3,11.3,2.8,8.7,2.1,-3.5,-6.9,-2.6,12.6,-0.9,-4.5,-4.5,-3.9,-5.8,-3.6,3.1,-4.0,-3.4,-3.2,-3.5,5.2,1.3,9.6,-2.2,-3.7,-1.5,2.1,0.1,-3.8,0.2,-3.2,-4.9,13.7,-0.5,1.6,6.2,-1.8,-8.4,2.1,-8.2,-1.2,3.8,-13.8,2.5,-11.0,5.3,-9.8,-9.7,0.4,1.5,-9.4,4.6,5.5,-6.0,-6.7,-6.8,-5.9,9.1,11.7,-3.7,3.0,-1.1,-5.3,-6.4,3.3,-3.1,-2.1,5.6,-3.8,1.7,13.6,-2.7,-1.4,-1.2,4.4,1.8,-4.7,-6.0,-9.0,-5.3,-2.1,5.0,-8.8,4.9,-2.5,1.7,2.0,-6.0,-1.8,0.8,-0.5,-7.2,-7.0
2020-04-18,-16.6,-2.0,9.9,10.3,-8.1,-9.6,-7.4,12.4,-0.8,1.4,16.6,-3.6,-2.5,6.3,-3.4,2.1,16.8,17.1,-1.8,-7.4,1.5,-5.2,6.1,-3.1,-1.8,-2.8,-9.1,-0.6,5.0,-1.9,-0.8,-9.6,6.3,-0.8,-2.4,-14.3,-7.7,-1.9,-3.6,-1.3,-5.8,6.8,-1.5,0.3,-4.6,-7.1,-2.4,-2.2,2.5,-2.8,1.1,-0.3,-5.3,-0.5,-2.4,-0.6,1.0,-1.0,-0.6,2.1,-5.9,-6.7,-8.6,-0.5,-1.1,-1.9,0.8,-5.0,-0.2,-4.8,9.3,1.1,4.6,4.6,-1.5,6.6,2.1,4.1,-4.3,-3.2,8.7,14.3,0.4,-1.6,-1.5,4.7,11.4,6.3,-8.9,-0.1,-0.6,3.9,8.7,3.6,5.2,12.8,2.9,0.3,3.0,-2.4,6.2,1.5,-1.3,-2.5,0.6,-7.2,-3.4,1.5,-0.7,1.9,-2.2,3.1,4.2,-6.5,-0.2,16.3,-7.8,5.0,2.4,9.0,1.5,-1.6,-14.9,-1.5,4.4,8.0,3.5,11.7,-1.1,-5.2,-4.7,1.9,-3.4,-3.3,-7.6,-3.5,10.1,-5.5,-1.5,-13.7,6.9,-5.6,-10.8,-9.0,-4.3,-1.3,-1.0,0.0,-13.2,0.8,-1.2,-12.9,12.3,-10.5,4.3,7.9,9.5,-8.0,-9.5,-9.4,-4.2,2.3,-1.9,2.3,0.9,3.2,-0.7,2.7,4.8,7.3,-8.2,1.7,-1.7,-5.5,0.7,-11.9,-12.0,6.0,-0.6,-3.4,-1.5,2.4,2.8,-2.1,1.5,-1.1,-4.3,1.5,-17.5,-12.7,7.8,3.4,4.0,-7.9,11.9,2.1,7.2,-0.9,2.7,9.5,-1.4,-11.9,-1.0,-2.1,10.7,6.4,-1.3,-0.7,-2.8,-5.9,3.9,8.8,-0.7,0.6,-1.5,-1.6,1.4,-2.9,-6.6,0.4,-0.2,5.7,2.1,-9.3,4.6,7.0,-3.0,3.4,5.9,6.8,-0.6,2.3,1.6,4.4,7.6,1.1,1.9,5.9,10.5,-8.8,13.7,-3.6,-7.7,-3.7,0.8,2.4,1.7,11.1,6.0,-8.0,-7.8,10.7,-8.1,-6.8,6.2,-3.3,0.8,4.7,1.1,6.9,10.9,4.5,-9.2,-6.7,1.9,8.3,2.7,-1.0,-10.3,-5.7,10.5,14.7,-1.4,-17.1,1.3,-4.9,10.6,5.8,1.8,2.0,1.9,-2.8,-3.2,4.3,7.2,-5.6,-5.4,-0.4,-5.7,3.7,-0.5,-0.5,5.2,-4.1,-1.6,3.2,-3.5,1.8,5.0,5.6,15.7,0.8,3.7,1.0,5.1,-2.9,-0.4,4.8,14.2,3.4,10.5,1.0,-5.0,-6.2,-0.2,19.1,2.9,-3.0,-2.8,-3.8,-2.7,-2.4,4.0,-4.0,-3.7,-2.2,-1.9,0.4,7.6,9.8,-1.9,-3.5,0.3,2.4,0.8,-1.3,0.5,-4.3,-4.3,12.0,-1.4,4.7,4.8,-1.6,-7.1,-2.7,-0.6,0.3,1.1,-13.1,1.3,-3.7,5.6,-7.7,-10.9,1.0,1.6,-4.3,4.7,3.4,-4.0,4.1,-6.7,-5.4,9.7,13.9,-4.2,7.6,-11.1,-5.3,-7.0,6.6,-1.2,-5.3,7.2,-5.7,1.8,9.5,-2.8,2.6,0.1,4.8,2.0,-4.9,-5.9,-9.2,2.1,4.2,1.4,-6.5,4.6,0.2,3.1,10.2,-4.3,-3.0,1.3,-1.6,-3.2,-2.3
2020-04-24,-13.1,-3.1,1.6,8.1,15.6,-7.6,-7.4,13.1,-8.8,-0.1,19.1,-6.3,-2.5,5.8,-9.2,4.4,2.9,18.8,0.0,-5.2,-5.4,-5.1,3.9,-1.9,0.7,-1.9,-8.5,-6.8,-14.3,-5.6,-0.7,-8.7,3.6,-5.5,-2.8,-7.0,-17.1,-11.3,-5.7,0.4,-7.0,7.4,-3.4,0.3,-1.3,-5.0,-10.5,-8.7,-1.2,-3.8,-5.4,0.1,-4.7,0.1,-2.6,-2.1,6.5,-0.1,-1.0,-0.1,-6.5,-3.5,-7.6,-1.4,2.0,-6.2,-3.1,0.8,-5.3,-0.2,10.4,0.0,6.4,5.9,6.3,3.9,-3.3,-0.6,-3.7,-7.3,17.4,16.1,0.9,3.8,1.0,2.9,3.7,5.8,-9.6,2.5,0.6,4.1,16.2,5.4,4.6,6.8,1.0,-2.2,5.0,-5.6,0.8,0.5,-2.4,-3.3,-3.0,-7.2,-3.1,-0.7,2.1,8.4,-4.5,-0.6,6.5,-2.3,-9.3,10.3,-3.1,11.6,1.6,8.4,4.7,-2.3,-14.5,1.5,5.6,17.4,6.8,16.4,-1.0,-4.9,-3.2,-10.0,-3.8,-1.4,-5.5,-3.5,8.4,-9.5,12.2,-14.2,8.4,-5.3,-10.6,-5.3,-6.7,-3.9,-1.4,2.8,-2.8,4.7,-5.6,-10.4,12.9,-11.9,8.3,8.8,7.2,-7.6,-2.4,-9.4,-4.7,1.6,-1.4,2.6,3.9,3.1,0.0,-7.9,-3.2,0.9,-8.8,3.3,-4.9,-8.0,0.7,-10.5,-11.7,6.4,3.9,-4.7,-1.5,-3.9,-2.6,-3.0,-1.8,-4.9,-3.1,0.8,-13.6,-2.1,5.8,-0.6,2.4,-9.9,-3.6,1.2,8.8,-4.9,-1.3,8.3,-2.3,-6.2,0.7,2.1,0.3,3.2,6.6,1.3,-1.5,-2.5,8.4,11.5,0.7,2.5,-1.9,-3.3,7.3,-1.5,-6.0,5.7,8.5,-1.8,13.2,-7.9,7.8,8.0,-0.1,-0.8,4.9,6.3,5.9,4.4,1.0,5.7,9.0,3.7,3.1,4.5,11.9,-6.0,11.8,-2.4,-4.4,-2.5,-0.1,-2.2,-0.5,9.8,6.1,-5.4,-6.9,2.3,-7.3,-3.9,4.3,-1.9,-1.5,-2.8,6.2,8.0,3.5,3.9,-5.5,-5.2,6.6,4.3,9.6,-9.4,-10.8,-6.7,7.9,11.3,3.5,-14.7,2.5,0.1,2.0,3.7,4.2,6.0,3.9,1.4,1.4,3.5,7.4,-8.4,-5.7,4.2,-5.4,7.1,2.0,2.1,6.7,-4.9,-1.7,8.9,-4.4,7.2,5.2,7.2,5.3,5.3,5.8,-0.3,10.7,0.5,-0.0,1.9,21.6,3.6,12.0,-1.2,-1.7,-4.6,2.7,16.0,1.1,1.4,-1.8,-2.0,-2.0,-1.0,5.5,-2.5,0.6,2.4,-1.7,7.9,4.0,12.3,-0.9,-1.3,0.7,4.3,3.6,-7.8,-2.8,-3.9,-1.7,17.6,0.9,4.3,8.2,1.2,-1.2,1.3,-9.2,-0.9,-1.6,-9.3,10.6,7.4,7.7,-5.9,-6.7,7.4,4.7,-7.3,2.8,5.9,-1.4,7.6,-5.2,-5.5,9.5,15.2,1.1,8.1,4.7,-2.5,-6.5,10.4,-0.5,-2.1,6.0,-2.8,3.3,10.8,-1.4,-1.2,0.7,6.6,3.1,-2.9,-4.8,-5.3,-8.2,-5.3,6.3,-8.1,6.0,-2.4,2.6,3.4,-5.3,-0.0,3.4,1.0,-2.9,-2.4
2020-04-30,-15.4,-3.9,2.8,14.5,1.1,-13.0,-6.9,11.6,-16.1,-0.9,19.4,-8.8,-8.3,6.8,-6.0,14.5,1.6,17.9,-8.1,-10.5,-4.1,3.6,1.6,-6.3,-3.1,-5.3,-14.0,-5.4,-14.3,-8.9,-4.4,-10.6,-2.7,15.2,8.4,-5.4,-16.6,-7.8,-9.0,-6.9,1.5,13.6,-4.3,-8.2,-8.5,-12.5,-8.7,-3.0,3.3,-6.9,-11.7,-1.4,-8.8,-1.5,-3.9,-0.4,-2.4,-2.7,0.3,0.8,-10.4,-9.2,-11.4,-5.9,-1.1,-3.1,-3.2,-0.4,-4.4,-4.8,9.0,-2.3,1.2,0.8,-16.1,-6.2,-2.2,4.3,-6.1,9.5,-3.1,10.5,-9.2,-5.2,-7.1,-3.6,3.9,3.2,-10.7,-1.7,-3.5,0.4,8.1,6.0,0.9,13.1,-1.0,-7.2,-2.7,-3.3,-0.3,-10.1,-4.6,-9.9,-4.5,-9.9,-7.1,-1.4,0.4,1.9,1.6,1.3,0.7,-9.8,-10.0,8.8,-14.4,8.5,2.0,6.0,1.8,-2.7,-18.2,-2.6,1.6,5.0,-0.6,10.7,-7.3,-7.8,-10.1,-12.2,-7.0,-6.5,-9.4,-7.2,8.4,-10.2,-5.9,-15.3,4.5,-6.2,-17.8,-12.8,-7.9,-5.4,-5.4,-0.7,-2.8,-6.7,-2.6,-14.2,9.4,-13.4,15.3,5.7,8.4,-8.8,-13.9,-10.5,-6.2,0.0,-3.2,-1.0,0.4,0.7,-4.9,-6.2,-3.8,1.8,-14.5,2.3,13.3,-10.7,-1.9,-11.4,-11.3,0.4,-3.5,-9.9,-3.4,-5.3,-2.1,0.4,3.0,-6.7,-4.6,-2.3,-15.0,-11.4,0.4,4.1,2.0,-15.0,-0.5,0.8,5.6,-7.5,1.7,7.2,-8.6,-16.1,1.8,-2.1,1.9,1.9,0.3,3.8,-1.3,-9.2,5.3,7.4,5.0,2.8,-2.6,1.8,3.8,-7.5,0.7,-0.7,1.1,-1.5,6.1,-13.5,7.8,3.4,-8.9,-2.5,2.2,2.8,-0.9,-1.0,-4.4,1.5,4.4,-4.5,-5.6,1.9,7.7,-13.8,6.9,-5.7,-5.8,-7.5,-3.6,0.5,2.1,8.2,6.3,-8.3,-8.8,-3.8,-9.4,-9.5,0.1,-6.2,0.0,-4.6,0.1,2.8,1.9,4.0,-9.1,-4.3,11.9,1.9,-1.2,-8.8,-13.1,2.2,0.6,-3.7,-2.5,-19.6,-0.3,-5.0,4.9,0.4,3.2,7.7,0.8,-5.0,6.9,3.3,6.2,-10.2,-3.2,-3.5,-7.6,3.0,2.3,-2.8,-2.5,-5.4,-0.6,-2.6,-7.8,3.7,3.0,-0.4,-1.3,3.8,4.1,2.3,2.8,-9.5,-2.7,0.1,18.2,1.8,10.0,14.7,-8.7,-9.1,0.2,8.2,-2.5,-6.3,-5.9,-4.1,-4.1,-4.6,-2.7,-7.2,-3.5,-7.8,-4.1,-1.9,-4.2,15.4,-2.8,-7.1,2.9,0.2,-1.7,-7.5,12.9,-5.8,-7.8,8.9,0.7,2.5,5.7,-4.8,-4.0,-3.2,-8.3,-8.7,-1.0,-14.1,-2.3,-7.0,4.5,-12.6,-12.7,1.3,-1.9,-9.5,1.9,-2.8,-0.8,-0.9,-5.9,-8.5,8.1,13.7,-3.4,3.7,-9.3,-9.8,-9.8,11.2,-1.1,-10.5,2.7,-8.2,-2.7,6.8,-0.7,-3.5,-7.5,-0.4,0.8,-7.9,-6.8,3.3,-0.6,0.3,8.8,-9.9,0.4,-1.1,1.1,5.4,-5.9,-2.1,-1.3,2.7,6.4,-5.8
2020-05-06,-9.2,1.1,0.6,3.3,7.5,-3.1,-5.3,14.9,-8.8,3.7,15.9,-12.1,1.7,5.1,-3.8,3.4,4.1,18.0,3.3,-4.5,4.1,5.3,4.6,-4.5,-2.3,-3.8,-6.3,-5.8,-7.7,-5.6,1.8,-8.2,7.9,-0.6,-0.6,-8.9,-18.5,-6.6,-4.1,6.5,-8.5,7.7,-3.6,11.0,-4.9,-8.3,-7.9,-0.8,1.4,-0.2,-7.3,0.9,-3.6,-0.3,-3.7,2.5,4.0,3.0,-0.7,6.4,-2.1,1.0,-8.4,-6.0,-8.0,-1.0,-0.4,-5.6,0.7,2.2,11.7,-13.8,8.9,11.4,-9.0,7.0,1.4,11.5,-1.7,-5.1,3.8,13.9,-1.5,2.9,-1.0,7.5,-1.0,7.3,-6.2,6.5,0.0,6.2,9.6,5.4,9.0,12.3,-0.7,-2.8,-0.7,1.0,6.5,6.6,-1.8,-2.4,-2.2,-3.4,-0.9,0.0,1.6,0.5,4.7,1.8,2.4,-0.3,-2.6,12.2,-2.2,12.9,0.1,6.3,-0.4,-6.0,-11.9,-3.8,12.8,10.1,14.9,15.8,1.9,-5.0,7.4,0.9,-3.1,-3.0,-0.5,3.3,11.5,-5.1,-7.5,-10.6,16.6,-4.3,-5.5,-5.1,-4.3,-1.8,3.2,-4.4,3.4,3.6,0.7,-10.4,13.6,-8.7,6.5,14.3,4.2,-8.8,-3.2,-3.2,-5.1,2.4,0.6,1.4,2.3,-2.6,2.4,6.5,-7.6,-0.5,-6.6,-0.9,-2.5,-6.3,1.1,-8.8,-12.3,9.0,0.8,1.7,0.3,6.7,2.1,3.6,5.6,-0.2,-3.7,5.1,-9.9,-5.3,0.7,7.5,-1.5,-7.7,3.0,2.4,12.2,-2.6,9.2,14.4,-0.5,-13.1,5.6,6.5,-1.4,6.3,-0.6,5.2,0.8,2.5,6.7,14.5,-0.8,3.6,-0.2,0.1,11.8,0.2,4.5,2.0,7.4,1.1,7.8,-5.9,9.6,8.6,-0.3,-1.0,3.7,3.5,3.0,3.1,1.8,4.3,5.0,2.5,-2.1,3.1,20.0,-4.8,16.0,-3.1,-2.7,-4.9,-3.5,0.9,1.0,12.6,7.4,-4.9,-5.6,6.2,-8.9,-5.9,3.3,-15.5,2.4,3.3,1.9,5.4,3.5,7.9,-5.3,-0.6,3.3,7.5,1.2,-3.6,-8.6,-6.4,1.6,0.0,1.3,-12.5,4.0,-2.4,2.7,5.7,-9.3,6.6,3.5,-0.8,10.1,3.9,2.8,-3.2,-3.6,4.1,-4.9,8.1,1.3,3.9,-0.1,1.1,-1.4,1.2,4.7,-7.9,5.2,4.9,4.0,6.6,4.6,7.2,5.4,-0.4,3.2,3.2,11.5,5.2,11.8,-0.0,0.1,-5.3,1.0,19.0,2.1,-0.5,-0.5,-3.0,-2.4,-0.5,3.8,0.0,0.2,3.2,-1.2,8.1,8.9,10.0,1.5,-3.9,-2.4,3.2,2.9,9.2,-5.5,-2.5,-1.9,10.7,9.4,3.4,5.6,2.9,-4.8,0.1,-6.9,2.2,2.5,-6.1,6.2,-0.8,7.5,-7.9,-4.6,5.2,0.9,-0.0,7.4,1.9,1.7,3.2,-5.0,-4.0,11.7,14.2,0.0,10.0,-6.1,-0.1,-6.8,5.8,2.0,0.6,8.3,-2.3,6.4,9.9,2.9,2.1,0.6,10.4,4.1,-2.8,-3.6,-5.6,0.7,0.4,11.3,-5.5,5.4,2.2,0.2,7.0,-1.9,-0.0,5.5,-8.2,-0.4,-1.0
2020-05-12,-12.3,-1.1,4.6,5.7,0.7,-7.0,-2.2,12.7,-5.8,-0.2,17.8,-8.4,0.5,6.2,-3.3,-1.9,3.9,18.0,0.9,-6.8,-0.0,-4.4,1.4,-5.3,-8.7,-2.9,-10.0,-3.3,-8.1,-7.4,0.0,-9.5,14.8,11.1,-4.5,-7.4,-17.4,-3.1,-5.8,2.6,-8.0,6.6,-3.9,-0.9,-7.3,-14.0,-5.0,-1.6,5.3,-1.8,-4.7,13.9,-2.9,4.9,-2.0,4.4,6.1,0.2,11.1,1.7,1.2,-0.4,-8.5,-2.0,2.6,1.1,-0.3,2.0,-5.9,-6.2,10.7,2.1,5.7,4.7,-10.9,10.8,3.6,5.3,-4.3,-2.9,-8.1,13.4,-3.1,-2.0,-0.7,-0.3,5.5,8.3,-5.8,2.3,0.8,4.2,11.9,4.1,6.5,15.3,0.8,-2.9,0.0,-0.8,3.9,-5.2,-2.6,-2.0,-4.9,-11.1,-5.2,-0.2,6.6,-0.6,2.9,0.7,2.4,-0.6,-7.0,11.3,-4.3,6.0,1.5,21.7,2.9,-0.5,-17.0,1.5,9.5,10.9,10.0,14.2,0.6,-4.8,5.0,-0.2,-3.0,-4.8,-3.6,1.6,10.2,-5.1,-1.1,-16.8,9.1,-7.8,-18.1,-4.1,-3.4,-0.1,4.1,-1.8,-0.4,2.4,-2.7,-14.3,12.8,-10.1,14.8,6.7,6.8,-8.4,-3.5,-7.8,-3.6,3.9,2.1,0.5,0.6,1.6,-3.0,-3.1,-2.1,6.0,-12.8,0.4,-5.7,-8.5,-0.1,-9.7,-12.2,6.8,2.0,-6.3,0.3,-0.8,0.4,9.5,7.9,-2.3,-4.0,1.8,-11.6,5.1,-1.4,4.7,4.5,-9.0,0.3,1.9,8.9,-5.9,3.2,8.7,-0.9,-14.7,-1.3,3.6,3.5,7.0,0.7,6.1,-2.7,-1.2,8.5,11.1,-0.1,1.0,-0.1,3.6,10.1,1.3,-14.7,2.1,-2.8,2.2,10.6,-7.2,11.7,4.8,5.6,-3.8,1.9,2.1,3.2,1.6,-3.9,1.7,3.4,0.2,0.0,8.1,11.2,1.8,7.3,-4.1,-3.6,-5.3,0.9,2.6,3.8,4.7,9.9,-6.1,-6.4,7.8,-7.9,-6.9,4.3,-10.0,0.3,-0.5,2.5,5.3,2.5,7.3,-6.4,-4.5,7.1,6.7,5.3,-10.1,-13.1,-13.7,7.8,3.3,2.9,-17.8,2.7,-3.8,-5.0,2.8,-0.6,8.0,3.0,-3.5,7.1,4.1,8.6,-6.0,-12.5,5.4,-7.8,3.6,1.1,2.5,2.2,3.1,-2.9,0.4,-1.1,2.6,1.6,-1.9,2.8,7.2,2.5,7.5,7.3,-2.8,0.2,3.1,9.3,3.8,13.5,-0.2,1.3,-8.4,0.2,16.0,1.5,-2.9,-3.3,-2.6,-3.1,-2.1,1.4,-5.4,-0.4,-3.3,-1.6,1.5,3.5,8.7,-1.4,-5.2,-0.7,1.9,-1.4,-0.3,7.8,-3.6,-4.2,5.2,-2.1,16.5,3.9,-5.1,-6.1,-0.3,-1.6,0.6,-1.9,-9.2,0.9,-5.0,10.8,-8.5,-10.4,5.4,-3.3,-6.5,-1.5,-1.3,2.8,-2.4,-3.7,-5.5,10.9,16.4,-2.5,5.6,-8.1,-3.4,-9.7,2.5,-1.8,-19.2,8.6,-4.8,3.8,12.9,-1.2,-1.3,-1.7,4.5,-2.1,-1.5,-4.6,-6.0,-0.5,-3.8,6.2,-7.6,0.3,-1.1,0.0,5.8,-3.5,-7.1,-2.4,-6.2,-2.9,-2.0
2020-05-18,-13.1,0.3,-0.4,10.8,-1.2,-3.8,-4.1,11.4,-10.1,2.0,18.5,-5.5,3.0,6.3,-3.8,1.4,-5.7,14.9,-5.8,-0.9,-1.6,-7.3,3.8,-6.2,-6.3,-1.4,-8.5,-4.7,-8.4,-2.4,-2.0,-9.1,7.4,-3.5,-3.6,-4.8,-15.4,-7.9,-5.2,-0.6,-3.5,9.0,-2.7,-2.1,-9.8,-9.1,-7.3,-2.8,3.1,-2.4,-4.6,3.7,-4.9,13.7,-4.9,3.1,3.2,1.0,5.1,3.5,-8.1,-5.1,-9.2,-1.2,1.1,-1.9,0.8,0.5,-3.8,-1.0,11.2,-1.5,2.8,3.8,-7.3,0.7,5.0,6.7,-2.8,-3.2,6.6,16.2,-0.7,1.8,1.6,0.6,11.2,4.4,-7.6,2.6,1.8,1.1,11.6,3.9,8.1,19.0,0.6,-6.2,-1.2,1.9,3.3,2.8,-1.2,-1.7,-4.4,-6.1,-4.8,-1.5,0.5,-1.3,3.6,4.1,3.7,-0.8,-4.5,11.3,-4.7,5.9,0.3,5.7,0.4,-4.0,-14.4,2.8,0.2,11.6,14.6,19.0,1.8,-6.9,4.6,-2.2,-2.4,-2.6,-4.3,-2.9,10.2,-3.1,-7.8,-10.7,1.4,-5.9,-8.2,-4.9,-4.9,0.0,2.8,-0.8,4.5,4.1,-1.8,-10.5,12.7,-3.9,6.0,5.4,5.0,-7.7,-2.6,-9.4,-4.4,3.5,1.8,-2.4,0.9,-0.2,2.8,-2.2,-2.6,-1.8,-5.3,1.6,6.2,-4.8,1.1,-9.6,-12.2,8.9,1.1,2.2,3.6,-0.2,-3.4,-7.7,-5.9,-1.4,-3.3,4.3,-10.4,-3.1,9.0,3.2,-2.6,-6.8,1.0,5.3,10.0,-2.0,-2.1,10.1,-2.4,-12.6,1.3,-1.2,0.2,4.6,4.3,5.3,-1.2,3.8,10.8,12.4,0.9,6.9,0.4,-3.9,6.5,-2.7,-4.3,-3.6,2.1,1.5,6.4,-6.5,9.5,9.5,13.0,-2.3,7.0,3.7,3.9,5.2,-0.6,4.7,5.1,6.7,0.0,3.5,10.2,-2.0,10.1,-1.9,-4.5,-4.3,-1.0,1.6,-0.7,10.5,5.7,-6.0,-7.1,4.8,-10.3,-6.8,4.0,-12.4,1.8,-6.0,1.2,4.4,3.4,-3.0,-7.8,-7.6,7.7,4.4,1.9,-0.3,-9.7,-1.5,-3.3,6.4,1.0,-18.5,2.6,-2.1,5.7,6.9,3.2,7.3,3.4,10.0,3.8,5.6,10.2,-5.4,-8.0,-3.7,-5.7,4.8,0.2,-1.5,7.7,5.4,-7.4,2.2,-6.1,6.2,6.8,1.9,5.8,7.0,3.6,12.9,3.8,-1.5,4.0,5.2,14.5,4.5,12.1,0.3,-5.3,-7.6,1.0,20.9,3.0,-9.6,-3.0,-6.3,-3.8,-1.7,3.7,-8.3,-1.5,14.6,-2.7,1.0,8.7,13.2,2.1,-1.3,1.2,7.8,6.4,2.8,3.9,-4.9,-3.0,6.8,-1.6,6.2,10.9,1.3,-6.5,13.6,-0.6,1.8,2.4,-9.6,7.6,-10.3,9.9,-6.9,-5.6,5.0,0.9,-4.6,3.0,5.4,9.3,4.4,-7.0,-5.6,9.3,12.5,0.4,6.7,-7.6,-4.7,-6.8,3.6,-2.6,-9.2,7.6,-4.1,3.0,11.4,-4.4,1.5,-2.1,6.8,1.5,-6.3,-4.1,-3.9,2.0,2.7,7.6,-6.5,3.8,-0.9,0.8,9.1,-5.6,-4.3,3.8,-2.3,-3.6,-6.7
2020-05-24,-15.1,-0.8,6.0,7.3,-3.0,-7.9,-5.8,6.0,-5.8,0.1,19.7,-2.6,-1.9,5.1,-4.7,4.1,1.3,17.3,-4.9,-3.6,2.2,4.7,3.6,-4.8,-3.3,-1.7,-12.7,-4.1,-13.2,-5.0,-2.0,-8.7,5.6,-1.5,-6.6,-3.9,-15.4,-5.7,-6.0,-3.1,-7.2,6.3,-5.0,-10.3,-8.1,-9.7,-7.1,-2.7,3.6,-3.5,-5.8,7.5,-4.0,16.7,-5.2,-2.6,0.6,0.8,1.2,1.5,-6.9,-1.0,-7.8,-7.6,2.8,1.0,3.6,-1.6,-1.9,-8.2,8.8,4.7,-7.5,11.5,-10.3,-0.9,7.5,8.9,-3.2,-3.6,2.0,8.9,-4.2,-2.7,-1.5,3.4,1.0,2.4,-7.4,2.2,0.6,6.2,13.9,5.6,5.1,1.1,-1.7,-3.7,0.1,-3.1,3.7,-4.3,-0.7,-6.3,-3.9,-6.6,-5.0,-3.4,-4.9,-0.4,1.5,2.7,7.6,-3.9,-6.7,-0.7,-7.9,-7.4,4.9,5.0,0.4,-3.1,-13.6,0.9,4.4,10.0,-2.6,15.5,-2.5,-6.4,-2.4,-8.9,-4.0,-2.5,-6.5,-3.2,9.4,-6.6,3.0,-0.0,5.6,-13.3,-18.3,-2.8,-4.2,-2.0,0.4,-1.6,2.6,3.2,-6.5,-12.6,8.9,-9.6,1.5,2.9,5.6,-6.6,-2.8,-8.3,-4.7,2.2,-0.8,-0.5,0.4,-1.6,0.7,1.9,1.8,3.4,-13.4,0.8,-5.8,-7.9,0.8,-8.3,-12.2,5.8,0.3,-2.4,-4.2,5.7,-0.3,2.7,1.5,-1.4,-4.4,1.9,-10.4,-5.0,-2.0,2.8,1.7,-14.3,-7.9,1.6,8.4,-7.5,1.4,10.2,-0.5,-14.8,-2.5,-5.3,-1.3,5.9,-1.1,3.4,-5.8,1.5,11.2,11.7,0.2,2.7,-1.0,1.3,6.2,-2.0,-4.9,-0.6,1.7,-0.5,16.7,-7.1,8.7,9.0,-1.4,-2.6,-1.2,0.5,-2.5,2.2,-0.5,1.9,2.8,4.2,-0.7,3.8,16.3,-4.8,11.7,-6.5,-0.8,-4.4,-3.0,2.5,-1.7,8.6,6.3,-8.3,-9.0,4.2,-6.7,-6.0,2.9,-1.2,10.0,-0.4,1.0,4.8,3.7,6.5,-10.6,-3.1,5.7,7.4,2.6,-4.7,-8.0,-2.4,3.2,-4.0,0.4,-16.6,2.6,-3.6,5.4,3.1,3.5,-3.9,3.0,-3.0,10.3,7.3,11.7,-4.5,-4.6,1.1,-6.0,5.5,1.1,-2.7,5.6,-1.1,9.6,1.2,-7.4,2.7,1.8,1.4,14.2,8.7,1.1,5.4,6.5,-3.4,-0.1,0.6,12.6,5.1,14.2,-0.2,-2.6,-6.4,3.2,16.1,1.8,-7.4,-3.1,1.1,-4.8,-3.2,1.0,-8.6,-1.6,-2.6,-3.6,1.3,4.9,8.2,-0.3,-5.1,-3.1,5.3,4.9,1.6,9.7,-3.4,-4.0,8.0,-4.8,13.9,8.3,-0.9,-7.5,3.2,-0.2,-3.1,-1.8,-11.4,4.7,-5.7,11.0,-5.6,-9.0,4.4,-2.6,-4.6,2.0,-4.0,-0.8,-1.4,-4.9,-4.9,12.7,16.0,-1.0,5.2,-7.8,-3.1,-3.0,3.2,-0.3,-7.4,7.7,-3.1,3.3,9.4,-2.1,-1.4,-2.9,4.1,2.4,-4.1,-5.1,-4.4,-2.6,1.1,8.2,-9.2,0.6,-2.3,1.5,10.8,-4.6,-5.8,-1.3,-0.8,-5.2,-4.7
2020-05-30,-13.3,-3.9,0.5,-6.3,13.4,-4.9,-4.7,11.1,-6.9,2.8,17.9,-1.7,-3.9,6.9,-2.3,5.6,16.5,19.0,-0.8,-4.1,-0.7,12.0,4.6,-5.2,0.8,-0.1,-11.7,-3.3,-9.3,-4.8,-0.8,-10.6,11.4,7.6,-6.5,-6.1,-14.6,-4.4,-4.7,-0.4,-3.2,6.9,0.1,-0.3,-7.8,4.3,-4.5,0.2,1.0,-3.1,-3.7,2.7,-4.5,7.4,-2.4,1.1,1.1,-0.5,2.5,2.3,-5.2,-1.8,-11.6,-8.0,3.8,-0.6,-1.3,-2.8,-1.5,-2.8,8.9,2.1,6.2,9.2,-11.8,2.6,-6.7,-5.0,-2.6,-3.9,-0.1,14.2,-3.9,-0.9,-2.1,6.0,7.2,3.0,-8.7,1.3,-0.1,0.0,12.2,5.2,6.9,12.0,-0.8,-2.0,3.0,1.5,2.4,2.7,-0.2,-3.9,-6.5,-11.3,-4.8,7.3,4.9,3.8,-3.2,6.7,8.1,-6.2,-3.5,12.9,-5.7,0.7,6.9,6.0,1.6,-6.4,-15.5,2.8,5.3,9.6,8.0,13.1,-2.1,-6.9,-0.5,-5.0,-4.2,-2.5,-8.0,-2.2,9.6,-6.9,10.9,-14.7,8.4,-7.0,-13.4,0.2,-6.0,-3.7,-0.3,-6.4,-1.3,2.0,-3.1,-10.8,12.7,-8.9,8.1,6.9,9.1,-9.1,-2.7,-9.2,-5.5,0.6,-0.9,3.1,1.8,-2.6,-0.2,-3.3,-4.0,0.2,-10.3,-0.4,3.3,-4.4,-0.1,-9.5,-12.7,4.8,1.3,-5.6,-2.5,-4.5,-0.1,-4.9,2.0,4.7,-3.1,2.8,-10.5,-7.7,9.7,3.3,-0.2,-9.4,-0.3,1.3,6.1,-2.6,0.5,7.1,3.3,-13.8,-2.6,-1.0,-4.1,2.7,1.1,6.7,-4.3,-1.1,5.8,8.8,-1.8,1.0,-1.3,-5.9,-1.6,-4.0,3.5,-1.0,1.4,3.5,5.1,-8.3,6.7,6.1,-3.6,-2.4,1.6,2.6,-4.1,1.4,-2.9,1.7,3.2,0.6,-0.6,8.8,13.5,-7.7,9.5,0.9,-1.7,-5.1,-2.7,0.1,-1.0,6.0,4.8,-5.8,-6.1,1.5,-11.1,-6.8,4.2,-4.0,2.0,1.2,-4.4,4.4,6.3,7.7,-8.4,-10.6,-0.8,5.0,3.1,2.9,-12.3,-3.6,14.7,12.6,0.9,-16.7,1.8,-3.5,-0.9,2.5,0.6,2.1,1.2,9.3,5.5,3.0,9.3,-6.5,-7.4,5.4,-7.8,5.3,1.5,2.2,7.7,-0.7,-4.5,-0.5,1.8,0.7,0.7,-3.3,2.3,-0.1,3.1,-3.7,4.3,-6.9,1.4,1.5,12.1,3.9,13.7,-2.6,2.3,-8.5,1.3,13.6,1.2,-2.4,-3.6,-3.5,-4.4,-3.0,2.6,-2.5,-3.1,-7.1,-6.9,1.6,4.0,9.5,0.7,-3.5,-1.0,2.4,2.4,-2.8,-2.0,-4.2,-4.8,11.7,1.7,5.7,12.5,-0.6,-1.5,-0.4,-4.0,-2.6,-0.4,-12.0,-1.0,5.0,10.0,-9.6,-8.9,5.3,-3.2,-7.4,4.4,-1.7,1.8,2.0,-7.4,-7.1,11.7,17.6,-0.5,6.9,-10.2,-8.5,-14.0,6.2,-3.2,-8.9,4.8,-2.4,0.1,8.4,-8.3,0.1,-1.8,3.6,0.1,-5.0,-7.1,-6.7,-3.8,-0.5,7.7,-9.5,3.6,-0.7,3.4,6.2,-5.9,-7.1,-0.1,0.3,-6.2,-8.7
2020-06-05,-11.4,0.4,18.9,7.9,-0.8,-5.9,-8.9,-5.0,-6.1,0.5,20.2,-8.2,-0.5,6.2,-11.4,3.4,2.2,19.9,-6.1,-1.5,3.6,6.9,4.9,-5.3,4.9,-2.9,-9.7,-4.1,-0.8,-11.8,-1.5,-6.0,4.3,-10.1,-1.6,-4.7,-14.8,-4.9,-1.0,-4.8,-5.7,8.1,2.1,3.8,-7.1,-11.0,-6.2,-5.0,3.1,-1.0,-2.8,5.2,0.2,14.9,-3.0,2.4,5.4,1.3,0.1,5.4,-4.9,2.0,-9.7,5.2,2.6,-3.2,3.0,-13.9,1.1,-3.7,11.6,1.8,-2.7,14.0,-11.4,8.2,-11.2,6.6,-1.3,-3.1,4.3,14.1,-2.4,-3.4,-1.7,2.3,18.5,5.4,-5.0,2.6,1.7,-6.1,11.8,7.0,10.8,11.9,-1.8,-6.1,2.0,-1.7,8.2,2.8,-2.1,3.1,-10.4,-10.1,-1.3,3.8,0.0,3.3,1.3,18.6,8.6,-3.9,-0.9,18.2,-6.3,4.5,3.4,9.1,1.3,-3.4,-12.4,4.0,3.9,9.5,10.9,9.9,-1.7,-7.6,5.4,-3.1,-1.7,-1.7,-5.8,-0.3,12.1,-4.0,1.1,-11.8,7.1,-1.5,-11.1,-3.5,-3.4,1.9,3.6,-2.2,-4.3,6.7,-3.0,-12.0,12.2,-11.5,3.8,4.5,11.0,-6.8,-2.2,-6.2,-3.4,4.9,1.5,-0.2,1.0,-1.3,-0.5,-2.3,-2.2,4.6,-10.5,2.0,2.3,-2.7,3.2,-7.0,-11.7,13.5,-1.6,-5.8,-2.9,1.2,-1.3,8.2,11.6,2.8,-2.0,3.4,-9.5,-12.7,14.6,9.6,6.5,-8.9,3.4,7.3,11.2,-7.0,13.4,12.3,4.4,-11.2,2.8,2.1,2.8,3.9,3.3,6.4,0.3,2.6,12.0,15.5,11.1,3.6,1.1,-4.5,2.6,-3.7,-14.4,1.9,5.5,-0.2,11.5,-6.8,15.6,8.0,12.9,0.4,2.7,3.2,1.1,0.1,-0.2,3.5,4.7,0.5,-0.5,5.8,12.5,-2.0,13.1,-1.9,0.5,-3.0,0.5,6.7,2.8,15.4,15.4,-4.8,-4.7,3.8,-8.1,-4.1,3.0,0.7,0.7,-1.2,9.6,8.4,5.3,10.4,-7.3,-2.6,5.7,4.5,-3.3,-4.4,-4.4,3.6,-5.8,-0.9,2.1,-17.3,2.2,0.7,14.9,4.3,2.5,-5.4,4.4,5.5,18.1,8.3,12.8,-3.6,-2.9,1.4,-5.1,6.1,2.6,-1.6,-3.0,2.8,8.0,-0.1,1.0,8.1,9.1,14.3,5.3,7.6,5.9,14.9,6.8,1.1,3.7,5.1,15.4,8.1,16.9,1.0,0.5,-5.9,-1.2,3.5,3.3,6.0,-1.4,2.1,-0.8,0.0,-3.0,-1.0,0.1,7.2,0.5,3.9,3.4,13.2,2.3,-0.5,-4.0,3.6,3.9,1.0,5.3,-1.8,-5.8,11.4,-7.5,4.5,10.6,3.6,-2.9,-1.1,-1.1,13.5,1.5,-9.4,1.9,2.7,9.6,-8.6,-9.1,6.3,-4.9,-6.0,6.9,2.4,6.5,6.7,-3.8,-3.8,14.5,15.6,-3.3,5.7,-7.9,7.2,-17.7,6.1,6.1,-1.4,6.9,6.8,2.4,10.8,6.4,4.2,-5.4,7.5,5.1,-1.6,0.5,-16.5,2.3,1.9,11.6,-4.0,2.6,1.4,3.1,8.3,-1.4,-1.3,-0.6,1.5,-1.3,-2.1
2020-06-11,-11.3,-1.2,1.1,9.6,-2.6,-3.2,-6.4,12.8,5.6,-0.9,21.6,-11.7,0.7,6.7,-8.7,4.6,2.1,21.3,0.6,-15.8,-12.4,16.1,2.5,-3.3,-6.6,-4.8,-12.7,-3.3,-7.0,5.4,-1.3,-11.0,-3.0,3.1,1.0,-5.2,-16.9,-2.6,-2.4,-0.1,-5.2,7.4,-1.9,-1.5,-8.3,-12.9,-6.6,-5.5,1.4,-2.3,-7.7,-1.7,-1.7,-2.2,-2.4,-0.2,1.3,-0.1,1.8,1.4,-1.7,0.0,-10.0,-9.7,1.9,0.6,-1.5,-1.8,-1.9,4.9,11.0,-7.8,4.3,9.9,-11.7,-0.8,-3.6,-4.8,-4.7,-7.7,0.9,13.4,-4.7,-3.9,-0.1,-0.2,2.5,4.7,-7.3,1.6,1.8,4.0,9.1,9.8,5.8,8.9,-1.7,4.5,2.2,-1.7,-6.5,-1.4,-1.0,-2.6,-10.1,-10.7,-8.2,-4.7,-7.9,-3.4,1.0,4.4,5.2,-3.3,-9.8,3.5,-8.7,5.5,-2.0,10.8,-0.3,-6.3,-16.8,3.0,6.1,10.6,18.4,12.1,0.2,-7.2,6.5,-6.4,-5.1,-3.5,-8.3,-1.0,10.9,-2.0,-6.5,-16.3,9.8,-5.7,-15.0,0.8,-7.5,-3.5,1.1,-3.4,-14.4,2.5,-3.7,-12.4,13.9,-4.0,17.8,6.5,6.5,-11.2,0.5,-10.9,-7.3,1.1,-0.7,-0.4,0.7,-3.3,-8.6,-10.0,-4.0,1.3,-7.0,4.7,-11.5,-7.8,-1.4,-10.1,-13.8,6.5,3.8,-4.3,-4.1,8.0,-2.9,7.2,7.4,-8.2,-5.4,3.6,-11.8,-9.6,9.7,3.8,-3.5,-10.7,-1.4,2.1,6.8,-7.9,-4.0,4.4,-11.4,-15.3,-5.6,0.2,-1.7,-4.0,1.0,4.9,-5.2,0.6,8.2,9.8,-1.9,-0.2,-1.5,-5.5,1.1,-4.2,-3.1,-1.7,0.1,-1.9,6.1,-9.3,5.3,3.9,-2.9,-1.9,-1.0,0.6,-1.1,2.8,-8.3,-0.9,1.8,3.0,-3.9,0.9,7.4,-10.4,5.8,-3.5,-5.0,-6.3,-5.9,2.8,-1.3,13.9,8.1,-6.0,-7.0,9.6,-9.7,-7.0,-2.1,-0.7,-1.7,-0.1,4.6,1.4,6.0,6.8,-7.8,-6.0,6.6,5.6,-0.6,-4.6,-13.3,-6.5,13.9,-8.2,-3.0,-18.2,-0.4,-3.6,10.9,6.3,2.3,7.4,3.8,-0.3,9.5,3.6,9.0,-4.7,-4.1,2.4,-7.1,3.6,-0.2,0.2,6.6,-0.6,-4.0,-0.8,2.7,2.8,9.1,10.6,7.2,5.9,5.1,7.7,9.8,-1.4,7.0,5.1,10.7,2.5,12.9,-2.1,-2.7,-8.4,1.4,14.8,-0.3,-1.7,-4.4,-2.0,-3.4,-3.3,0.4,-1.1,-2.8,-9.8,-6.1,0.1,9.2,6.3,1.2,-3.7,0.8,-3.9,1.0,-2.5,-2.5,-4.5,-6.2,16.4,-4.4,4.9,6.1,2.1,-5.3,-4.9,-2.6,-1.1,-2.1,-14.0,5.6,-3.2,5.7,-9.3,-12.6,-0.3,0.8,-11.7,3.0,1.2,7.4,-0.7,-8.5,-7.2,10.4,9.0,-1.5,4.3,-6.7,-3.8,-8.3,3.0,-10.5,-8.9,3.4,-2.6,-2.1,11.6,-3.7,-7.7,-6.1,4.9,-2.9,-7.7,-7.6,-14.9,-2.6,-3.5,6.2,-11.2,0.9,-1.6,0.4,12.7,-5.6,-11.6,-2.2,0.2,-7.6,-4.2
2020-06-17,-13.6,0.3,-4.3,7.1,-5.0,-4.1,-2.3,15.4,-7.1,1.9,23.3,-6.9,-0.1,5.8,2.9,4.3,6.3,20.3,0.9,3.6,2.0,8.6,2.9,-1.6,8.7,-4.7,-8.3,-4.8,-6.6,-14.6,-0.8,-11.8,7.3,-2.1,-8.2,-5.1,-14.4,-3.0,-4.6,-3.1,-1.1,7.7,-1.4,-1.6,-5.5,-7.8,-5.1,-5.7,2.9,-2.8,-2.8,2.5,-1.2,-1.0,-3.0,7.2,7.6,0.5,0.0,-2.4,-5.9,-0.5,-7.8,-1.6,4.3,0.1,-1.3,-2.3,10.0,3.7,11.9,-0.1,16.7,11.4,-12.2,4.5,6.6,6.0,-1.6,-3.5,1.9,15.2,-4.8,-0.3,-3.0,0.1,1.5,6.8,-7.4,-1.6,-7.7,14.7,17.9,7.8,9.3,14.2,-1.0,-2.6,-1.6,5.2,15.4,2.2,0.9,-0.9,4.7,-8.5,-2.9,0.4,-0.9,-4.4,1.0,13.0,9.8,-4.5,-16.6,18.9,-7.6,3.6,1.9,9.4,0.1,-3.2,-11.8,10.6,13.7,17.0,17.9,25.7,3.4,-4.3,9.5,-2.8,-3.9,-1.3,-4.0,-4.8,14.9,-3.1,-3.3,-11.2,17.4,-4.2,-5.8,-1.6,-1.5,1.6,5.2,0.6,-3.5,2.0,-3.0,-10.9,15.3,-6.5,11.9,14.9,6.2,-6.6,-0.1,-4.3,-4.0,3.9,2.3,-1.5,1.9,1.4,-1.6,-2.0,-0.5,-0.7,-4.0,4.7,-3.9,-5.9,2.8,-6.3,-10.0,9.1,-3.1,-0.8,2.6,2.1,-1.3,1.8,1.3,-2.8,-2.6,3.7,-9.5,-0.7,1.2,8.9,5.4,-6.9,-5.9,2.9,11.0,-6.5,-1.3,7.2,0.5,-12.2,1.4,-2.4,2.8,5.6,2.2,8.4,-2.8,7.3,10.6,14.3,3.9,6.3,0.9,-1.5,7.3,-4.2,-1.7,5.3,4.5,2.2,11.8,-2.4,12.1,9.4,-6.2,-1.1,2.9,2.8,-0.1,7.5,3.8,2.2,4.1,5.9,4.5,11.8,10.1,-4.0,8.6,-0.8,-1.4,-6.6,-6.3,5.2,7.2,20.4,11.6,-6.3,-11.0,9.2,-10.0,-6.8,2.7,9.9,1.6,-5.6,6.1,13.8,9.2,-9.3,-10.8,-4.7,4.0,6.9,2.5,5.0,-7.2,-0.3,11.6,-3.1,2.6,-16.9,2.6,-1.0,12.2,10.8,6.9,18.0,4.5,4.0,20.9,8.5,11.1,-2.1,-1.8,7.5,-5.9,6.9,3.1,4.8,2.5,3.9,-3.7,2.3,-10.8,3.4,10.3,14.9,7.2,8.1,7.8,13.8,1.7,-4.1,5.0,5.0,16.3,7.8,14.8,3.6,3.6,-6.8,3.1,4.8,1.2,3.5,-1.6,-4.2,-1.0,-0.3,4.3,-5.8,3.4,15.0,-1.7,2.8,-7.3,14.2,4.9,4.1,1.8,8.4,1.4,5.1,-0.0,-2.7,-2.2,10.5,7.3,3.1,9.5,3.7,-6.4,8.9,2.2,0.0,1.1,-9.5,3.6,1.3,11.6,-6.4,-7.4,7.2,-5.9,-2.8,1.7,4.0,-1.6,2.7,-5.9,-3.5,14.4,13.4,1.1,6.8,-2.5,-0.1,-2.4,2.6,-0.1,-9.4,4.5,-2.1,5.6,15.0,2.1,3.3,-3.0,2.0,1.7,-2.2,-5.2,-4.3,4.6,2.1,8.2,-7.1,3.1,2.3,4.1,4.8,-1.3,-13.2,5.3,3.9,-1.7,-3.4
2020-06-23,-9.1,0.3,10.6,5.3,-2.2,-2.9,-8.1,14.3,-13.4,-3.0,21.3,-9.4,4.7,2.7,-8.7,1.4,-0.5,19.8,4.1,-3.1,0.7,4.7,3.8,-8.0,-11.2,-6.0,-12.5,-7.0,-5.2,-14.5,-2.3,-11.2,-0.9,-4.7,-1.8,-4.8,-15.1,-8.5,-11.7,-3.6,-3.4,9.2,-2.8,2.2,-6.4,-15.0,-14.3,-8.8,2.5,-0.3,-4.2,2.1,-4.1,-6.8,-2.6,1.3,2.1,-0.6,3.5,4.2,-6.9,10.6,-8.5,-3.3,5.0,-5.1,-1.7,-0.4,-0.5,3.5,14.3,-1.8,5.6,5.7,-9.9,4.6,1.7,-0.8,-0.4,-9.7,1.8,15.6,-3.0,0.7,-1.1,1.3,2.1,2.7,-5.6,1.2,1.4,3.4,6.2,5.5,10.7,11.2,-2.5,-0.8,-1.6,-1.0,6.7,-5.3,9.8,-3.7,-3.2,-12.5,-0.8,11.8,-1.0,-3.2,5.5,12.5,8.9,-3.2,-7.4,6.1,-7.9,1.1,4.4,9.1,0.8,-4.5,-15.5,4.6,3.5,6.5,14.5,18.3,0.0,-7.2,8.0,-3.9,-4.9,-0.9,-4.7,-6.0,11.7,-3.0,-1.2,-10.5,7.6,-8.3,-17.9,-4.1,-3.4,-1.6,-0.2,-2.1,-8.3,-2.0,-2.1,-9.8,15.5,-4.9,-4.1,17.0,7.7,-10.3,-1.7,-4.5,-4.4,1.5,-0.3,-1.1,0.6,-0.9,-1.6,-14.4,1.1,7.7,-8.9,3.3,-6.3,-5.7,0.6,-8.2,-12.9,8.3,-1.0,-3.1,-2.4,-11.9,-2.5,0.8,7.0,-4.9,-4.9,4.4,-11.0,-4.4,7.6,1.2,5.3,-13.7,-1.4,4.8,9.3,-5.6,-4.2,10.4,-3.6,-14.2,3.3,5.8,-6.7,14.4,1.7,-0.5,-4.8,0.2,9.2,13.8,5.6,2.9,-0.4,-2.1,4.9,-4.7,7.1,-4.9,11.2,4.1,14.7,-3.8,13.0,5.3,-2.3,-4.4,-4.3,-1.9,-6.6,2.7,-0.5,-1.9,-0.3,1.8,1.1,7.7,6.3,-3.6,9.1,-2.5,-5.8,-2.3,-2.9,4.8,0.4,10.4,14.3,-6.4,-7.5,7.8,-9.6,-5.1,-0.3,-7.0,1.7,3.1,-2.0,0.2,8.3,11.5,-7.8,-0.2,5.4,7.7,7.9,0.2,-7.4,-0.8,6.1,-5.2,-0.3,-19.3,3.1,-3.0,4.6,17.4,1.4,6.6,3.0,-4.7,14.7,7.5,8.7,-4.7,-4.2,5.0,-6.8,1.8,0.8,5.7,16.6,-1.5,-2.9,0.8,-6.0,3.7,4.3,4.6,7.2,5.1,3.5,8.9,6.5,-3.9,1.1,3.4,14.8,5.8,13.8,-0.9,1.7,-9.6,-1.9,15.6,1.5,2.0,-2.9,-1.6,-4.0,-2.8,0.1,-6.8,0.5,11.8,-8.9,3.0,4.2,16.2,0.1,-3.3,0.1,3.9,2.7,-8.8,-2.1,-3.2,-5.9,10.1,-1.1,7.5,7.0,0.9,-3.0,0.0,-5.7,-1.3,-0.6,-9.8,5.2,0.5,9.1,-10.4,-8.8,5.3,1.9,-1.3,0.8,-0.2,5.1,1.4,-5.0,-4.5,12.7,15.9,-1.0,4.6,-12.3,-6.7,-8.3,0.9,7.9,-10.1,9.6,-4.6,3.7,9.5,-8.7,3.3,0.8,2.7,-6.9,-4.0,-5.4,-2.5,-1.1,-3.2,10.6,-6.9,1.9,0.3,0.0,12.4,-3.2,-3.6,0.1,2.8,-2.4,-0.2
2020-06-29,-15.5,-1.3,7.3,-3.6,-2.7,-4.3,-7.1,15.3,-2.7,2.5,21.6,-4.5,0.9,3.0,-11.4,2.4,-2.7,22.1,-0.7,-5.5,-0.8,15.9,2.6,-4.9,-3.4,-6.1,-11.0,-4.4,-2.7,-13.6,-2.4,-10.9,1.3,-0.7,-5.4,-5.6,-14.4,-8.3,-12.3,-2.5,-12.0,4.5,-1.0,2.5,-8.8,-6.5,-12.2,-5.8,0.9,-4.4,-16.7,5.6,-3.2,6.7,-3.2,4.5,0.6,-0.2,-2.0,4.5,-7.0,2.7,-4.5,-5.3,-2.5,3.9,-2.1,-6.0,-2.8,0.5,11.1,-1.2,-1.8,8.7,-11.7,0.3,2.7,2.7,-5.5,-2.1,4.3,11.6,-5.1,-5.5,-3.8,0.8,1.7,1.8,-9.9,-0.7,0.0,2.1,7.6,5.0,7.0,5.4,-2.1,-3.1,-2.1,-1.7,6.7,0.1,2.2,-3.6,0.0,-7.6,-3.7,-1.3,-6.2,-3.7,0.9,5.8,5.5,-4.1,-9.8,0.7,-7.1,-1.7,-0.2,3.6,-1.0,-0.7,-17.3,4.2,4.3,7.0,10.5,23.1,2.6,-10.8,0.0,-2.5,-3.7,-3.7,-4.4,-3.4,10.5,-4.7,0.9,-11.0,7.7,-7.3,-14.6,-0.3,-3.0,-1.5,1.5,-3.7,-10.3,-4.8,-4.0,-13.3,12.0,-8.0,-4.1,9.0,8.3,-8.2,0.3,-5.7,-3.1,2.4,1.8,-2.0,0.7,-2.3,-2.7,-8.1,0.8,8.6,-13.3,2.9,-4.5,-2.8,1.7,-6.9,-10.0,9.4,-0.3,0.6,-2.9,-5.7,7.1,-1.3,9.6,1.6,-2.2,4.1,-13.8,-7.2,10.2,3.3,5.5,-12.3,9.5,6.4,11.0,-4.0,0.2,7.6,2.8,-16.5,13.5,2.2,-1.3,6.0,6.2,3.4,-2.7,6.5,12.6,15.3,3.3,-1.5,1.7,0.3,4.8,8.2,0.8,-5.1,3.4,-0.9,18.5,-4.0,12.8,10.0,3.5,-4.3,17.9,-2.4,2.3,0.8,2.1,-0.6,0.2,-0.9,0.0,5.0,7.8,-4.4,7.5,-4.7,0.3,-3.0,-0.9,1.1,-0.1,10.4,5.0,-6.1,-5.9,9.6,-5.5,-3.8,1.3,-1.7,3.9,-0.8,-0.4,10.4,7.0,5.3,-6.7,4.5,5.9,10.0,18.6,-2.9,-6.4,-2.0,8.3,-4.5,1.1,-13.9,5.1,-0.4,8.6,8.9,5.8,10.7,4.2,-5.8,12.7,9.9,15.8,-1.9,-1.9,7.7,-5.3,4.9,5.7,4.4,8.0,0.7,-1.1,0.6,-5.0,5.9,8.1,5.3,7.9,7.5,6.4,7.4,5.5,-0.4,3.9,5.3,14.3,8.1,19.3,2.3,6.1,-8.5,7.0,17.3,-0.6,-3.7,-2.1,0.5,-2.7,-1.4,-2.2,-4.0,0.0,-1.3,-5.3,0.3,4.9,15.9,3.4,-2.5,1.0,7.4,-2.4,0.3,4.8,-0.5,-6.7,9.9,3.3,9.4,11.6,6.3,-4.0,3.6,0.2,3.2,1.8,-8.3,1.8,0.2,15.2,-6.9,-7.1,9.6,-0.2,-0.6,2.8,1.1,5.1,3.4,-5.2,-4.9,11.7,16.2,-3.7,7.8,-6.8,0.4,-3.4,2.4,5.9,-9.3,4.7,-5.5,5.5,11.4,0.5,-1.0,-3.9,9.2,0.6,-1.9,-0.5,-1.6,0.7,2.6,7.1,-3.4,2.8,-0.9,3.1,6.1,-3.4,-1.7,-1.4,-3.6,-3.2,-3.2
2020-07-05,-10.9,2.5,2.2,0.9,2.5,-0.3,-1.6,9.9,-6.1,2.5,27.1,-10.0,3.3,1.6,1.4,2.6,5.2,25.2,0.3,-8.9,2.1,0.3,7.2,-5.4,6.1,-2.9,-10.2,-0.7,-8.9,-9.6,0.8,-8.7,18.1,5.7,-0.7,-4.7,-15.9,-2.7,-9.3,-0.8,-1.5,9.1,-3.4,0.7,-6.6,-9.0,-7.0,-3.7,2.9,-1.2,-14.9,-7.1,-1.4,-6.7,-1.9,0.5,7.7,0.8,7.8,2.4,-3.0,-0.1,-3.5,1.5,-4.0,7.8,-0.9,12.4,-0.2,10.4,15.1,1.0,1.2,18.2,-9.3,-8.7,11.2,11.7,3.5,-0.0,6.8,16.7,-1.3,4.4,-0.6,-0.2,4.8,4.1,-6.3,0.6,-1.0,19.0,7.5,9.9,7.4,-1.2,-3.6,-0.3,0.3,3.8,10.4,-11.8,5.5,1.1,-7.5,-4.9,1.1,1.7,5.9,-1.5,9.5,17.3,-5.3,-2.5,-8.4,7.4,-4.5,4.0,4.7,11.3,-3.6,-2.2,-8.0,-0.3,12.3,11.3,11.2,25.0,1.1,-4.9,5.4,-0.3,-0.8,1.8,-3.4,-1.3,14.5,-3.0,-6.6,-8.8,13.8,-4.6,-13.6,2.1,-2.9,-0.5,1.5,-0.8,-1.3,5.3,-1.6,-9.0,16.1,-6.7,18.1,-7.5,10.7,-8.3,-0.7,-4.8,-2.9,3.9,-0.9,3.7,4.0,-1.1,-3.2,-2.8,1.7,1.6,-3.3,1.6,-5.5,-3.6,1.6,-6.9,-9.2,14.3,6.9,3.2,1.2,1.7,-2.1,4.7,7.0,0.8,-3.2,2.9,-8.9,-2.3,10.0,5.6,9.5,-6.8,4.7,7.4,11.5,7.2,-3.6,10.7,1.8,-15.6,6.3,1.7,2.6,5.1,1.1,4.9,-2.1,6.3,15.6,18.6,7.4,6.6,1.7,-2.1,7.2,-4.3,2.0,-2.6,4.5,1.0,12.7,-3.6,13.2,8.7,-12.2,-2.3,5.6,4.1,-0.9,7.1,9.1,4.9,3.3,-7.8,1.9,7.7,6.6,-8.3,13.8,-4.7,-4.2,-5.2,-2.7,4.3,4.4,7.9,8.0,-5.3,-6.3,7.6,-7.9,-5.4,2.4,-0.1,7.0,6.1,1.5,6.4,7.8,3.5,-7.3,-3.9,4.2,7.1,2.5,-3.7,-9.3,1.6,3.0,-6.2,-0.2,-12.7,3.8,-4.7,12.5,10.1,7.8,8.5,4.4,-12.0,9.3,6.7,10.4,1.1,-0.2,5.2,-3.0,12.3,-6.4,3.3,6.7,4.1,-4.0,3.0,-2.7,15.8,9.3,12.7,6.6,7.5,7.8,7.6,10.3,-4.0,5.4,5.0,13.6,6.4,17.4,5.0,13.1,-8.2,4.1,26.2,-0.0,4.2,-1.4,0.0,1.5,-1.0,3.4,-3.5,-3.2,8.7,1.7,5.9,4.4,20.5,4.6,2.6,3.0,6.7,4.3,0.5,3.8,-2.9,-3.4,12.1,5.9,-4.5,7.5,3.8,2.4,2.1,1.4,-0.4,0.9,-10.1,5.5,-1.3,9.6,-7.4,-6.8,8.9,1.4,-0.5,3.7,3.1,7.5,1.1,-2.7,-3.5,12.2,16.4,1.0,6.3,-7.9,-2.7,-4.1,1.3,-0.1,-9.9,10.2,-4.1,2.3,12.4,-2.8,-3.1,-5.0,4.5,2.4,-5.4,-3.1,-3.1,0.6,0.4,9.5,-4.6,5.8,2.4,1.6,10.0,-2.6,-2.0,2.3,-3.6,2.7,1.0
2020-07-11,-10.4,-1.7,-0.0,2.9,2.8,-8.1,-10.0,11.1,-11.2,-0.2,21.8,-3.3,-3.6,3.2,13.1,0.8,-2.9,21.2,-3.6,-3.2,1.6,14.1,5.4,-4.5,-5.3,-2.1,-9.9,-3.0,7.1,-6.9,-0.2,-8.6,18.0,-5.6,-0.5,-1.7,-12.3,-6.5,-4.2,-3.5,-5.9,7.1,-1.7,-0.4,-12.7,-6.2,-7.6,-6.9,1.1,-3.9,-2.2,1.9,-4.2,15.5,-4.0,0.0,-5.1,-2.5,2.1,14.0,-6.4,-4.3,-10.6,-4.4,5.1,5.7,0.5,-3.4,6.8,0.2,12.5,-1.7,3.4,9.3,-12.7,7.6,9.6,1.0,-1.9,-6.9,5.8,14.4,-6.7,-0.5,-0.9,-2.4,7.4,7.5,-8.7,0.1,0.5,4.2,8.9,7.9,11.0,14.6,1.3,-3.8,-0.7,6.8,2.2,4.4,-0.8,-6.1,-4.0,-6.4,-3.6,-8.5,-3.7,-10.2,1.6,4.3,7.1,-2.1,-5.1,8.3,-8.1,2.0,0.8,8.5,1.6,-3.8,-12.5,1.8,4.2,11.6,16.4,21.8,-1.1,-5.1,4.8,-4.1,-4.4,-3.2,-5.3,-5.2,11.2,-2.7,0.4,-6.1,5.7,-6.8,-15.5,-13.2,-4.4,-1.3,5.2,-3.4,-7.8,-1.5,-3.8,-12.0,13.1,-7.7,-1.3,19.7,11.2,-7.8,5.3,-6.2,-3.5,1.7,3.9,2.8,1.8,0.0,-2.9,-4.1,-3.2,1.4,-1.8,1.3,-4.5,-4.6,2.0,-9.0,-11.3,8.6,0.9,-0.7,-1.7,-2.4,-1.4,0.2,-7.5,-0.8,-3.5,0.8,-11.5,6.6,10.5,0.1,-6.7,-13.1,7.6,6.5,8.0,-7.6,-2.6,5.3,-1.0,-12.4,1.7,-0.8,-3.2,3.3,8.2,4.7,-2.1,0.7,12.1,11.9,5.3,2.4,-0.4,-0.2,2.9,-2.0,-4.3,-4.4,3.5,-1.1,16.0,-6.5,8.0,6.6,-1.1,-8.8,8.0,-0.7,1.5,2.6,2.4,2.5,-6.5,3.6,-4.7,1.5,0.6,-9.0,11.7,-8.3,-4.1,-9.4,-7.3,1.4,1.4,12.1,8.4,-9.1,-13.1,3.1,-11.3,-9.1,2.3,-6.0,-0.3,2.0,2.3,3.9,7.5,11.9,-10.6,-8.1,3.1,2.9,0.3,1.9,-9.6,-3.3,5.7,-11.9,-1.5,-18.7,1.8,-4.5,4.0,6.2,3.4,4.0,2.1,4.6,5.9,3.8,6.7,-3.3,-7.0,5.1,-8.0,3.0,-0.2,-1.0,2.5,-0.5,-8.7,-1.8,2.6,1.0,3.2,-0.5,5.7,4.5,4.1,4.4,6.5,-5.4,2.0,11.6,9.1,3.5,12.4,1.2,-9.1,-8.0,1.3,13.2,-2.4,-13.3,-4.6,2.4,-5.7,-3.4,-3.5,-7.2,-3.1,7.1,-9.5,-2.3,7.7,5.7,0.9,-4.5,0.6,1.9,-1.9,-4.4,-0.2,-1.5,-8.3,8.8,6.3,8.3,6.8,0.9,-1.3,-10.8,-7.4,3.2,0.8,-12.5,5.1,-2.1,8.9,-7.5,-9.0,7.3,-6.6,-5.5,2.4,1.1,-4.4,0.5,-7.7,-6.7,13.2,16.2,-2.3,6.9,-7.6,-4.6,-9.6,3.8,-3.1,-10.8,2.0,-4.6,-1.3,11.2,-4.1,-4.9,-6.3,1.4,0.7,-4.2,-4.1,-4.3,-6.4,-1.2,8.4,-5.0,1.3,-6.1,0.1,16.2,-3.7,-3.1,4.7,-6.7,1.5,-4.1
2020-07-17,-11.0,-0.8,3.0,8.2,-2.7,-2.3,-4.2,3.9,-12.2,3.2,20.0,-4.0,-2.8,6.8,-1.2,3.5,-0.8,20.4,-2.3,-2.1,2.5,4.0,-0.1,-4.0,12.8,-4.6,-13.8,-3.6,-5.1,-16.1,-1.2,-9.6,9.0,-0.4,-3.1,-5.5,-16.2,-5.0,-1.9,-2.2,-2.3,11.6,-5.3,-1.7,-5.2,-11.3,-6.8,-3.8,3.4,-4.7,-5.4,7.7,-6.3,11.0,-3.8,2.2,14.3,-3.2,5.9,1.1,-1.9,11.3,-6.3,-2.3,3.6,5.1,2.0,-11.8,2.0,2.3,13.9,-0.2,10.4,13.7,-8.7,7.7,11.3,13.0,-3.2,-3.6,5.5,15.8,-2.0,1.3,-0.5,1.9,12.8,8.3,-5.7,0.8,2.4,10.9,8.7,9.9,9.7,17.5,-0.4,2.5,0.6,0.4,8.3,1.9,-1.5,-4.5,0.3,-9.6,-3.5,-2.0,-3.0,-2.7,2.8,14.6,-2.5,-5.2,-5.4,12.3,-4.6,0.6,7.8,10.5,2.6,-2.7,-21.8,-2.7,10.4,12.4,16.5,22.9,1.6,-3.6,4.5,-1.3,-3.6,-3.3,-5.8,-2.2,13.3,-1.0,-1.6,8.4,12.5,-5.0,-15.0,-3.0,-4.1,0.8,4.3,-1.7,2.0,-5.8,-2.2,-11.0,16.0,-3.5,0.2,9.8,12.5,-8.8,-3.0,-5.8,-3.6,4.8,2.7,2.9,4.0,2.5,0.0,-1.7,-2.1,3.9,-6.9,3.9,-4.4,-2.0,2.9,-6.6,-11.5,9.4,5.0,0.2,-0.4,-1.8,-0.4,-1.1,15.1,-2.4,-2.5,6.9,-9.3,-1.9,-5.3,5.0,3.2,-10.7,0.4,4.6,11.7,-3.8,0.7,14.0,-2.4,-11.8,-0.9,3.6,-4.0,0.8,3.1,6.4,1.8,-2.8,14.3,14.3,6.0,6.6,0.6,-1.4,6.1,-1.6,0.0,3.1,2.0,-0.2,21.6,-4.4,12.1,9.7,-0.2,-4.6,8.7,3.2,2.0,5.2,4.5,6.9,4.4,3.7,1.3,10.6,12.8,-7.8,7.7,-5.5,-2.1,-3.7,-0.2,4.0,2.7,9.3,8.9,-8.2,-9.3,10.3,-9.5,-5.0,2.5,-1.8,3.2,5.3,0.6,9.1,1.7,10.3,-10.4,-3.1,8.6,5.9,2.1,-2.9,-10.1,0.3,2.7,-0.8,-1.9,-17.0,4.5,-3.6,7.3,19.3,6.4,6.6,4.4,-5.1,12.4,7.6,11.3,-0.9,-10.0,6.3,-3.5,6.1,1.4,2.0,11.7,5.0,-3.7,3.2,-10.6,3.2,7.4,7.5,9.9,6.5,6.3,6.6,2.5,-4.1,1.7,-1.5,12.7,6.4,15.0,1.4,8.4,-8.0,4.9,17.9,5.3,-2.8,-1.8,-3.0,-2.4,-0.9,-0.4,1.7,-0.6,5.2,-3.5,4.5,1.7,13.0,5.7,-1.5,-0.1,5.8,-0.1,-1.0,-2.6,-1.8,-4.7,19.8,-0.4,6.3,7.4,5.4,0.3,0.8,-3.8,2.6,2.5,-8.7,-3.5,6.6,8.2,-6.4,-6.9,8.4,10.4,-2.1,4.0,-1.3,0.4,-3.3,-1.7,-2.9,11.7,14.2,-0.7,7.0,-10.6,-1.5,-4.6,4.3,1.3,-15.2,10.8,-2.5,3.1,11.2,-0.2,-9.6,-3.0,5.2,1.6,-0.7,-1.1,-0.9,-1.0,-0.0,13.4,-3.8,1.5,0.1,-1.1,8.5,-2.9,-2.4,-1.9,-3.2,4.8,0.8
2020-07-23,-9.9,6.6,0.1,9.8,-0.6,-0.5,-0.8,12.3,-5.6,3.3,23.8,-7.9,2.7,9.9,4.1,1.2,0.5,23.5,2.1,0.5,2.3,6.2,3.5,-4.2,5.3,0.9,-8.8,-5.3,-8.1,-2.2,-0.6,-7.0,17.5,-9.9,7.7,-6.3,-18.1,-6.2,0.3,-0.7,-1.4,13.4,0.3,4.3,-3.4,-7.1,-7.2,-10.6,5.4,0.1,-8.3,2.7,-2.2,15.7,-1.7,-0.5,7.2,1.5,4.9,4.3,-4.1,-0.6,-5.2,-3.2,10.9,4.1,3.8,3.9,-2.2,6.8,12.9,6.8,5.0,8.3,-9.9,2.9,2.6,6.9,2.2,-3.9,2.7,15.2,-1.1,-0.8,-0.1,2.4,-2.4,7.1,-4.2,3.3,6.4,5.3,20.4,5.5,10.6,-2.1,-1.7,-0.6,1.5,4.5,12.2,-3.6,4.3,7.1,-4.2,-18.2,-0.7,-3.4,-3.3,-2.2,-0.5,7.8,4.5,-2.3,0.7,22.8,-4.7,3.3,6.1,9.9,-0.3,-4.6,-11.5,7.2,7.3,12.8,16.9,23.1,3.1,-5.7,5.3,-4.6,-2.1,-1.6,-5.3,-2.7,13.4,-1.6,-1.7,-10.7,10.0,-3.1,-8.8,-3.8,-0.5,0.9,3.5,-1.7,-9.4,6.3,-0.4,-11.8,16.0,-1.4,2.0,14.5,9.1,-8.5,1.1,-6.1,-2.4,4.5,1.1,3.3,3.3,-2.7,-2.2,-12.0,-2.6,2.2,-5.3,3.5,-1.5,-3.6,3.3,-6.7,-12.0,12.7,3.2,-1.7,1.5,-0.6,-0.8,1.2,8.9,0.3,-3.4,5.6,-9.2,-1.1,10.9,15.8,0.9,-11.0,6.6,10.0,14.1,6.1,13.8,16.8,1.3,-12.1,15.4,4.7,8.2,5.3,7.7,8.5,-1.5,5.0,15.3,17.8,7.8,7.8,1.0,3.9,9.0,-1.9,0.9,6.1,6.3,2.9,19.3,-3.2,13.2,9.6,4.6,-2.1,6.0,3.1,1.1,5.6,2.1,3.4,2.8,7.7,2.8,7.0,9.0,-7.7,9.1,-5.3,-2.2,-2.7,0.8,5.3,2.6,13.7,7.9,-8.4,-3.4,7.8,-6.0,-3.9,4.1,-0.8,-2.3,0.7,2.2,11.8,5.7,6.1,-16.1,-6.7,7.7,4.1,1.0,-7.0,-9.0,6.3,6.5,-3.4,-1.9,-18.0,2.9,-4.6,-6.1,7.7,3.4,10.3,3.9,-7.2,16.6,8.8,15.5,-1.7,-8.8,5.3,-6.0,4.4,-3.5,-4.1,8.1,3.6,-5.0,2.5,-8.1,4.7,5.6,2.3,5.8,4.3,5.7,4.7,11.0,0.2,1.8,1.1,13.0,5.9,18.9,1.1,14.5,-8.2,4.6,2.4,-0.2,-2.4,-3.1,0.5,-3.2,-1.9,1.5,-4.9,0.1,-3.0,-2.1,5.5,3.4,6.4,2.6,0.1,4.1,4.6,-0.3,-0.6,-6.4,-2.9,-4.2,14.7,1.9,5.8,8.2,1.1,-1.2,-4.4,-1.7,-6.2,-1.0,-12.7,-8.2,0.9,7.7,-6.1,-4.8,8.4,-0.2,1.3,2.7,3.3,11.6,-2.0,-6.7,-4.0,15.1,10.0,0.3,5.3,-10.0,0.3,-8.8,4.2,-2.3,-15.1,4.8,-11.8,4.3,10.5,-3.8,2.5,-2.5,1.4,-1.5,-4.3,-5.4,-4.2,-0.8,-1.7,9.0,-8.0,5.5,-1.0,-0.9,10.2,-3.8,-0.2,1.2,0.5,-3.9,-4.6
2020-07-29,-10.7,0.3,5.4,10.1,3.2,-5.5,-3.8,11.5,-14.9,-0.9,23.3,-7.2,-1.9,8.8,4.5,3.1,17.1,23.2,5.7,-13.0,-1.8,-0.5,9.8,-3.9,2.0,2.0,-7.4,-4.4,-15.2,-2.5,-2.8,-8.9,10.0,-2.1,13.0,-4.8,-15.3,-6.8,-3.2,-3.4,-3.3,3.0,-4.3,0.7,-9.6,-6.7,-6.5,-9.8,2.5,-4.4,-5.0,2.1,-6.7,12.2,-3.9,0.4,11.3,-2.2,5.5,-0.3,-8.4,-9.0,-10.8,-6.3,3.7,1.9,-4.0,1.9,3.7,0.3,12.0,-3.4,-2.2,13.3,-10.8,13.2,6.8,8.5,-0.9,-8.9,3.3,15.2,-4.4,0.6,1.0,-0.4,1.0,4.8,-7.3,-1.2,-1.4,2.4,11.8,9.7,7.6,12.8,0.3,-1.4,-1.9,1.5,-5.7,-5.6,3.3,-2.2,-2.2,-7.7,-2.7,-6.6,-7.8,-3.4,5.2,4.7,10.1,-2.5,-6.7,4.1,-7.0,3.2,2.9,6.4,4.6,12.8,-18.2,-1.8,6.2,12.5,11.2,15.2,-0.4,-4.9,7.3,-5.6,-2.6,-0.1,-3.2,-4.1,11.9,-4.5,8.5,-15.8,6.4,-5.8,-12.3,-2.0,-3.7,-0.6,3.0,0.1,-2.9,3.2,-1.6,-9.3,15.4,-6.6,-1.2,9.9,8.9,-8.8,0.6,-3.4,-2.9,2.8,0.4,2.0,0.8,0.6,-1.5,-2.1,0.0,4.6,-8.2,4.3,-2.8,-5.8,0.8,-7.7,-10.1,7.1,2.0,-1.5,-0.8,0.8,1.7,-2.2,5.2,-1.3,-4.0,-0.8,-12.1,-0.8,9.4,8.9,0.4,-7.6,-1.7,3.1,7.4,3.8,5.7,10.5,0.1,-16.4,6.4,-2.2,-2.0,2.4,8.4,-2.2,-7.1,-0.4,9.1,11.8,2.5,5.3,0.4,1.6,6.0,-2.6,-4.1,-0.6,2.4,8.1,11.8,-6.0,9.2,8.0,0.6,-6.4,3.4,-0.5,-4.2,2.6,0.1,1.5,1.8,2.3,-3.3,9.1,9.1,-7.9,10.8,-9.9,-8.7,-7.0,-6.0,1.5,-0.0,10.2,5.6,-9.8,-15.1,-1.1,-9.8,-8.7,-2.4,-5.9,-0.9,-1.7,1.0,3.5,5.4,4.7,-15.1,-6.6,1.9,0.2,-2.6,-1.8,-12.1,13.0,3.3,-3.7,-0.8,-19.7,2.4,-6.5,13.8,5.8,5.5,9.7,2.4,13.2,5.7,3.5,7.8,-5.9,1.7,-4.3,-8.0,0.1,2.0,-0.3,6.0,-0.9,-5.9,-0.2,-4.7,3.7,6.5,0.2,6.5,6.7,5.7,7.5,-1.7,0.4,1.2,1.0,24.7,3.5,13.7,-2.3,-9.6,-9.1,3.5,10.9,2.8,-8.4,-4.3,-4.1,0.2,-2.5,-1.4,-5.2,0.0,-5.4,-11.4,-5.2,4.1,23.4,2.5,-2.9,-0.7,3.2,-0.7,2.1,-5.2,-3.4,-6.1,14.3,-1.0,5.2,3.8,-5.3,-1.9,0.6,2.9,-2.7,0.7,-11.3,6.4,-2.0,7.6,-12.4,-12.6,4.1,0.5,-1.0,1.9,4.8,7.2,-1.7,-10.0,-7.0,8.1,9.8,-2.6,4.4,-10.6,-2.5,-6.6,-1.6,-5.8,-17.3,3.3,-7.5,4.6,9.3,-4.6,-5.0,-6.3,1.2,-2.4,-6.5,-7.1,-10.6,-2.8,-1.8,9.0,-10.8,3.6,-2.7,-1.5,8.3,-9.5,-4.8,2.2,14.3,-9.9,-10.2
2020-08-04,-11.8,1.1,2.8,-3.2,-2.6,-3.3,-10.9,10.6,-11.0,2.5,23.6,-13.0,0.9,4.7,13.4,7.2,-3.9,22.0,-4.3,-2.5,0.3,3.6,0.8,-4.4,-3.6,-4.6,-11.0,-5.7,3.8,-8.5,-1.6,-11.2,0.1,-2.7,-0.0,-5.0,-16.8,-5.1,-11.3,-2.2,-6.0,4.6,-1.9,-2.2,-8.7,-13.7,-5.4,-8.5,2.2,-6.4,-7.2,0.3,-0.2,17.2,-2.1,-0.5,-1.9,-8.7,1.8,0.7,-8.2,0.9,-0.8,1.4,4.0,-5.0,0.8,-0.8,-4.0,5.5,15.9,-1.3,-2.7,5.6,-10.1,5.0,15.3,2.3,-2.1,-4.3,3.6,12.1,10.6,6.9,8.1,5.2,2.9,4.0,-5.6,-1.7,-0.1,-3.3,14.0,3.9,7.3,16.2,2.8,1.4,-1.4,-4.8,7.3,2.7,0.6,-4.5,-6.6,-11.4,-3.9,-1.8,-4.0,1.4,-1.9,14.0,11.0,5.4,-3.6,10.7,-6.3,-3.3,4.6,4.3,-0.5,-5.8,-18.5,0.6,-0.7,11.8,7.1,11.4,-0.4,-9.7,4.8,-2.5,-4.5,-1.5,-3.7,-7.5,12.7,-1.5,9.1,8.0,6.9,-5.8,-14.5,-2.3,-5.8,0.1,3.1,-2.0,0.7,2.2,-5.0,-12.5,17.0,-4.1,4.9,6.2,10.8,-10.3,-2.7,-9.8,-5.3,3.3,1.3,-1.9,0.4,-1.3,-7.9,-1.8,-5.2,-3.4,-10.1,7.4,-13.3,-3.6,2.0,-8.3,-11.9,8.3,-4.3,-3.7,-1.4,0.3,-6.7,-3.0,2.7,13.2,-3.4,-3.5,-11.9,-5.6,7.9,7.6,8.9,-11.0,4.1,8.3,10.3,-4.9,-2.0,13.5,3.3,-17.6,2.2,-1.7,-2.0,1.0,0.9,-1.8,1.3,5.6,13.0,14.4,4.2,4.9,-0.5,-2.0,6.1,-2.0,-1.7,-2.4,2.6,-9.3,12.0,-7.0,10.4,9.1,-0.6,-6.4,2.8,-3.8,-3.2,16.9,1.9,3.4,1.4,14.1,5.3,7.9,23.8,9.5,13.7,-3.5,-0.7,-2.0,0.2,6.0,5.7,8.0,5.6,-6.9,-7.9,4.9,-8.3,-4.5,5.8,1.2,1.5,2.7,1.7,6.4,2.4,3.4,-9.2,1.8,6.7,4.3,5.4,-8.6,0.7,-2.3,13.4,2.4,-0.2,-15.5,7.5,-8.0,17.8,2.0,2.6,8.5,3.7,-4.3,10.3,9.2,13.3,-0.6,-1.2,10.1,-5.5,5.6,4.5,1.5,13.5,-1.7,-2.0,-7.4,-3.0,6.1,1.2,-0.2,4.3,1.4,3.5,6.1,11.5,-1.1,-1.1,16.0,10.6,7.8,17.6,3.1,13.4,-7.4,4.3,20.5,0.4,2.9,-2.4,3.6,-2.0,-1.5,-8.0,-4.4,3.4,1.8,-7.8,2.6,4.1,19.5,1.7,-2.6,5.2,6.2,-2.3,-4.1,-1.5,3.1,-16.9,12.2,0.6,10.9,12.4,4.1,-6.6,-0.5,-8.2,4.9,6.2,-11.1,7.4,-2.6,9.7,5.1,-7.2,10.7,-13.9,1.7,6.9,-0.4,3.4,8.7,-4.3,-4.5,4.7,22.6,3.7,8.7,-11.9,2.0,7.5,8.2,4.3,-17.6,4.5,-2.7,1.5,9.1,0.5,3.6,-0.1,7.3,8.8,0.1,-1.1,-2.1,1.4,2.0,9.0,-3.6,0.9,0.8,1.9,8.3,-0.3,-5.7,-3.1,-1.1,-5.4,-2.3
2020-08-10,-12.0,-1.5,5.6,16.2,-4.3,-8.6,-7.0,11.9,-15.3,-4.7,24.1,-5.9,-3.2,7.0,-11.2,1.0,2.1,23.9,-1.4,-6.4,-2.3,10.3,4.2,-4.9,2.1,-5.2,-16.3,-5.4,-9.4,-7.8,-2.8,-11.3,15.3,5.8,-5.3,-4.8,-15.0,-7.5,-7.2,-3.3,-5.5,6.2,-3.1,-2.7,-9.3,-7.8,-9.8,-8.7,2.2,-5.7,-8.5,0.5,-7.0,2.2,-1.0,-1.0,10.2,-3.2,2.7,-4.5,-8.2,-6.7,-7.1,-3.5,11.7,-0.7,-2.6,-5.5,-5.5,5.0,15.3,-3.9,-4.0,8.9,-11.5,-1.2,-7.5,-8.7,-2.2,-12.7,1.7,15.3,-2.9,3.6,0.4,-0.3,0.9,7.1,-8.0,-0.8,-2.9,-1.6,13.3,9.8,8.7,15.2,6.0,-1.6,0.4,-3.9,2.8,-4.9,3.1,-5.4,-3.2,-6.6,-6.1,6.1,-10.1,-0.4,-0.8,-2.3,6.8,-0.5,-12.2,5.4,-10.3,0.1,0.2,4.1,2.4,-2.7,-14.9,-0.8,3.0,10.5,11.8,17.1,0.5,-5.1,-3.5,-5.1,-5.4,-5.1,-4.2,-6.6,11.8,-3.1,4.9,-13.8,4.4,-5.8,-13.3,-2.0,-5.5,-4.3,-2.0,-4.7,-3.3,-2.2,-7.3,-13.7,15.0,-6.4,3.5,8.1,11.4,-8.6,0.7,-11.7,-3.0,-0.7,-3.9,-2.9,-2.6,-3.4,-3.5,-5.4,-5.6,-3.0,-8.6,3.9,-7.8,-15.3,2.0,-9.3,-10.8,6.6,-1.8,-2.1,-3.9,-3.6,-4.4,-1.2,2.0,0.2,-5.2,-2.9,-10.7,2.6,-2.3,3.7,-7.5,-11.8,1.9,4.0,4.5,-8.3,-0.2,7.9,-0.4,-13.9,-5.7,-1.5,-0.8,-2.9,2.0,-4.1,-11.4,-0.7,10.6,10.3,5.0,-8.3,-0.7,-2.7,3.8,-5.5,-10.5,0.4,0.6,13.8,12.1,-7.3,9.1,7.6,-0.3,-2.6,4.5,0.4,-6.4,4.5,0.8,-2.2,-0.1,2.9,-3.3,8.8,13.3,-4.7,10.8,-10.4,-2.8,-6.6,-2.9,0.2,-1.6,13.5,2.7,-12.8,-16.5,-2.2,-6.3,-8.5,5.9,-3.4,10.3,4.3,-0.1,-2.6,7.6,9.0,-12.4,-15.0,0.3,1.7,-4.2,-0.2,-12.5,-3.4,10.9,9.5,-3.6,-20.1,0.5,-7.1,-0.1,4.5,5.2,7.2,0.4,-10.8,3.4,3.7,8.9,-4.4,-1.5,6.1,-9.7,2.2,4.0,-4.2,2.4,-1.9,-7.4,-1.1,-6.5,7.4,7.9,0.1,4.8,7.4,4.7,8.9,2.5,-8.7,2.4,6.1,20.6,3.9,13.0,-2.0,-3.7,-9.5,0.8,12.3,-1.3,11.1,-4.6,-8.3,2.6,-4.1,-0.9,-6.4,-1.0,-6.0,-3.7,0.0,6.8,11.6,2.2,-2.4,-1.4,5.5,7.5,-3.1,0.2,-5.5,-7.6,15.4,-1.4,6.7,9.9,0.0,-2.1,-2.2,-7.7,-2.3,4.1,-13.7,10.7,-4.0,7.6,-14.1,-12.0,3.9,-2.2,-1.6,-1.6,4.1,-7.4,-1.3,-6.6,-7.3,8.5,14.5,2.7,4.2,-8.4,-5.0,-7.1,-1.9,-6.8,7.9,3.8,-5.8,-2.6,8.2,-3.5,-6.8,-7.4,-0.2,-1.4,-4.4,-6.6,-7.7,0.4,-1.5,8.6,-8.2,-0.4,-2.9,-1.3,7.1,-9.8,-7.1,1.4,11.2,-10.9,-10.1
2020-08-16,-14.8,-1.0,5.8,14.9,1.2,-7.0,-7.2,10.6,-10.9,-0.8,22.4,-11.4,-0.2,8.1,-7.9,2.3,-8.7,22.1,3.0,-3.2,-1.4,8.9,4.2,-4.9,4.6,-2.2,-8.4,-3.3,-9.6,-14.7,-2.9,-13.1,-6.3,-2.0,-4.0,-4.3,-17.3,-6.3,-12.2,-7.2,-2.1,6.6,-4.4,-2.6,-8.6,-6.2,-9.8,-6.1,2.4,-3.6,-5.7,-0.7,-6.8,7.1,-3.7,1.7,-6.1,-2.2,-1.2,-8.3,-9.9,-6.9,-8.9,-7.0,-5.7,-3.2,-2.0,-6.1,-10.0,-4.7,10.5,-2.8,-2.3,3.1,-9.8,-6.4,-3.1,-3.4,-3.7,-2.7,-0.0,14.5,-7.2,-6.2,15.2,-5.7,-0.1,9.8,-8.7,-6.8,-1.3,-0.8,13.9,4.6,10.6,15.5,6.0,-5.6,-2.6,-3.7,2.8,-2.2,2.4,1.7,5.6,-6.9,-4.2,-0.2,-10.1,-10.3,0.9,2.7,10.3,11.1,-4.8,6.6,-8.9,2.9,-0.7,7.9,0.2,-5.4,-13.6,2.3,4.3,9.9,12.5,16.8,-1.1,-8.6,4.2,-2.8,-4.0,-4.0,7.8,-3.9,11.6,-0.2,14.9,-16.0,8.8,-5.1,-10.9,-6.3,-4.2,-2.6,2.1,-3.2,-3.9,1.0,-1.7,-12.2,13.1,-2.6,10.0,6.8,7.4,-7.6,-3.7,-7.4,-3.4,1.8,-1.9,-1.5,-0.4,-0.4,-4.6,-3.1,-2.1,-2.6,-4.9,6.8,-8.7,-6.0,-0.2,-7.7,-11.2,6.2,-4.3,-1.5,-0.2,6.2,-4.7,-2.2,-1.8,-4.1,-5.9,-1.4,-10.9,-5.5,0.1,3.2,-6.3,-9.0,-2.3,3.6,9.8,-6.8,-0.7,8.4,-0.6,-13.3,-6.3,0.2,0.8,4.2,12.4,7.8,-7.9,-0.2,11.8,13.5,2.9,0.9,-1.2,-2.3,6.0,-2.5,-3.7,1.8,3.4,15.3,4.6,-5.6,9.5,3.9,-1.6,-4.7,0.9,0.0,1.3,4.5,-5.2,-1.3,0.5,4.3,-9.3,5.7,8.4,-0.1,8.2,-9.5,-3.7,-5.5,-2.9,-0.1,0.7,11.2,4.1,-12.1,-17.4,-3.4,-6.8,-6.4,9.7,-2.8,1.8,-2.0,-3.8,12.3,5.1,2.9,-14.6,-6.7,6.8,-0.2,-4.2,1.2,-15.2,-5.7,7.7,8.7,-3.1,-18.8,1.5,-6.3,-0.4,5.1,6.8,5.0,2.4,3.8,-0.9,3.3,7.8,-1.9,0.3,6.1,-6.7,1.3,2.6,-0.2,6.7,-1.7,-6.9,0.9,-5.8,6.2,8.0,1.6,1.3,7.4,3.7,6.9,10.4,13.1,3.7,3.7,19.9,3.1,13.7,2.1,15.2,-8.2,1.5,17.3,-1.0,2.3,-3.9,-5.9,-0.3,-3.4,-0.7,-5.6,-0.4,-1.2,0.0,-1.4,4.0,15.1,2.2,-1.6,2.0,3.4,-0.1,-4.5,-2.2,-1.9,-6.1,12.6,-2.9,3.1,8.4,-1.1,-0.9,1.5,-9.3,-2.3,2.1,-13.3,0.8,-3.8,8.7,-10.7,-9.9,7.4,-3.0,-0.1,1.9,1.4,-7.5,-0.9,-8.1,-5.6,9.2,13.6,-2.0,5.9,-5.0,-1.4,-7.4,1.1,-4.2,-12.7,4.9,-7.7,0.9,9.7,-3.3,-4.2,-3.8,0.4,-1.6,-5.1,-5.7,-7.3,-11.6,-2.5,9.9,-10.9,4.7,-2.0,-1.7,7.5,-4.8,-2.7,2.8,-8.4,-9.2,-6.1
2020-08-22,-13.1,1.5,5.0,-1.4,3.7,-2.3,-2.9,11.2,-7.5,1.9,27.1,-8.5,2.2,6.0,-5.1,8.0,0.9,26.5,4.3,-4.9,1.3,0.4,4.5,-2.6,-1.2,0.7,-2.3,-4.4,-0.1,-1.6,-0.7,-9.6,6.1,1.5,-1.2,-3.8,-15.8,-5.1,-1.5,-2.1,-4.9,7.5,-0.9,0.9,-7.1,-6.5,-8.8,-6.0,2.9,-1.3,4.0,11.0,-3.5,12.5,-1.1,-0.6,8.9,-3.8,1.2,-2.9,-5.4,-3.1,-6.4,-7.3,7.7,-1.2,-0.3,-1.8,-7.0,-0.5,13.2,-9.9,-1.4,15.2,-11.9,-6.8,-10.6,-6.8,0.2,1.6,-1.5,20.4,0.5,-10.2,0.8,7.9,7.0,5.9,-8.3,4.0,1.6,1.0,3.5,10.8,6.3,7.5,-5.6,2.6,0.4,-3.4,7.1,-5.5,4.4,1.2,1.1,-5.8,-2.1,2.4,-0.9,1.8,1.4,-5.3,7.5,4.4,-5.3,12.3,-4.7,7.0,7.9,8.1,2.1,0.5,-14.5,3.3,4.5,12.9,9.8,14.5,2.5,-3.1,9.3,1.5,-1.0,-1.2,-3.1,-2.1,13.3,-0.3,7.1,-18.3,10.2,10.1,-19.0,-3.7,-3.5,-0.8,6.2,-1.8,-0.8,6.7,1.2,-10.7,16.2,-3.4,6.7,8.1,9.1,-8.3,-1.6,-4.6,-3.0,4.2,1.5,2.0,0.1,-0.8,-4.1,-3.9,1.8,11.4,-5.5,3.3,5.4,-1.9,2.3,-6.1,-8.2,9.6,3.1,-4.5,-2.0,-1.8,2.1,5.6,6.5,2.5,-1.0,5.4,-9.0,-9.1,5.4,14.9,8.3,-9.1,-1.0,1.3,8.9,-3.0,0.0,11.4,0.8,-14.6,7.2,-0.5,0.1,-0.5,-2.2,9.4,-4.7,0.1,21.2,15.0,4.1,2.4,2.1,-1.1,4.6,-1.4,-1.8,0.8,-4.7,12.8,14.7,-5.6,10.0,9.0,-1.8,-6.4,5.7,-0.4,-5.5,7.4,0.2,5.3,-2.3,8.6,1.7,7.9,11.6,-3.2,13.4,-7.4,-2.5,-3.6,-5.6,-1.7,-0.1,15.9,8.9,-8.3,-10.7,1.5,-6.3,-6.0,9.8,-3.2,-2.9,2.7,-1.2,4.5,0.5,9.5,-11.3,4.0,0.8,2.6,5.7,9.7,-5.5,-2.3,2.6,-11.8,-2.4,-15.8,4.5,-7.9,3.0,10.1,0.3,8.8,1.4,13.4,6.6,6.4,10.0,-1.6,-0.3,2.3,-5.9,5.8,-2.2,-0.2,8.0,-1.9,-5.9,-7.7,-2.1,8.9,6.7,-1.1,5.8,2.6,5.1,4.0,6.9,-4.0,3.6,3.7,-0.4,5.0,16.7,1.6,-2.1,-8.2,-0.5,13.8,-1.2,-1.5,-2.4,-7.4,-4.5,-2.6,-7.5,-3.1,-10.8,16.0,-11.2,-1.4,6.1,22.1,2.9,-4.5,-1.4,4.4,3.0,-4.5,-3.2,-5.0,-15.0,12.3,-9.6,8.6,8.7,-0.4,-3.3,-1.0,-2.9,5.6,0.4,-10.8,7.8,-10.3,7.1,-3.3,-12.3,5.3,-2.4,-6.2,4.5,-0.1,3.5,-2.1,-9.3,-9.2,24.9,14.9,-3.3,6.1,-9.1,-5.1,-13.9,8.4,0.7,-9.5,6.0,-8.0,-0.1,10.3,-3.9,-0.2,-2.6,9.6,-0.1,-6.3,-7.2,-5.7,-2.4,-4.2,7.1,-9.2,-1.5,-4.0,-3.7,14.4,-4.6,-4.9,-5.2,-5.1,0.7,-1.9
2020-08-28,-14.3,-4.4,9.7,-4.7,6.8,-9.0,-5.8,11.7,-10.1,2.3,19.2,-3.9,-4.8,12.2,-6.9,-2.1,16.5,20.1,-3.2,-5.2,-0.6,-8.1,1.5,-3.0,16.6,-2.0,-5.1,-4.5,-15.8,-10.1,-2.6,-10.9,4.6,0.6,-1.9,-3.1,-15.8,-3.7,-12.9,-7.1,-6.6,7.0,-3.1,-1.4,-6.4,-7.3,-6.6,-5.0,-0.5,-5.5,-8.9,0.4,-6.1,6.3,-1.3,0.1,1.2,-1.8,-3.7,4.8,-7.7,-8.1,-8.7,-4.2,-5.2,-0.4,-1.4,2.0,-3.9,-4.8,8.7,0.0,1.4,12.1,-16.2,-6.7,-7.9,-1.8,-7.7,10.8,4.9,16.5,-5.4,-2.7,-5.6,-0.4,-0.4,-0.1,-10.8,1.0,-0.8,3.4,11.7,10.5,6.4,12.3,1.3,-3.5,-1.6,-4.2,2.0,-7.1,-0.7,-1.6,-6.2,-11.6,-3.7,-0.3,-3.9,-6.0,-0.4,1.9,4.1,1.6,-9.9,1.1,-8.4,-0.4,1.8,9.0,1.7,-2.6,-15.1,2.6,7.4,9.3,6.0,16.0,-4.0,-2.2,5.5,-2.7,-3.8,-4.2,-3.4,-5.7,10.5,-4.0,-7.5,-12.9,7.9,-8.7,-11.9,-3.0,-5.9,-3.0,0.5,-2.7,-2.4,3.9,-3.7,-12.3,13.7,-5.8,1.8,7.3,6.0,-8.8,-3.0,-7.9,-4.7,1.6,-2.7,0.0,-1.8,-0.4,-0.8,-4.6,-4.8,-7.1,-9.6,5.1,-1.8,-2.5,0.7,-8.9,-9.5,1.9,-0.7,-3.7,-3.4,-7.6,-4.7,-3.6,-2.4,-3.0,-6.9,-2.4,-11.8,-3.9,-1.9,7.1,-1.0,-15.2,-1.7,2.5,4.4,-5.3,-3.8,6.1,-0.3,-13.6,-5.4,-1.0,-0.8,1.8,4.2,4.6,-6.6,-1.0,8.8,9.5,2.3,4.3,-1.5,-8.9,0.0,-4.5,-3.7,-0.5,8.0,15.0,13.5,-8.7,6.9,8.8,-6.6,1.2,0.5,3.9,0.3,4.3,-1.6,-0.9,-1.1,1.8,-0.7,2.7,7.3,2.5,13.0,-6.8,-4.2,-4.4,-2.2,3.0,-0.4,9.7,2.5,-13.0,-14.5,-5.7,-12.5,-8.4,3.3,-5.4,-2.7,4.9,-4.9,4.1,7.4,4.8,-12.9,-5.6,5.5,1.2,-1.9,-8.2,8.4,6.9,5.6,-11.6,-0.4,-19.8,1.6,-7.3,2.0,7.2,1.6,1.5,0.9,-5.7,8.7,4.0,6.0,-6.5,-2.3,1.8,-5.3,2.2,4.4,1.4,1.6,0.3,-7.2,0.3,-8.8,8.3,5.8,-2.1,3.4,3.9,2.6,-3.1,6.4,-9.0,1.6,1.3,17.0,2.6,10.7,-7.7,-3.0,-6.9,5.6,13.7,-2.1,2.7,-3.7,-7.8,-4.1,-3.7,0.1,-3.6,-3.0,-9.7,-4.5,4.3,-0.8,13.8,1.2,-3.1,0.6,2.6,-2.8,-4.2,-0.7,-6.2,-6.5,14.7,-4.0,5.2,8.4,0.3,-7.9,-2.7,3.4,-3.3,-2.7,-11.5,3.4,-5.1,8.4,-11.1,-10.8,7.5,-2.0,-3.3,-1.6,1.7,16.7,1.6,-6.8,-5.8,9.9,14.2,-4.8,6.1,-5.3,-4.7,-5.4,-0.7,-7.4,-6.7,4.9,-4.3,-0.4,9.9,-4.1,2.0,-1.2,-0.2,-3.4,-4.7,-5.8,-3.5,1.4,-4.0,3.3,-8.8,4.2,14.1,-3.9,7.9,-2.2,1.3,0.6,14.2,-8.1,-2.5
2020-09-03,-12.0,1.6,-3.6,9.5,-2.0,-4.8,-7.9,10.1,-9.1,1.2,22.2,-4.1,0.6,8.0,-9.7,6.8,2.1,22.7,-0.3,-7.8,-0.6,14.0,7.9,-5.9,0.7,-0.5,-6.9,-2.7,-19.0,5.7,0.1,-7.8,4.5,-2.1,6.8,-5.4,-16.8,-2.2,-2.4,1.5,-2.8,11.1,-4.1,-0.2,-8.5,3.9,-1.6,-5.1,4.4,-3.4,-6.2,7.0,-2.7,15.4,-4.2,3.3,9.6,-1.4,-0.2,1.5,-6.2,-1.1,-10.2,1.8,-0.0,-2.9,-1.7,3.6,-6.3,1.5,11.1,-2.4,4.3,7.0,-12.2,13.6,4.4,5.2,-3.4,-1.4,4.5,14.8,-2.5,2.2,3.2,3.4,-3.8,3.9,-6.5,8.2,-10.9,8.4,20.4,3.5,6.4,12.9,-1.2,-3.9,2.6,-2.5,5.5,4.4,5.2,-2.6,-7.5,-8.6,-3.4,0.2,3.8,-3.5,2.6,0.4,4.8,-1.1,-9.9,14.6,-7.8,0.8,4.1,10.1,-1.3,-8.8,-15.8,6.8,7.4,11.2,10.4,15.9,-0.2,-7.7,-5.0,8.8,-1.6,-2.3,-4.5,-5.1,11.1,-5.2,14.0,-15.7,8.5,-4.8,-18.5,-6.9,-4.5,0.0,-4.1,-2.9,-3.0,6.3,6.4,-11.9,14.2,-8.2,7.6,11.5,7.8,-8.9,-2.5,-9.4,-5.2,4.0,-1.8,1.9,1.2,-1.0,-1.3,-2.8,-3.1,1.7,-10.2,5.4,-13.0,-3.1,1.6,-7.6,-11.5,9.2,5.2,0.7,-0.8,-0.6,-2.6,0.7,10.6,0.7,-2.9,-0.2,-11.4,-0.1,5.8,11.4,6.7,2.3,3.3,6.2,9.8,3.4,9.1,13.7,0.6,-14.7,-2.7,-1.9,1.5,-2.5,-2.0,4.4,2.2,2.7,10.7,13.8,5.3,4.2,0.6,0.8,9.3,0.6,-4.0,0.1,-2.5,2.1,6.0,-3.1,12.9,8.9,2.9,-1.9,2.2,1.7,-2.2,4.4,-1.6,-0.4,1.5,1.3,-0.3,2.3,4.5,2.7,12.2,1.2,-0.6,-3.3,-1.6,3.3,0.5,11.0,10.5,-6.7,-10.3,1.3,-4.0,-2.8,8.0,0.3,4.9,1.1,-0.0,-0.3,7.6,6.0,-12.5,-6.2,4.1,3.9,-1.7,-0.7,-5.3,-4.1,6.5,12.1,-5.5,-14.2,2.9,-1.7,17.1,4.9,3.8,7.1,2.4,-9.9,7.3,8.6,8.8,2.9,-3.2,5.2,-3.9,10.2,5.3,-1.2,2.1,2.4,-5.0,1.4,-4.4,1.3,5.7,15.7,3.0,7.2,6.2,3.4,7.0,9.9,1.4,3.0,-2.4,8.2,14.5,3.0,3.2,-4.9,3.0,11.9,2.7,-0.8,-2.0,-3.0,-1.1,-1.2,1.5,-4.2,-2.4,-0.7,-1.7,2.2,0.2,22.8,0.3,-0.2,0.3,5.9,7.6,-4.7,-1.3,-3.1,-3.7,13.3,0.0,11.0,11.5,0.7,-1.8,3.2,-7.2,3.6,0.3,-10.9,7.0,6.0,10.9,-6.4,-6.0,7.4,1.8,-0.2,2.3,1.6,5.8,1.5,-5.8,-3.6,13.8,21.3,-0.8,7.0,-3.5,-0.8,-7.1,2.7,9.5,-11.7,11.6,-2.9,2.3,11.8,0.4,2.6,-1.5,9.7,15.5,-1.0,-3.4,-3.3,-3.9,-0.9,9.7,-4.5,4.5,-2.4,0.9,9.8,-2.9,2.4,8.7,-2.4,-6.2,-6.7
2020-09-09,-13.0,-4.8,8.2,-4.6,7.8,-11.1,-8.4,10.4,-14.8,2.0,23.7,-0.5,-2.1,10.2,12.0,-0.6,0.5,22.0,-2.4,-10.8,-2.7,9.8,0.9,-4.1,4.3,-4.1,-6.5,-6.1,-15.4,-6.7,-3.3,-10.1,1.6,-1.6,3.7,-2.5,-14.3,-5.7,9.1,-4.7,-7.4,5.9,-5.4,-3.1,-7.4,-13.2,-8.1,-7.9,0.7,-4.5,-11.8,1.4,-4.5,8.8,-2.5,-4.0,0.7,-3.9,-0.9,5.7,-4.0,-3.8,-16.3,3.4,-4.1,1.7,-1.0,4.1,-5.9,-7.2,3.5,-1.6,2.3,10.2,-13.7,-0.4,6.2,4.9,-7.1,8.5,5.1,11.6,-8.8,4.8,-2.9,-1.1,-0.5,2.2,-9.1,-1.1,-1.6,7.5,17.2,8.0,6.7,12.6,3.5,-7.1,-3.4,-2.9,2.5,-6.4,-1.9,-2.7,-4.1,-6.4,-5.3,1.4,-8.5,-10.4,-2.0,-2.2,8.1,-2.7,-9.7,2.6,-6.5,-4.2,2.4,5.2,2.6,-3.9,-16.7,2.0,10.1,15.3,8.9,12.6,-3.9,-10.6,0.8,-8.8,-4.6,-2.8,-5.5,-4.1,11.1,-6.2,16.9,-14.7,7.0,-8.6,-14.3,-2.8,-6.1,-3.0,0.1,-2.2,-6.3,5.1,-8.3,-11.8,14.4,-12.7,12.7,1.9,9.1,-11.1,-3.0,-8.2,-4.0,1.9,-3.2,-0.7,-0.7,-0.9,-0.6,-6.7,-1.7,-0.2,-11.7,-0.0,1.1,-5.8,0.1,-10.0,-9.5,3.1,1.0,-1.0,-9.3,-5.7,-4.2,2.0,1.9,-2.5,-3.8,-2.4,-14.2,9.8,8.9,-2.4,2.3,-6.8,-2.3,1.0,6.7,-8.6,0.6,9.5,-5.2,-16.4,-2.5,-3.1,-6.1,1.3,-2.3,2.3,8.5,-3.9,11.9,10.5,1.0,9.7,-0.9,-7.4,5.0,-7.8,-6.3,-5.4,-0.9,14.9,15.4,-9.0,7.9,9.7,-4.6,1.5,-5.9,1.2,-0.5,5.9,-4.7,-1.2,1.1,4.5,-1.9,5.0,12.2,-15.1,11.9,-7.7,-4.4,-5.8,-1.1,-4.1,-4.9,10.4,7.9,-11.9,-18.7,2.1,-7.7,-6.6,9.2,-1.8,-1.9,2.7,-2.0,5.7,-0.2,3.3,-16.3,-8.8,1.5,2.0,-0.1,-3.3,-11.4,-4.5,4.0,10.1,0.5,-19.8,1.4,-7.0,3.0,8.3,6.4,4.6,0.1,13.5,5.6,3.2,7.1,-5.4,-3.1,-0.4,-9.0,1.7,6.8,-7.8,-1.2,-2.5,-5.9,-0.7,3.9,5.7,6.9,-1.7,6.6,6.8,2.8,-2.0,7.0,-12.8,0.8,2.5,20.1,1.9,13.0,-4.7,-6.6,-9.9,2.6,9.7,-0.4,-1.9,-5.1,-6.9,-2.1,-4.4,0.3,-6.4,-4.3,-4.8,-5.2,10.4,-3.4,15.5,1.6,-0.8,-0.3,3.1,15.8,-5.2,-8.8,-5.6,-6.2,11.7,-7.5,4.3,10.8,1.2,0.1,-1.0,-10.2,-4.9,1.0,-13.9,6.6,0.0,8.9,-9.1,-7.9,2.3,-10.0,-8.4,1.1,0.8,3.4,2.0,-8.6,-6.6,10.6,14.4,-9.6,2.0,-8.9,-7.7,-6.7,-1.0,-5.6,-11.6,4.1,-7.4,-4.0,8.7,-5.3,-10.4,-8.0,3.9,-4.4,-6.1,-7.8,-8.1,-3.6,-3.9,3.9,-10.8,3.6,-9.0,-3.7,3.6,7.5,-3.3,-3.1,-11.1,-11.0,-11.4
2020-09-15,-12.2,0.2,-0.1,6.1,1.3,-4.5,-7.2,8.7,-14.5,0.4,22.3,-9.0,-1.8,11.1,-12.3,4.0,8.7,24.3,-2.1,-4.0,-1.7,5.5,3.7,-1.9,4.8,2.6,-12.2,-6.7,-11.9,-11.4,-2.0,-10.0,6.3,-0.4,-1.7,-5.2,-16.8,-4.7,-9.8,-3.1,-5.1,8.5,-3.7,-1.1,-9.9,-4.5,-4.2,-1.9,1.4,-4.8,-8.7,3.0,-4.5,5.0,-3.6,-2.2,6.4,-1.8,3.7,2.6,-4.7,-5.0,-10.2,-7.3,2.0,-3.6,-2.0,2.1,-5.4,-2.6,10.4,4.7,9.3,9.7,-11.7,18.2,3.1,-1.5,-3.0,-4.9,1.7,14.6,-4.7,0.7,5.8,5.8,0.5,-0.9,-5.6,2.5,-6.6,11.5,14.5,7.0,10.9,12.4,0.3,3.4,-3.7,-1.2,6.2,-10.0,1.9,-5.9,-5.5,-8.3,-2.5,-1.1,-7.2,1.0,1.1,2.1,6.1,0.7,-13.3,-3.1,-7.6,2.8,1.1,1.9,-2.4,-6.6,-16.5,-1.3,11.1,11.5,9.3,10.7,1.6,0.5,-9.6,12.4,-3.9,-2.7,-8.7,-5.0,12.2,-4.2,-10.0,-15.0,12.1,-7.4,-17.8,-2.0,-5.8,-3.2,0.9,-7.0,0.9,6.1,-11.2,-11.8,14.4,-6.5,7.1,9.5,7.1,-9.1,-2.6,-5.9,-5.9,1.9,0.5,-2.3,-0.8,-1.4,-3.4,0.0,0.7,2.5,-9.8,5.5,-10.4,-5.5,0.7,-7.1,-11.8,4.9,-1.8,-3.7,-2.8,0.8,0.2,-5.8,0.7,-0.5,-2.4,2.8,-10.3,-1.3,1.2,5.5,-0.7,-3.9,-1.7,3.6,7.0,-2.4,-0.6,12.5,-1.5,-14.1,-1.1,-1.0,-4.2,-1.5,1.3,-0.6,-4.5,-1.8,8.3,12.3,3.8,2.3,-1.2,-0.9,8.5,-5.3,-4.5,-1.6,1.9,-12.1,10.3,-5.4,11.1,6.3,-1.8,-7.2,4.2,2.9,-1.1,7.4,-2.3,-0.8,2.0,4.5,-2.8,4.4,-0.2,-6.1,13.1,3.2,-5.5,-4.7,-4.5,-2.8,-3.3,9.8,0.2,-8.3,-14.4,0.5,-7.7,-6.0,5.4,-2.2,-2.0,-0.8,6.5,-5.6,6.6,2.9,-16.7,-9.5,1.5,2.7,1.7,1.2,-7.2,-2.8,2.7,11.8,-2.2,-19.5,1.2,-5.5,9.6,5.2,5.0,9.5,1.4,-4.3,9.7,5.7,7.5,-5.7,-5.4,1.4,-7.5,3.1,-0.3,-11.4,7.3,-1.1,-5.0,-0.3,-3.1,8.7,8.2,9.6,6.1,4.4,4.9,10.3,6.8,-5.6,1.4,2.4,14.0,5.2,13.0,-2.1,-2.8,-8.2,-5.1,19.2,-1.8,1.6,-4.5,-6.6,-5.0,-3.5,0.0,-2.3,-3.7,-8.9,-7.6,-0.7,-4.2,11.3,3.1,-5.4,-5.8,4.4,-0.3,-0.8,2.3,-6.6,-6.8,18.5,-5.4,1.6,6.6,3.3,-6.0,0.4,-3.6,-2.2,0.8,-11.6,7.7,-4.6,8.2,-7.8,-12.9,9.0,-2.3,-2.9,0.9,-1.9,18.3,-0.1,-8.0,-7.3,9.5,13.7,-1.8,8.1,-7.0,-5.6,-15.4,1.1,-5.7,-11.3,6.8,-8.8,-6.0,9.2,-3.5,-3.0,-3.2,0.8,-2.0,-6.2,-6.1,-5.4,-3.0,-2.1,5.2,-7.4,7.7,-4.6,-1.1,8.2,-2.9,-6.0,7.8,-3.3,-7.2,-4.8
2020-09-21,-17.3,-3.1,3.1,-4.2,7.7,-7.7,-12.5,11.6,-14.2,1.5,24.2,3.8,-0.1,8.2,10.2,3.1,-6.2,23.8,5.1,-2.4,-1.1,10.3,4.0,-4.0,1.3,-1.2,-10.6,-8.1,-13.5,-5.6,-1.2,-9.5,5.0,-3.8,-3.0,-8.6,-13.3,-6.4,-3.7,-2.6,-3.4,8.8,-1.6,1.7,-7.0,-2.9,-12.1,-6.9,-2.5,-3.8,-5.8,-0.3,-6.2,16.7,-2.8,-2.6,6.2,-1.0,3.0,-1.0,-7.6,-3.2,-7.6,2.8,1.6,6.5,-2.2,-1.4,-8.0,-2.4,13.9,0.5,10.3,5.1,-12.3,9.8,4.9,3.4,-3.3,-5.6,6.6,16.1,-5.3,-0.5,-4.5,2.1,9.2,4.8,-11.0,1.5,3.3,11.4,8.2,7.7,9.0,16.8,-4.0,-2.3,-0.4,-0.8,3.1,-3.1,3.2,4.8,-6.7,-9.8,-5.0,-4.4,-7.2,-8.5,1.6,0.7,7.3,2.0,-2.8,13.9,-7.2,3.0,2.6,5.2,1.0,-5.9,-15.3,3.5,4.8,13.0,11.7,14.6,-2.1,-5.0,-0.6,-6.6,-3.5,-2.6,-5.5,-3.8,12.7,-4.4,-5.8,-11.8,3.7,-8.5,-14.0,6.5,-5.2,-2.2,0.5,-1.4,-9.7,11.5,-2.7,-11.6,15.7,-9.0,16.6,9.8,7.7,-8.1,1.5,-8.9,-4.3,1.8,-0.7,-1.2,0.8,2.0,-2.4,-2.4,-3.0,1.1,-4.8,5.4,-6.4,-4.3,-0.0,-9.2,-12.4,6.0,-0.8,-0.9,-3.3,-0.4,-0.6,-0.9,3.4,-1.1,-3.9,0.7,-13.1,-4.3,10.5,2.3,3.7,-5.5,0.2,5.8,6.9,-6.3,3.9,11.7,-2.0,-15.2,-2.0,-1.8,-3.6,-4.6,2.3,2.1,-6.6,0.1,11.1,10.5,6.2,1.6,-1.1,0.8,3.5,-6.1,-7.3,-3.5,3.4,5.1,13.0,-7.4,12.0,6.1,2.5,-2.9,2.2,-0.2,-3.9,7.5,-6.7,-0.1,1.0,5.7,-1.4,5.0,11.8,-2.0,7.7,3.9,-6.8,-4.5,-4.3,-0.6,-4.2,8.9,1.4,-0.7,-20.8,2.2,-3.1,-6.4,-2.0,-2.0,-4.4,-1.8,1.8,3.6,1.7,3.2,5.4,7.4,-0.0,2.9,0.8,-7.4,-11.4,1.8,6.2,-8.5,-5.1,-16.4,1.5,-4.5,6.9,0.9,2.4,3.6,0.5,-5.9,17.0,4.6,7.2,-9.4,-2.9,3.0,-7.6,2.9,2.3,-2.7,4.5,3.2,-8.5,0.5,-4.0,2.6,3.7,0.2,-2.5,4.2,2.8,6.5,4.5,-6.5,0.8,1.6,15.6,4.6,12.4,-1.6,-1.0,-8.0,-6.6,11.5,-3.3,-3.3,-4.7,2.0,-9.6,-4.4,0.3,-5.2,-2.5,6.6,-1.8,-0.7,1.0,12.6,-0.6,-4.5,0.6,1.4,1.3,-9.2,-4.8,-2.0,-5.6,23.9,-4.1,9.2,10.2,-4.5,-4.5,-3.1,6.7,-4.3,-1.8,-13.8,-0.5,2.0,9.4,-8.5,-10.6,7.6,-0.6,-5.4,-2.8,-0.7,-4.5,1.9,-8.4,-6.4,12.4,15.6,-2.7,3.8,-8.2,-6.4,-9.5,-3.5,-4.1,-2.3,3.7,-7.2,-4.9,9.9,-7.1,8.9,-1.6,1.3,-1.8,-4.3,-6.0,-5.6,1.6,-1.0,13.4,-9.4,5.2,-1.5,-1.4,9.8,-2.6,-0.0,3.4,-1.7,-8.5,-2.0
2020-09-27,-11.7,1.2,7.8,19.3,2.3,-8.0,-6.5,14.2,-9.7,-2.3,21.6,-1.6,-2.1,9.6,-8.7,0.9,0.5,21.3,-1.5,8.7,-1.9,12.1,3.2,-1.5,-0.2,0.5,-6.5,-4.1,-16.7,-10.0,-3.6,-9.2,4.0,-5.9,-2.8,-2.1,-13.3,-7.1,-13.7,-3.9,-1.9,8.6,-0.6,-1.1,-7.0,3.8,-15.7,-3.3,2.0,-2.5,-8.7,-0.8,-2.5,15.7,-3.7,0.5,4.8,-1.4,-5.2,-6.0,-8.1,-2.8,-7.3,0.7,-1.8,6.6,2.3,-4.8,-6.3,-1.7,13.7,3.7,5.7,9.8,-16.5,13.3,8.9,11.5,-0.2,-6.1,4.9,15.6,-3.1,4.1,1.2,2.0,4.7,4.6,-5.8,2.5,0.5,2.2,7.2,5.5,8.7,14.3,1.1,-5.2,-2.6,-1.1,4.2,-4.0,0.1,-6.6,-7.1,-10.7,-2.7,-3.1,-4.7,-1.6,-0.4,3.3,4.1,7.4,-4.5,9.7,-7.2,1.3,2.9,9.1,2.5,-0.8,-16.9,1.1,4.6,7.1,11.8,17.3,-1.5,-7.8,3.3,-5.2,-5.3,-3.6,-5.7,-3.2,8.5,-4.3,-5.9,-14.7,8.3,-9.5,-15.7,-8.5,-6.2,-3.4,1.5,-3.4,0.6,3.2,-3.4,-11.4,11.3,-9.2,12.9,8.9,8.8,-8.3,-3.9,-7.9,-4.0,0.8,-0.8,1.9,1.7,-0.4,-1.4,-2.6,-2.2,1.4,-13.9,3.6,-1.9,-3.6,1.2,-9.3,-10.8,7.4,0.9,5.3,-0.1,-3.4,-1.2,-3.2,3.0,-0.2,-2.2,0.6,-13.4,0.3,5.0,3.2,8.6,-14.1,-3.1,5.2,8.8,-2.2,3.3,8.2,-1.1,-18.0,-2.1,-1.3,-4.3,0.2,5.7,3.0,-5.8,-3.7,10.8,10.4,5.3,2.4,0.2,9.1,1.1,-3.9,-5.5,3.0,1.6,3.1,9.9,-9.0,12.2,6.1,4.0,-11.6,16.6,-6.2,-2.9,7.5,-3.6,-0.7,0.7,9.8,1.5,5.9,13.9,-1.8,9.2,-5.0,-3.7,-1.1,2.3,-0.6,-1.1,8.2,0.6,-8.5,-9.2,6.8,-12.5,-2.0,6.9,-1.7,5.0,14.4,1.8,8.5,-2.5,-4.3,-10.3,-5.9,5.6,6.0,7.5,-2.9,-6.4,-1.2,16.9,-7.0,-3.9,-23.4,2.9,-4.6,-6.2,0.8,-7.2,9.8,0.9,3.1,7.7,4.3,9.7,-0.2,-5.2,3.3,-7.1,7.5,5.4,-3.5,2.2,-4.7,-4.6,-2.4,-4.3,0.4,1.4,15.4,1.0,-0.3,1.9,7.0,5.5,0.0,-1.8,0.2,4.4,3.4,12.9,0.9,-0.8,-8.1,-2.0,11.3,-1.1,-5.9,-4.3,-2.4,-3.1,-4.2,-2.4,-6.8,-5.4,11.6,-9.0,-2.1,-4.7,19.5,-2.6,-7.1,-3.9,4.2,3.1,-3.5,-4.8,-3.7,-6.9,9.1,-3.4,7.1,6.2,-5.5,-9.0,0.1,-6.6,-2.2,-2.0,-11.8,4.1,-4.5,13.5,-6.9,-9.1,14.8,-0.5,0.4,-3.2,2.0,2.9,-1.8,-7.9,-6.5,12.6,15.5,-2.6,6.8,-11.8,-7.2,-8.4,-3.7,3.9,4.5,7.5,-8.0,1.3,8.5,-6.4,-8.6,0.0,-3.4,8.6,-6.8,-6.7,-6.1,-7.5,-1.4,-2.5,-9.3,5.6,-1.3,1.9,15.7,-4.0,-2.0,-2.2,-0.8,-5.2,-8.4
2020-10-03,-9.2,3.1,0.3,4.7,-0.7,-5.3,-5.8,3.8,-6.0,1.6,21.0,-15.7,0.2,7.5,-7.2,2.2,-0.3,22.7,0.8,-4.9,-1.6,-2.2,3.9,-7.3,4.6,-0.2,-8.2,-3.7,-7.3,1.2,-1.5,-6.9,2.9,-6.3,-1.6,-8.1,-19.1,-6.3,3.7,-2.4,-4.1,9.2,-2.8,-4.1,-7.3,-5.6,-14.3,-4.2,1.5,-2.2,-3.9,-0.2,-3.0,1.7,-1.5,-0.7,10.4,-1.5,7.5,0.7,-3.3,1.3,-5.5,0.7,-6.6,3.7,3.7,-0.8,-5.9,-2.4,15.2,0.3,-4.4,9.9,-12.2,-2.8,-2.3,0.4,-9.0,-2.4,4.7,8.7,-4.6,-0.5,-0.6,3.9,8.7,-1.0,-5.1,1.4,1.5,-5.7,14.5,6.6,10.6,17.5,-1.2,4.6,-0.7,-3.9,2.6,-1.5,6.1,-1.3,-7.2,-13.1,-4.9,2.2,0.9,-7.7,0.3,1.3,7.1,-5.0,-4.3,10.4,-6.5,3.2,1.1,3.6,2.0,-2.5,-14.3,-0.1,8.8,11.6,14.3,19.0,0.9,-4.0,-0.7,3.8,-2.8,-2.7,-7.4,-4.5,10.5,-3.4,0.5,-9.7,10.8,-4.9,-5.3,-0.3,-5.4,-2.7,1.0,4.1,-11.0,-7.8,1.1,-12.0,14.3,-3.9,2.0,14.1,6.6,-10.7,-0.3,-8.5,-5.7,1.9,0.5,0.5,2.3,3.1,2.7,-5.3,-2.9,0.4,-7.8,7.5,-15.1,-4.3,-0.7,-8.3,-14.2,7.5,1.4,-2.0,-0.4,1.1,-2.4,3.6,5.5,-0.3,-5.2,-0.1,-10.7,-1.4,4.6,7.1,1.8,-12.7,8.5,7.5,9.8,-4.9,8.1,14.2,0.1,-19.5,0.2,-3.5,-6.1,13.0,5.4,1.7,-3.3,2.7,11.8,13.4,2.2,3.1,1.0,5.0,7.3,-3.7,-1.7,-4.6,3.9,-9.8,13.2,-4.2,13.7,5.6,-5.0,-10.9,11.7,-4.6,-2.2,6.3,0.4,0.6,0.7,6.7,-0.6,1.9,10.4,5.1,16.3,-3.9,-3.7,-3.4,-7.2,2.9,6.9,8.8,4.8,-7.6,-8.3,1.9,-12.0,-5.3,2.7,-3.5,1.5,3.1,-0.9,4.1,7.2,6.1,-8.6,-6.3,3.7,4.8,2.7,-0.7,-6.9,-3.0,9.3,-4.7,1.9,-22.4,2.5,-5.6,5.7,5.7,-2.5,3.9,2.1,-3.0,12.0,5.5,3.6,-0.6,-3.5,3.5,-7.4,-0.9,5.9,-3.0,1.4,1.8,-5.0,-0.7,-2.6,-3.1,5.5,6.3,4.0,4.3,3.9,2.2,4.3,-4.3,1.4,-1.4,12.1,5.0,15.4,-1.9,-0.8,-7.1,1.8,7.6,-2.4,-0.6,-2.3,0.1,-2.2,-2.8,-2.0,-5.6,-2.8,-10.1,-9.1,-0.6,4.4,10.1,2.5,-5.5,-0.0,7.0,10.6,-2.0,-0.0,-1.2,-4.5,10.9,-0.2,15.5,9.0,2.6,-6.4,3.7,-5.5,8.9,-9.7,-11.6,3.4,-3.7,10.8,-5.0,-9.0,4.2,-5.5,-4.7,17.2,-1.1,3.3,-1.4,-6.0,-3.7,16.1,16.7,-4.3,6.1,-8.0,-4.1,-10.3,-2.2,5.0,-13.1,7.3,-7.1,4.5,9.6,-5.1,3.1,3.9,6.9,13.6,-4.7,-3.3,-2.4,-2.8,-2.6,0.9,-4.2,6.7,1.7,-1.2,0.2,-1.3,-5.8,-11.3,-0.7,6.0,5.2
2020-10-09,-14.4,-4.3,3.0,-6.5,8.2,8.7,-7.4,10.1,-14.1,2.3,19.0,-1.7,-3.9,12.0,-10.6,3.3,-1.4,20.1,-2.7,-4.7,-6.7,-8.2,5.9,-2.3,5.1,-2.4,-8.9,-3.6,-17.5,-7.7,-5.1,-8.7,5.1,-5.3,-2.3,-5.9,-16.4,-6.2,-8.2,-5.3,-5.0,9.6,-1.7,-7.9,-9.2,-8.5,-1.4,-6.5,0.1,-5.6,-8.2,-0.6,-2.4,15.0,-2.8,-0.7,-1.9,-2.6,0.3,-3.8,-14.1,1.4,-7.8,-4.2,6.0,3.9,-3.6,-6.9,-6.4,-2.3,13.7,-2.1,9.2,-0.0,9.3,4.6,-8.6,-4.1,-5.2,14.1,6.4,13.5,-8.8,3.8,1.7,0.9,3.6,0.0,-9.2,0.3,-2.9,12.2,12.0,6.9,4.9,26.8,-3.4,-7.5,-3.8,0.8,0.4,-1.7,-1.0,-6.2,-6.3,-9.0,-3.6,2.6,-4.6,-4.8,-1.4,4.5,3.9,2.2,-5.9,8.4,-8.1,2.9,1.2,2.7,3.3,2.5,-15.0,0.9,5.3,4.6,7.3,24.1,-3.2,-10.9,1.6,-5.2,-5.4,-4.4,-1.1,-5.7,9.2,-3.5,3.6,-14.0,6.5,-8.8,-19.6,-7.1,-9.2,-4.8,1.1,-6.3,1.1,-0.0,-6.2,-12.0,11.7,-7.4,0.7,7.0,11.1,-7.6,-3.1,-10.5,-5.1,0.9,-0.7,-0.8,-1.3,-4.1,-6.6,1.1,-1.3,1.3,-16.1,2.7,4.1,-4.1,1.2,-8.8,-10.0,3.1,-1.3,-6.7,-2.6,0.8,-5.9,-2.3,0.6,0.4,-2.9,-0.7,-12.5,-5.3,-0.5,-1.1,-4.0,-17.9,-8.1,0.7,4.7,-4.4,1.4,7.9,-2.6,-17.2,-7.8,-7.7,-8.4,2.3,-2.4,0.5,-10.7,-5.1,8.0,9.0,-1.3,-6.3,-1.0,-3.1,1.7,-6.8,-5.5,-7.4,-1.9,0.6,9.6,-8.1,6.8,9.0,-3.3,-11.1,12.7,-4.3,-2.6,1.7,-0.3,-2.4,-1.2,3.5,0.8,4.2,5.2,-12.8,7.0,-7.2,-5.5,-4.2,-2.7,-3.9,-0.8,3.4,3.9,-8.5,-9.3,4.1,-10.6,-6.7,-4.2,1.0,-1.1,0.1,1.0,2.9,-0.9,2.3,-10.8,-6.8,0.1,4.1,7.4,-9.3,-13.3,-1.6,1.4,-5.1,-2.1,-19.6,1.3,-3.4,-0.0,0.9,0.3,2.1,-0.6,-8.5,9.9,2.9,4.1,-4.5,-5.8,1.9,-7.4,5.4,5.4,-5.9,2.0,-3.4,-5.9,-3.6,-5.6,-7.2,-1.3,-4.4,-1.1,1.2,-0.3,-0.7,4.7,-11.2,2.1,2.7,16.5,2.6,8.5,-2.9,-1.7,-9.2,-1.3,7.6,-3.6,-7.8,-4.9,-8.6,-1.5,-4.4,-4.0,-10.5,0.9,16.4,-6.6,1.1,7.3,12.8,-0.8,-5.6,-2.9,5.4,15.2,-5.8,0.1,-5.8,-10.6,6.7,-2.8,6.9,9.7,-2.6,-7.6,8.0,-8.6,-0.7,3.1,-11.7,1.5,-6.8,8.9,-11.2,-8.5,4.2,0.0,-5.5,2.4,-2.4,1.8,-3.4,-6.7,-6.0,9.3,15.6,-5.8,4.6,-9.9,-5.4,-8.5,2.3,2.6,-17.6,3.4,12.5,2.6,8.9,-4.8,-3.5,-1.6,6.1,2.8,-4.4,-6.0,-9.9,-3.7,-1.2,6.4,-7.5,2.4,-2.1,-2.5,5.9,-3.9,-3.4,0.6,-1.8,-14.6,-9.8
2020-10-15,-9.7,3.6,10.6,9.1,4.6,-2.4,-4.9,0.7,-0.8,4.3,22.1,-8.5,1.4,11.9,-4.2,5.4,4.2,23.6,2.3,-5.9,2.2,11.6,9.1,-3.9,3.2,1.3,-10.5,-4.6,-6.8,-0.7,-0.7,-7.4,8.8,-1.5,0.8,-11.6,-11.3,-2.1,-7.0,-6.6,-4.9,9.2,-6.3,-3.9,-5.1,7.2,-1.3,-1.1,1.4,-3.0,-2.6,2.5,-0.6,8.7,-5.7,-0.9,9.2,-1.8,3.4,2.9,-1.5,1.1,-8.2,-4.6,9.6,-0.5,2.2,4.2,-4.6,1.3,11.9,13.3,9.6,12.4,-13.1,16.4,6.0,0.4,0.6,-1.0,1.5,12.4,-0.5,-0.6,-0.5,3.4,6.0,-2.7,-7.9,5.2,2.3,12.7,3.7,10.2,3.8,13.9,-3.9,-3.0,0.1,-0.1,9.4,-10.4,7.6,-2.6,-6.6,-9.1,-1.1,5.2,-5.8,0.1,2.5,15.6,8.6,-2.7,-6.7,8.3,-4.9,4.4,0.6,0.7,-2.1,-3.8,-3.4,1.8,10.2,12.3,7.2,18.7,2.7,-4.7,1.7,-2.3,-3.9,-3.0,-6.7,-1.5,9.7,-2.9,0.3,-2.6,12.3,-4.0,-16.1,1.2,-3.9,-1.4,0.5,1.8,-5.5,2.7,-1.7,-11.7,13.5,-4.2,3.7,2.1,5.5,-7.4,-1.6,-1.7,-5.6,3.1,-0.3,0.5,1.9,5.8,8.0,-3.5,0.8,6.4,-7.2,7.8,-2.9,-4.3,-0.0,-8.8,-10.0,8.2,1.6,-2.3,4.3,2.5,3.8,7.4,6.0,-2.8,-3.4,5.0,-11.6,0.3,5.1,3.4,7.2,-21.4,-2.6,7.7,10.5,-1.9,6.4,13.3,-2.9,-15.5,2.3,1.5,2.8,2.6,3.1,2.5,-14.7,2.1,11.1,13.6,5.3,1.7,-0.2,-1.0,6.8,-0.2,-0.1,2.0,4.2,-8.0,5.4,-1.2,12.4,6.2,-0.6,-13.5,5.2,6.5,3.1,6.2,3.5,1.5,-1.9,4.7,-0.1,6.5,10.3,1.0,6.2,-3.9,-3.4,-1.8,1.5,2.0,2.9,13.8,4.2,-7.7,-9.4,9.5,-5.2,-1.9,6.3,-0.8,2.1,1.8,-2.2,4.0,9.7,6.9,-6.8,-4.1,4.5,8.9,14.5,-5.7,-2.8,-4.5,8.6,1.9,-0.6,-12.0,4.0,-3.9,0.9,1.1,-1.8,3.9,2.2,-4.8,13.2,6.3,5.2,0.6,-3.1,5.1,-3.5,5.8,9.3,-6.2,-0.2,-1.6,0.8,-0.7,1.6,-4.8,1.1,1.2,0.5,1.5,1.9,1.8,5.2,-5.2,0.7,5.2,14.7,6.2,12.0,3.4,1.2,-5.1,2.1,25.8,0.9,4.4,-2.0,2.6,-0.8,-2.0,-2.2,-6.4,-1.6,-3.8,-5.7,0.7,-0.5,19.5,-0.5,-1.0,-2.5,4.8,12.1,-2.2,4.6,-1.5,-6.7,9.6,-1.4,13.9,9.5,1.0,-10.2,3.1,-7.2,9.1,-1.4,-12.0,5.4,-3.1,11.4,-4.7,-8.7,5.8,0.9,-1.5,6.7,0.7,4.6,0.9,-3.0,-4.9,18.8,20.1,-0.1,5.5,-6.0,-2.4,-2.9,6.4,6.6,-10.8,10.2,-4.8,4.3,10.7,-3.9,-0.7,1.5,10.6,9.0,-3.8,-4.1,-3.5,-3.0,-1.0,0.6,-6.2,2.1,-0.6,1.5,0.2,-0.3,-1.0,1.1,-0.2,-14.6,-0.2
2020-10-21,-9.3,0.8,-0.2,-7.2,2.9,-4.8,-6.3,7.7,-6.7,0.0,23.2,-16.3,-3.4,8.9,-7.8,-1.8,8.1,22.0,-1.6,-5.3,0.3,3.8,13.3,-4.8,-3.4,-3.6,-10.5,-6.4,-9.8,11.1,-1.3,-10.4,1.1,-2.3,-0.4,-5.5,-13.3,-10.1,-14.1,-4.1,-8.6,8.9,-2.8,-4.6,-7.5,-8.4,-10.6,-3.0,-2.3,-1.9,-6.8,-0.3,-4.5,13.7,-3.7,-5.5,5.9,-2.9,14.0,4.0,-7.0,-4.4,-8.2,-2.6,-3.2,-3.1,-1.3,0.9,-2.6,-7.8,12.5,-2.5,0.2,12.0,-11.8,3.8,1.9,-0.5,-4.6,-6.7,0.4,9.5,-6.2,1.9,1.2,2.9,6.1,2.7,-9.5,-0.8,-0.7,3.0,9.8,5.4,4.1,15.4,-0.2,-5.2,-0.2,-2.7,2.7,0.8,0.6,-13.3,-9.0,-10.5,-4.0,0.4,6.2,-6.8,-2.8,-1.9,8.3,-11.1,-3.8,10.3,-6.3,4.9,1.1,2.8,1.9,-1.8,-15.7,0.9,5.9,9.7,18.7,18.7,-0.5,-3.0,0.6,-1.3,-3.5,-2.4,-10.5,-4.5,7.7,-5.4,-0.3,-7.3,8.7,-8.7,-15.0,-7.2,-6.4,-4.0,0.3,-5.5,1.5,3.4,-2.2,-12.2,12.6,-6.0,0.5,-0.8,9.1,-8.6,-5.1,-7.8,-4.9,2.1,0.1,-1.5,-0.2,0.0,1.0,0.3,-1.0,-0.3,-12.0,2.9,-8.1,-4.6,-0.0,-7.9,-10.8,5.8,-0.8,-5.0,-3.1,0.6,-1.3,3.0,4.1,-5.3,-4.3,0.7,-13.0,-3.5,2.8,0.9,-3.4,-9.5,-9.7,7.6,5.8,-4.1,1.7,5.9,-0.5,-18.6,0.9,0.2,4.7,14.1,2.1,4.2,-4.3,-1.7,11.8,9.5,0.6,1.3,-0.4,1.4,1.9,-6.0,-8.5,-3.5,-2.6,-2.5,10.9,-6.7,8.2,6.6,-7.2,-12.5,-0.0,-5.0,0.2,5.7,-2.6,0.1,1.9,2.9,1.4,5.3,7.0,-9.3,5.7,-7.4,-6.0,-2.0,-2.7,-0.7,1.9,13.8,1.8,-8.5,-10.1,5.0,-8.7,-4.1,6.6,-2.1,-0.2,-3.7,-5.1,-3.1,3.9,3.2,-12.0,-5.1,3.0,5.2,9.1,-6.5,-10.0,-3.0,-8.2,11.7,-2.4,-18.0,2.0,-6.1,-1.4,1.8,-2.6,-0.8,0.6,-8.3,9.3,4.4,6.4,-3.0,-7.3,3.5,-5.8,3.8,-1.9,-4.6,4.7,-1.2,-4.9,-0.9,-1.2,2.3,5.1,-2.7,12.2,2.7,0.6,-1.6,13.0,-5.6,2.0,-4.5,12.2,4.3,13.5,-0.0,-0.0,-6.6,-1.5,13.7,0.1,13.2,-4.0,-2.9,0.3,-3.4,-1.8,-3.8,-3.8,-2.5,-6.6,-0.8,4.3,13.2,-1.5,-4.7,-5.4,2.8,10.6,-0.8,14.4,-3.2,-7.6,10.5,5.1,7.9,15.1,-2.0,-7.0,-1.4,-4.8,-4.7,-1.4,-10.3,3.3,-5.4,9.5,-4.4,-6.1,10.0,-2.0,-3.6,-0.8,1.9,2.1,-1.4,-4.0,-3.5,15.0,27.3,-8.2,13.1,-10.0,-5.5,-9.2,3.3,1.7,-12.1,7.0,-8.0,1.9,11.1,-0.8,-3.4,-3.1,5.9,4.0,-6.1,-6.4,-5.1,-1.4,-0.6,22.1,-7.8,1.4,-1.9,-3.3,-2.6,-5.0,-5.9,-3.3,-5.3,7.4,-4.8
2020-10-27,-7.5,2.9,10.1,6.6,0.8,-3.1,-4.9,12.4,-12.2,2.2,23.0,-3.2,-2.9,4.7,-2.9,2.7,0.3,23.4,0.4,-5.8,8.0,15.8,-4.8,-4.3,2.2,-2.4,-7.5,-5.2,-6.6,7.6,1.5,-7.2,6.7,-2.8,0.8,-7.1,-16.5,-11.4,4.1,-1.8,-6.8,8.4,-7.7,-5.8,-7.3,-7.8,-14.5,-8.0,2.4,-2.1,-10.4,-2.9,-2.7,10.1,-4.7,3.9,4.2,-3.2,0.5,1.4,-4.2,0.5,-5.4,-1.9,4.5,-1.8,3.5,-2.2,-4.1,-4.0,13.5,-3.4,-4.9,11.6,-7.6,7.0,1.9,1.8,-1.9,-4.9,3.4,10.4,-1.4,3.9,-0.2,3.6,1.0,1.9,-7.1,4.3,1.6,-3.2,11.6,10.6,2.7,13.9,1.4,-1.0,-0.8,-2.4,5.0,4.2,3.2,-0.5,-4.9,-8.5,-3.9,3.2,-1.4,-0.2,1.1,4.4,5.2,-6.3,0.6,9.4,-7.2,-4.1,2.6,6.3,1.5,-3.0,-13.5,5.2,9.2,12.2,-2.2,19.0,0.3,-3.5,-1.1,0.8,-3.5,-2.5,-6.4,-1.1,11.0,-2.1,-8.4,-11.0,12.1,-3.2,-17.8,-2.6,-3.6,-1.9,-1.1,-2.7,0.4,4.9,1.6,-11.7,13.7,-3.5,6.3,7.1,8.2,-7.9,-1.5,-6.0,-4.6,2.9,-1.4,0.8,0.9,-0.7,0.7,-0.1,1.9,5.4,-9.5,7.5,-5.1,-5.9,0.5,-9.0,-11.6,7.4,1.7,-3.6,0.8,-0.6,3.2,-2.0,3.4,-0.6,-4.2,3.4,-11.8,-0.8,4.4,8.3,4.0,-5.9,-1.7,6.6,8.9,-5.7,3.1,6.1,0.2,-16.1,-3.7,3.1,-2.9,4.4,2.2,4.2,-11.1,0.1,10.3,10.9,1.7,2.8,0.4,1.6,6.1,-1.9,5.8,3.0,-0.2,-5.7,5.3,-2.6,10.5,7.3,-2.3,-13.5,8.8,-9.7,-2.2,-7.1,10.2,-0.6,-3.8,-3.7,-0.6,8.3,9.9,-1.3,12.7,-4.1,-4.6,-2.6,-0.4,4.2,5.7,11.2,4.2,-7.3,-7.0,5.0,-11.1,-1.7,1.1,1.1,-2.9,1.1,1.3,-0.4,5.8,6.4,-6.3,-3.3,4.4,6.1,8.9,-7.6,-7.3,-3.8,-5.9,-1.2,-0.7,-21.9,3.9,-5.3,3.0,1.1,-0.6,4.8,1.8,2.2,4.3,5.1,7.0,-2.8,-6.6,0.5,-6.3,2.6,0.6,6.0,10.3,-7.0,-1.0,-0.5,-1.2,1.6,2.4,3.7,0.4,2.6,2.0,3.5,6.3,-0.5,0.8,5.4,15.5,6.2,13.1,1.0,1.5,-8.0,-2.8,15.2,7.8,-3.9,-2.9,-1.4,-2.1,-2.7,-2.5,-4.8,0.5,-1.1,-6.5,2.1,-0.6,11.0,-2.2,-4.9,-6.4,1.9,7.2,-13.3,-5.9,-2.7,-7.2,10.7,8.7,18.1,11.5,-1.2,-6.1,-3.4,-10.1,2.1,1.1,-9.9,6.6,-3.1,8.8,-10.4,-8.5,2.5,-14.0,-6.6,2.0,2.5,6.1,0.9,-6.0,-5.4,14.7,9.5,-1.8,6.4,-8.0,-4.3,-3.1,1.2,7.0,-12.3,7.3,-3.2,2.0,11.5,-2.6,2.1,1.8,8.9,10.1,-4.7,-5.4,-2.4,-4.5,-1.7,1.6,-6.2,-0.8,-2.5,-1.0,8.8,-4.0,-3.2,-2.9,-3.4,2.8,-2.4
2020-11-02,-12.2,6.0,9.8,11.0,0.2,-5.6,-8.0,6.7,-9.7,3.0,22.6,-4.8,-5.8,5.9,-9.2,13.5,0.7,24.0,-0.8,-5.0,-2.8,1.2,12.5,-6.2,-10.1,-6.6,-7.6,-3.2,-4.1,1.0,-1.3,-10.1,2.9,-1.2,-0.5,-7.2,-17.6,3.4,4.6,-3.5,-5.4,8.6,-2.6,-0.9,-7.0,-10.6,-15.3,6.6,3.5,-2.4,-13.3,-0.2,-2.2,-1.1,-4.0,12.5,5.2,-4.7,0.1,4.1,-7.9,-3.1,-6.4,-6.2,1.8,-3.4,1.1,-3.1,-1.0,-3.5,14.2,-8.2,18.8,11.3,-10.3,7.5,-1.5,0.0,-3.2,-5.8,1.3,12.7,-5.1,5.3,-0.7,0.9,-1.5,12.8,-5.9,-0.2,1.3,-5.1,0.1,9.4,11.0,13.9,4.6,-0.3,2.6,-0.9,7.1,4.1,4.0,-2.0,-1.2,-8.3,-3.3,-1.0,-1.7,-5.8,2.2,3.7,5.3,-4.6,-4.1,-0.9,-7.3,4.0,4.5,19.5,2.8,-4.7,-14.9,1.5,8.7,6.7,17.1,18.3,0.4,-3.6,1.7,-6.0,-3.9,-3.4,-11.4,-0.6,9.1,-4.2,-2.0,-5.7,8.8,-3.8,-16.2,3.8,-4.5,-1.6,1.7,-3.0,10.9,1.9,-3.7,-13.1,12.8,-8.0,5.6,0.6,2.0,-4.3,-0.2,-6.4,-5.1,1.9,-0.9,-0.2,-1.3,-1.7,-2.7,-2.6,2.9,4.0,-8.9,-0.2,-4.6,-7.1,2.1,-8.2,-9.1,7.1,0.7,0.9,3.4,-5.3,0.7,2.9,8.5,-0.0,-4.4,-1.8,-9.7,-2.6,3.0,1.2,10.7,-3.3,-7.9,3.4,8.8,-8.8,9.0,14.7,-0.0,-11.6,-1.7,1.0,1.4,-1.0,8.5,3.4,2.9,1.8,7.8,14.5,4.4,4.8,1.3,1.0,8.6,-0.4,-1.3,-2.1,-0.6,-7.8,8.9,-4.9,8.9,11.2,0.4,-9.0,3.7,0.7,-1.0,-2.2,8.9,1.6,0.8,-4.9,-0.1,4.7,8.1,5.6,8.8,-3.8,-5.6,-1.5,-0.1,0.2,-1.2,14.9,8.5,-7.6,-7.3,8.9,2.2,0.6,3.0,-9.2,0.7,4.8,1.9,3.2,7.8,6.5,-8.0,-3.0,6.1,7.2,6.6,-8.8,-3.9,1.6,3.1,1.3,2.0,-16.4,4.9,-7.4,5.7,2.3,1.8,1.5,3.4,-6.0,2.5,6.3,17.9,-1.7,-2.4,1.6,-2.8,3.9,4.2,1.5,9.3,1.0,-5.9,-5.6,-0.7,9.6,3.8,5.2,2.1,3.3,4.1,6.5,8.2,-1.7,2.5,2.1,15.1,9.4,17.4,0.6,-0.0,-4.6,3.3,20.2,3.0,-3.8,-1.4,-0.8,-1.0,-1.5,-7.7,-4.5,1.2,-0.3,-5.3,1.3,5.5,14.9,1.0,1.8,-0.5,1.9,-0.0,6.9,-10.6,2.1,-16.8,9.6,3.8,9.5,11.7,3.1,5.1,-12.3,-7.1,-0.5,8.4,-9.7,4.9,0.6,11.4,-16.8,-11.3,6.5,-9.4,-8.6,6.7,1.3,6.8,2.8,-6.3,-6.7,6.0,14.6,-1.5,7.0,-8.9,-6.2,-5.3,2.5,8.8,-5.2,9.1,-5.3,5.3,9.0,-0.5,-8.9,0.8,5.0,13.2,-2.1,-3.0,-2.3,-4.5,1.1,9.1,-5.5,-1.4,0.7,3.0,6.9,-0.2,-6.7,-1.0,-0.3,3.5,-0.8
2020-11-08,-12.2,3.1,3.0,11.6,2.0,-9.3,10.8,7.1,-8.7,-2.0,22.2,-9.2,-3.0,6.0,7.3,0.1,-3.6,23.1,-3.1,-3.9,-2.0,-5.8,-3.5,-8.5,16.1,-4.8,-10.9,-2.9,-17.3,-10.7,-1.2,-9.2,2.7,-3.8,-0.8,-4.3,-17.2,-4.3,-7.7,-5.9,-6.4,8.7,-3.5,-7.9,-6.6,-10.8,-2.6,-4.8,0.3,-3.5,-5.2,-0.8,-4.3,-5.0,-3.5,-1.6,5.8,-1.6,-3.8,-1.7,-6.2,-3.5,-10.0,-9.5,3.7,-10.8,4.5,0.7,-2.5,-4.6,15.2,-3.8,1.1,11.5,-12.7,5.3,0.2,-2.9,-3.7,-4.2,14.8,17.5,-1.8,5.7,-2.1,-1.1,8.8,-0.3,-7.9,1.3,-0.8,3.7,9.8,7.1,4.3,-0.5,2.9,-4.7,1.6,-3.4,4.5,3.0,0.7,-1.9,-3.9,-6.1,-6.6,-2.2,1.2,-5.2,-3.5,0.1,4.4,-5.3,-8.4,8.9,-9.5,2.1,2.1,1.8,2.3,-2.2,-15.5,0.6,5.6,8.2,7.0,9.9,-1.7,-7.4,3.6,-4.2,-4.7,-3.3,-5.8,-4.7,9.5,-4.2,5.3,-15.8,6.3,-11.7,-16.3,-7.5,-6.0,-2.3,2.9,-4.5,-6.4,5.0,-3.6,-12.1,12.8,-5.4,4.4,8.7,5.9,-8.4,-5.2,-8.3,-5.4,1.8,0.8,0.2,0.3,-1.6,1.1,-3.3,-5.8,-0.6,-12.9,4.2,-1.7,-5.6,1.0,-8.4,-10.9,3.8,1.5,2.3,0.5,4.7,-3.3,0.9,1.7,-3.1,-3.0,-1.4,-10.5,-3.6,1.2,3.2,1.4,-18.8,-0.5,2.1,7.7,-6.7,0.5,5.2,0.8,-15.8,-5.3,-0.9,-4.1,-2.1,1.2,2.6,11.8,-1.9,9.6,9.7,0.1,-0.5,-1.5,-0.4,0.5,-5.4,-3.0,-4.8,0.7,-7.8,13.0,-8.8,7.0,3.2,-4.0,-14.7,2.2,-5.6,-2.6,-3.4,-7.3,-1.1,-0.7,-4.7,2.9,3.8,5.8,-10.2,8.6,-7.9,-7.5,-1.0,-1.1,0.1,1.0,-0.7,1.3,-11.1,-11.1,5.7,-7.4,-7.2,3.0,-2.9,-1.8,-2.1,-8.9,1.1,-5.4,18.4,-10.1,-8.8,1.7,6.9,11.0,-8.2,-9.7,0.7,4.0,-0.6,-2.0,-20.4,1.2,-6.1,0.3,-3.0,-0.7,3.1,0.3,-1.4,9.4,4.5,6.5,-4.8,-5.7,1.5,-6.9,0.4,2.5,-2.1,10.0,-6.9,-10.3,-2.8,-5.9,2.3,-2.0,-4.6,-7.2,1.3,0.1,0.3,7.7,-1.8,-2.3,-2.1,11.0,4.1,11.9,16.2,-1.6,-8.0,-4.5,14.4,1.8,-8.9,-4.8,-2.5,-6.5,-4.9,-4.0,-7.1,-2.9,15.5,-8.4,-5.3,1.8,11.5,-4.7,-6.1,-7.2,-0.8,2.9,-6.1,-11.8,-4.6,-7.9,6.6,-3.3,6.0,8.1,-7.9,-10.2,-7.5,-5.3,16.9,4.8,-12.0,-0.5,-1.9,9.1,-6.2,-10.7,-3.9,-2.7,-9.2,3.4,1.7,3.4,1.5,-6.3,-6.9,8.2,13.8,-0.9,1.2,-8.2,-3.2,-6.3,-0.1,2.0,-0.8,6.1,-5.6,-1.1,6.4,-0.8,-7.8,-2.3,7.5,-2.3,-5.3,-7.9,-7.1,-5.9,-5.0,4.7,-9.4,-2.5,-3.2,-1.9,7.1,-5.3,-7.5,-0.8,-4.3,-4.9,-6.2
2020-11-14,-9.1,5.0,6.1,5.1,-0.6,-4.2,-6.6,12.5,-15.0,0.0,20.9,-8.5,2.1,5.0,-3.0,-2.4,1.2,20.7,-3.1,-3.3,2.4,-7.7,3.1,-1.9,3.5,-5.6,-14.2,-3.4,-7.9,-13.1,0.6,-9.5,4.1,-0.2,0.5,-7.4,-16.2,-6.9,-11.5,-4.1,-4.3,10.1,-6.1,-4.2,-8.1,-16.6,-7.8,-5.3,1.3,-0.8,-4.2,1.6,-2.9,0.3,-4.5,0.0,6.6,-1.2,-2.1,4.9,-4.3,-0.4,-9.4,-5.9,0.4,-0.2,4.5,0.5,-3.6,-9.7,13.2,-8.3,19.1,12.4,-9.0,3.0,-0.1,1.9,-2.3,-3.6,6.3,16.3,-0.2,4.1,-1.2,4.9,9.4,5.6,-6.1,-2.3,-0.1,19.5,11.4,9.6,5.6,11.6,1.6,-4.6,-1.3,-2.2,7.3,2.7,3.3,2.3,-6.9,-8.9,-2.3,-1.3,3.9,0.6,0.7,7.1,12.1,-2.9,-1.0,14.1,-6.5,0.3,3.4,6.1,0.9,-3.3,-16.4,1.2,5.7,9.2,9.1,17.4,0.8,-6.1,5.5,-1.9,-2.9,-0.4,-2.5,-2.8,12.3,-2.5,1.2,-11.3,7.1,-2.4,-14.3,-5.5,-4.0,-0.3,3.7,0.2,-1.9,6.1,-0.9,-10.0,13.2,-5.3,1.3,4.3,5.4,-7.0,-2.4,-5.1,-3.7,4.9,2.7,3.1,3.7,1.4,2.5,-3.3,-2.3,5.4,-4.2,7.6,-3.0,-5.1,0.7,-5.0,-10.1,8.6,6.4,0.5,3.0,1.2,2.9,6.4,2.7,-0.6,-2.7,3.8,-5.3,-1.2,5.5,4.5,6.5,-8.2,7.2,5.3,11.3,-1.2,4.0,12.6,1.8,-17.6,2.1,2.7,3.8,7.1,10.8,3.9,-15.2,6.4,12.2,12.9,0.5,4.9,1.9,3.6,8.1,-1.6,-0.8,0.3,3.8,5.3,12.8,-4.5,11.3,3.7,-3.4,-8.4,1.6,-0.7,-0.8,2.1,13.7,1.9,1.5,-0.1,3.4,8.0,8.5,5.2,9.9,-6.4,-3.4,2.0,1.6,-0.1,-3.6,12.2,4.5,-6.9,-7.9,9.3,-1.4,1.8,5.8,6.1,1.1,7.6,5.1,2.2,4.9,0.6,-8.4,-5.4,9.3,10.4,11.0,-8.2,-7.1,0.8,12.7,2.7,1.3,-14.5,4.5,-4.4,-8.3,3.6,2.4,4.0,3.3,0.5,12.0,6.5,6.6,-2.6,-2.9,3.7,-5.7,7.6,5.6,2.5,12.3,-8.7,-1.2,1.5,0.4,3.6,3.4,0.2,3.8,2.8,4.6,4.1,-2.5,1.3,1.3,8.3,14.7,7.5,17.2,0.6,1.4,-5.1,1.7,22.3,5.4,-3.5,-1.2,-1.1,-0.9,-0.9,0.9,0.0,2.4,9.8,-5.2,5.9,5.6,15.1,0.7,-0.1,1.8,0.9,7.5,3.3,-3.7,-2.4,-4.8,12.6,-3.2,7.3,7.9,0.5,-0.2,2.5,2.5,0.8,-0.5,-21.9,6.8,-0.4,8.9,-3.4,-6.2,4.7,4.4,-4.1,2.4,4.4,8.8,6.9,-2.9,-3.9,11.6,9.3,-4.4,3.6,-7.7,-2.5,-5.0,2.7,5.0,-3.7,7.6,-6.4,2.8,6.8,0.2,-0.0,3.0,11.3,5.5,-7.2,-7.7,-4.6,-5.1,0.6,6.0,-7.8,2.5,-1.7,0.2,4.2,-3.1,-9.5,1.8,-2.5,-7.5,-5.7
2020-11-20,-10.7,-0.5,5.7,-5.1,11.0,0.9,-5.4,13.2,-9.2,1.3,21.2,-6.2,-5.4,6.1,-3.5,10.0,6.7,23.4,-0.8,-7.7,-1.9,-4.5,0.3,-4.9,-3.9,-3.4,-5.9,-3.6,-15.4,-0.4,-3.0,-10.1,3.1,0.5,1.1,-3.6,-16.5,-8.8,-4.4,2.8,-4.5,9.6,-2.2,2.1,-9.0,11.2,-10.7,-10.8,-0.3,-3.5,-8.0,0.6,-3.5,5.0,-2.8,-2.6,7.9,-0.5,-7.7,-0.1,-10.1,-5.0,-7.7,-1.5,1.4,-4.5,-2.3,0.8,-4.0,-7.9,12.0,-2.3,11.1,17.2,-14.5,4.1,0.5,-2.1,-7.5,-9.5,-3.1,19.8,-3.2,3.5,-7.5,-0.8,4.3,5.1,-9.5,0.1,-2.7,10.4,7.3,14.6,4.0,16.0,-4.9,-3.3,0.9,-1.1,3.6,0.6,1.7,-1.4,-6.9,-12.4,-10.4,-1.2,8.4,-1.9,-1.4,0.9,9.0,-13.0,-10.6,9.3,-7.4,2.1,3.1,5.9,4.5,-0.8,-18.8,-0.1,7.4,8.0,6.4,15.5,-3.1,-7.3,-2.2,-5.6,-3.9,-3.0,-2.8,-5.6,8.8,-5.2,11.8,9.3,8.1,-8.3,-14.3,-3.7,-7.5,-4.3,0.6,1.1,-10.1,4.2,-3.8,-12.2,12.5,-7.7,3.5,4.7,8.7,-6.8,-2.4,-10.1,-5.6,1.6,0.7,0.6,0.8,1.2,1.0,-4.7,-4.1,2.0,-11.8,2.9,-4.7,-6.2,2.4,-9.4,-9.3,3.2,-5.8,-9.0,-1.6,-2.3,-2.3,0.6,4.2,-1.4,-2.1,-2.1,-12.6,0.6,0.9,-2.8,6.6,-15.1,-4.6,1.7,7.0,-3.8,1.4,9.9,0.2,-16.3,-0.7,-3.6,0.6,17.1,-4.3,0.6,12.5,-9.0,8.6,9.2,-1.3,1.7,-0.6,-7.1,2.9,-5.3,-2.6,-4.5,-1.4,0.6,12.4,-9.5,6.9,5.8,-1.3,-12.2,2.9,-2.3,-2.0,-1.4,-3.3,0.2,0.7,-4.0,0.7,1.4,3.7,-7.8,4.7,-5.9,-6.1,-4.3,0.3,0.3,8.6,3.8,2.1,-8.8,-9.7,0.1,-6.5,-8.8,7.5,-4.5,-9.5,-2.2,-0.6,1.1,1.8,4.7,-10.3,-1.5,7.5,4.2,6.2,-9.0,-11.1,-1.0,2.4,7.1,1.0,-20.4,2.1,-5.1,0.7,2.7,-1.3,-0.9,2.0,-2.7,8.0,3.4,7.7,-4.5,-2.9,-1.0,-6.6,2.6,2.9,4.6,18.7,-3.2,-4.6,-1.4,-8.2,7.9,-1.5,-2.2,-0.6,0.5,-0.8,-5.0,15.7,-0.4,-1.0,-0.6,13.9,2.8,12.5,-0.3,-3.8,-7.1,-3.7,10.7,-3.6,-4.5,-4.5,-3.1,-6.8,-4.3,-3.2,-8.5,0.1,-10.2,-7.9,1.1,4.1,14.9,-4.2,-7.1,-7.1,-1.3,2.6,-6.8,-7.0,-3.0,-6.1,5.8,-2.9,4.1,10.9,-7.1,-4.4,-5.5,-8.2,6.1,2.5,-11.9,0.1,-7.3,9.2,-9.2,-11.5,2.7,7.4,-13.6,0.1,3.2,5.9,-4.8,-10.0,-5.8,11.7,16.9,-6.1,3.0,-12.1,-6.9,-6.1,0.6,5.8,-7.0,5.1,-5.8,2.4,6.6,-9.6,-1.6,0.4,-2.3,4.5,-10.1,-7.3,-4.9,-2.8,-1.6,10.1,-10.0,2.6,0.1,-0.7,4.3,-5.0,-4.0,0.3,0.5,-5.5,-3.4
2020-11-26,-11.9,5.9,16.8,8.5,0.8,-1.8,-5.1,13.3,-10.8,1.5,25.0,-2.5,-6.1,7.2,-2.7,-0.1,6.3,24.0,-3.2,0.5,8.2,15.4,8.1,-0.7,2.6,-3.9,-10.6,-3.2,-9.5,-4.5,-1.2,-7.9,7.2,-3.0,-3.9,-7.0,-16.1,-1.7,-5.3,-2.2,-6.6,10.1,-3.9,3.0,-4.5,2.4,-6.9,-2.8,4.5,-2.1,-6.8,7.5,-2.9,17.1,-2.1,3.2,4.3,0.1,-11.5,5.8,-2.9,0.4,-5.4,-2.7,-1.2,-2.8,3.7,11.3,-1.1,-6.4,13.7,0.9,-4.1,10.5,-10.5,5.9,1.9,0.7,-2.5,-4.1,2.7,14.5,-1.1,5.1,6.5,5.3,-0.6,8.4,-4.5,3.1,1.1,20.0,7.4,8.9,6.5,9.8,-3.2,-2.2,0.2,-3.1,7.2,4.5,4.1,-0.6,-4.8,-6.6,-1.0,0.3,3.1,-1.7,1.9,8.5,9.6,-8.1,0.8,10.5,-4.4,-4.6,4.4,14.8,-0.5,-4.4,-16.0,-2.0,9.6,9.0,11.8,15.0,2.6,-3.9,6.3,-4.3,-3.2,-0.7,-3.8,-1.0,11.4,-4.3,5.0,-9.8,9.4,-7.8,-16.1,-5.4,-4.2,-0.2,3.0,-1.2,-1.8,4.0,0.3,-9.3,13.5,-5.7,8.5,-5.2,5.0,-7.5,-2.4,-4.0,-4.5,4.7,2.8,0.9,3.3,1.8,2.8,-5.2,-0.5,4.9,-9.0,5.7,-7.0,-5.2,0.7,-6.8,-10.8,7.8,4.3,-2.8,3.0,1.2,1.9,3.5,9.4,-1.3,-2.3,-8.7,-6.9,2.1,6.8,4.8,2.4,-7.9,4.6,8.2,12.8,-4.1,15.6,20.2,2.3,-12.4,8.4,-0.7,-2.4,11.0,5.3,3.7,-2.1,4.8,12.8,14.5,-0.2,3.1,0.3,-2.2,17.2,-1.7,-0.4,-3.2,5.3,6.1,14.9,-3.0,8.6,7.4,9.2,-11.6,0.7,-2.6,-0.4,1.7,0.1,3.6,1.3,2.6,-2.2,6.4,15.6,-12.4,14.9,-7.5,-1.7,-3.2,1.1,-3.4,-6.0,4.4,-1.9,-7.2,-8.2,8.7,-5.5,-0.3,5.0,-0.0,-5.5,-0.4,-1.1,0.4,1.2,-4.7,-8.6,0.3,4.8,6.9,2.9,-4.6,-8.6,-2.1,-0.2,2.0,0.5,-9.4,1.7,-5.5,0.4,1.0,-2.5,0.1,1.9,0.0,9.6,5.6,1.6,-1.5,-3.7,0.1,-5.4,-5.1,5.1,0.7,-2.2,-0.8,-5.4,-0.2,-3.9,2.2,0.1,1.0,0.1,0.1,0.6,0.6,-7.6,-0.8,0.7,1.4,14.3,7.1,13.2,4.5,-0.1,-4.1,-2.9,16.8,0.9,3.7,-2.2,3.7,-1.9,-1.2,-1.2,-2.6,1.5,-2.3,-3.3,11.4,7.8,-1.7,-2.0,-7.9,-8.2,3.3,7.2,5.2,-9.1,1.0,-4.3,11.6,-5.6,3.1,2.7,2.6,-5.8,0.2,8.7,7.7,0.0,-7.9,5.4,0.8,7.5,-5.9,-11.0,8.8,0.0,-11.3,5.3,4.3,8.8,5.4,-6.0,-4.9,14.9,14.6,2.4,10.3,-2.5,-5.1,-6.0,7.8,9.9,-0.6,2.0,0.8,3.9,8.6,-0.3,3.1,4.8,9.4,8.8,0.4,-1.1,5.3,-5.1,-2.3,8.1,-3.0,4.0,-0.1,0.7,9.0,-3.6,-4.6,2.2,-0.5,-6.1,-3.2
2020-12-02,-11.9,3.4,-4.9,7.9,3.0,-4.6,-4.6,13.8,-7.6,2.6,17.3,-15.7,-2.4,7.5,-1.8,7.1,9.8,18.9,-1.3,-2.6,-3.2,-1.2,6.0,-3.3,-5.3,-3.6,-9.4,-2.8,-8.1,-15.5,-0.9,-7.7,3.8,-1.9,-2.9,-6.8,-16.1,-2.9,-8.5,-3.7,-1.9,11.7,-2.7,-2.2,-6.7,-16.2,-1.4,-2.7,0.7,-1.9,-5.5,0.5,1.2,8.7,-1.9,0.2,8.1,-0.7,-1.1,4.0,-8.4,-10.1,-2.5,-0.4,-6.5,5.8,9.2,4.6,-1.3,-6.8,12.4,-3.7,0.4,14.0,-12.2,6.5,3.9,3.0,-6.9,-3.6,6.5,16.3,-0.4,11.1,6.0,6.1,1.7,10.2,-8.2,2.0,2.4,-2.4,9.0,8.5,9.6,17.7,-2.6,-3.9,-0.2,-0.9,-1.3,2.7,-1.4,-4.8,-5.2,-10.1,-6.2,-0.6,3.4,-3.1,4.9,12.7,6.0,-3.1,-2.6,8.8,-6.7,0.6,3.0,12.6,-0.4,-4.4,-17.8,2.2,6.0,9.5,13.4,20.0,-0.5,-5.4,3.4,-3.1,-4.2,-2.8,-5.1,0.3,9.3,-5.2,-0.9,-14.6,8.8,-4.8,-13.5,-8.5,-4.9,-0.9,0.4,0.4,-1.2,-1.2,-1.5,-10.3,12.2,-5.7,8.9,13.3,5.6,-8.0,-5.1,-8.7,-6.3,2.7,-1.6,2.6,3.6,3.2,7.2,-3.1,-3.5,0.5,-8.4,3.8,-8.8,-4.4,0.8,-8.3,-10.8,7.9,3.7,4.4,5.9,-0.7,-3.8,6.2,6.5,-0.4,-4.5,4.0,-11.2,2.2,6.5,-2.0,4.8,-14.8,-6.9,9.5,12.8,-4.7,9.4,12.8,-0.2,-14.4,5.0,3.4,3.6,-1.0,-0.5,2.3,-2.7,-1.4,12.4,14.2,0.8,1.9,0.8,-1.5,11.9,-1.3,-1.3,2.8,-0.4,-2.0,12.5,-4.8,9.2,6.0,-5.0,-10.5,-0.3,-2.7,1.5,-1.1,6.7,0.9,0.7,-0.8,-4.0,5.0,11.0,-9.6,9.2,-5.5,-5.4,-4.3,1.3,-0.7,0.4,-1.5,1.7,-6.3,-7.0,6.0,-5.3,-2.9,10.2,0.1,0.6,-3.1,0.9,0.4,-1.7,0.5,-9.0,-2.6,4.3,6.3,3.9,-3.6,-8.1,-4.9,4.8,5.8,0.7,-11.9,2.0,-4.1,-3.8,2.6,-3.5,0.5,1.5,1.7,10.3,4.9,5.7,-2.0,-5.0,1.6,-5.1,0.7,1.0,2.4,14.0,-3.5,-0.6,0.2,-2.6,-2.4,-2.9,-4.2,0.0,-3.9,-0.9,1.4,1.1,1.7,-0.0,2.3,11.9,4.8,12.6,1.4,-0.9,-5.1,0.3,12.5,-0.7,-1.9,-2.1,-1.7,-3.2,-2.5,2.4,-4.5,-1.0,-4.4,-6.2,2.0,2.3,7.3,-6.3,-6.0,-5.3,0.1,-11.0,-1.5,-2.0,-3.4,-2.5,8.5,-0.4,6.7,3.1,-5.2,-5.9,-0.2,-0.5,6.6,-0.3,-11.3,2.1,0.3,8.4,-4.4,-6.5,7.0,1.4,-5.9,3.1,3.1,8.4,9.2,-4.2,-6.3,4.8,22.2,-1.8,8.0,-5.1,-4.5,-5.4,4.4,-0.4,0.8,4.5,2.1,3.6,9.4,-6.1,-4.4,1.7,7.5,-0.7,1.1,1.6,-3.9,-3.8,2.0,8.5,-12.4,-1.0,-1.8,4.0,7.7,-1.1,2.4,3.2,-1.6,-7.0,-1.2
2020-12-08,-12.3,1.4,2.9,7.2,-3.9,-3.1,-2.6,11.1,-6.5,-1.7,20.8,-5.1,-2.5,6.1,1.5,3.3,5.3,21.9,0.3,-1.8,1.4,-1.0,5.1,-2.0,-2.3,-1.5,-8.8,-3.5,-8.5,-11.1,-2.2,-7.2,4.8,-2.4,-8.7,-4.3,-16.1,-3.8,-6.8,-5.8,-4.9,11.3,-2.2,6.1,-6.7,-10.6,-11.6,-4.3,-0.6,-1.2,-6.4,0.7,-1.4,1.5,-2.8,-1.0,6.1,-0.4,2.7,2.0,-2.3,2.2,-11.3,-0.8,-2.7,6.3,6.4,2.6,-4.2,-12.7,10.2,-2.2,11.9,6.8,-18.2,6.3,2.8,2.0,-6.9,-6.4,5.8,14.0,-3.5,15.8,-3.2,1.5,12.5,5.1,-7.6,2.1,11.6,11.8,21.0,5.6,4.0,3.4,-3.2,-2.4,-0.9,-3.1,5.0,1.6,0.8,-0.6,-3.8,-10.4,-6.3,-5.5,-3.6,-4.6,16.3,7.5,5.0,-6.3,0.6,12.4,-7.3,1.4,3.4,11.4,2.2,-2.7,-14.0,6.8,7.8,16.0,9.4,13.8,-0.7,-4.8,-1.5,-8.8,-6.4,-3.8,-5.6,0.1,7.2,-5.4,0.9,-15.8,5.6,-10.0,-16.8,-10.6,-4.1,-4.2,-1.7,-3.6,-3.1,2.0,-3.0,-11.5,11.7,-6.4,9.1,7.4,5.7,-7.6,-4.4,-5.9,-5.1,0.0,-1.9,1.9,1.3,1.6,-0.4,-3.4,-3.4,-0.1,-8.0,5.6,0.5,-4.1,1.4,-9.8,-11.0,6.2,1.3,-1.2,13.8,-0.5,-1.0,0.1,5.2,1.1,-3.0,-1.3,-10.3,5.5,8.2,3.0,7.2,-14.3,-11.4,6.1,9.2,-4.6,10.4,19.6,0.9,-8.8,3.5,1.1,6.8,3.4,1.3,3.4,-5.4,-6.5,10.1,12.1,-0.3,-0.1,0.2,1.0,0.5,-3.8,-2.3,4.3,-2.8,0.8,12.8,-6.3,9.1,13.3,-5.5,-13.3,-2.2,-3.1,0.3,-0.3,-1.1,0.4,0.7,-1.7,-7.5,5.0,22.5,-6.0,9.6,-6.2,-4.4,-4.6,2.5,-5.4,-3.8,9.0,4.0,-7.0,-8.4,6.1,-6.2,-4.8,5.0,-3.2,1.4,0.1,-1.2,2.1,5.9,2.1,-8.6,-1.3,-4.1,7.2,6.9,-2.1,-8.3,-5.1,-3.1,-0.3,0.4,-8.8,1.7,-10.1,-5.3,0.5,-2.7,1.3,0.1,1.6,9.7,3.2,4.3,-5.0,-4.1,0.3,-4.8,0.4,3.2,-1.5,4.1,-5.5,-2.6,-1.3,-2.5,3.0,-0.0,-1.1,-0.1,-0.7,0.7,0.9,3.4,2.3,-0.6,-0.5,12.2,4.7,12.9,-0.2,-0.8,-5.4,-2.9,16.1,1.0,-3.4,-3.2,-1.7,-4.5,-2.9,-0.9,-5.3,0.3,-2.5,-7.5,-2.1,-0.4,9.9,-4.3,-4.4,-2.8,0.9,3.2,-2.8,-1.7,-2.2,-7.0,9.1,1.2,1.0,8.5,-3.9,10.0,-3.8,-2.7,0.2,-1.3,-12.9,5.1,-3.1,5.2,-1.3,-8.1,4.1,6.4,-9.7,1.2,4.1,5.9,-1.3,-4.7,-4.6,5.9,7.9,-3.4,1.1,-6.7,-5.6,-8.5,4.6,4.1,0.2,4.1,-8.9,1.9,14.0,-3.1,-1.6,3.0,6.6,7.2,-5.6,-6.8,11.4,-5.0,-2.0,6.4,-15.0,1.2,-0.1,0.9,13.0,-3.8,-5.2,1.1,-2.6,-15.9,-8.5
2020-12-14,-10.9,2.9,2.7,6.6,3.5,-3.0,-5.1,13.5,-8.1,3.5,17.0,-7.3,0.8,6.3,-2.9,0.6,4.6,19.4,-0.4,-4.2,-1.1,-3.2,2.1,-1.4,2.4,-3.7,-10.0,-5.5,-9.3,-2.7,-1.9,-7.8,4.9,-2.5,-7.5,-6.7,-17.2,-3.9,-4.1,-7.7,-4.1,11.5,-2.3,-1.0,-5.7,7.1,-4.6,-4.0,2.4,-1.3,-5.3,3.8,-0.1,13.2,-3.1,1.4,4.5,-2.0,3.3,2.0,-3.5,-0.6,-7.9,-1.9,4.8,2.2,-0.4,6.4,-2.8,-12.5,11.8,-2.1,1.1,11.5,-2.2,5.9,1.1,5.3,-2.2,-5.9,4.3,13.9,-0.4,4.1,13.0,7.7,-0.1,6.7,-7.2,1.7,2.5,-3.2,9.3,9.8,7.6,18.7,-5.3,-2.7,1.2,-1.9,5.5,2.1,1.8,-4.4,-6.9,-8.8,-8.4,-1.7,3.4,-6.7,6.3,15.9,7.5,-1.7,-1.4,6.4,-4.2,-4.1,3.2,11.4,0.2,-3.0,-15.5,2.4,13.5,12.0,11.6,24.5,1.1,-4.0,6.3,-5.9,-3.0,-2.1,-3.9,1.6,10.8,-3.0,-1.0,-12.5,11.2,-4.0,-15.9,-16.3,-3.0,-0.6,2.4,-0.4,4.7,1.2,-4.7,-10.4,11.4,-6.0,9.0,11.7,6.1,-7.8,-2.9,-4.7,-4.3,3.8,0.2,3.7,5.0,2.9,1.4,1.6,-2.7,1.4,-7.8,4.3,-4.2,-6.4,0.1,-7.7,-11.2,10.5,6.5,-12.1,9.5,4.3,-1.3,7.0,8.2,1.2,-5.3,3.3,-7.8,3.8,9.6,2.7,5.2,-16.1,7.0,8.6,11.2,-4.5,10.8,21.1,2.4,-7.6,0.8,-0.4,-2.1,8.0,-6.1,3.0,6.2,7.2,12.4,13.3,1.9,2.9,1.1,0.5,11.1,-2.1,-1.8,-2.7,2.7,1.3,11.3,-4.6,10.1,9.5,-4.2,-9.8,-1.2,-2.5,1.3,2.5,1.1,0.7,1.6,2.2,2.5,8.7,13.8,-5.0,13.0,-5.4,3.9,-3.6,5.6,3.0,-2.2,6.1,2.5,-7.3,-9.1,8.2,-4.0,-1.0,5.0,-11.5,-1.3,5.4,6.6,4.2,1.7,3.4,-9.9,-2.9,-1.1,9.2,6.5,-2.6,-6.1,-1.8,2.3,-1.1,0.4,-12.2,3.1,-3.1,0.8,-0.8,0.3,1.9,1.7,-12.9,9.7,4.6,5.0,1.2,-2.2,3.0,-3.4,5.1,4.3,1.9,7.7,-2.2,-0.9,0.5,-1.3,-0.5,0.1,-1.3,0.9,0.2,1.1,0.6,3.6,3.8,2.2,6.5,10.6,6.5,13.1,6.1,1.8,-4.0,-0.6,20.6,-0.8,-3.1,-2.4,2.5,-2.6,-2.0,-0.1,-2.8,0.4,-1.6,-4.4,-1.2,1.9,10.7,-3.8,-0.2,-5.2,2.1,10.4,-1.7,-2.1,-0.5,-4.7,13.3,2.7,3.7,7.5,-5.6,-0.6,2.0,-1.8,-4.9,-0.3,-10.9,7.5,1.1,5.9,-5.3,-11.2,7.3,0.5,-4.4,3.4,5.3,8.4,3.6,-4.3,-4.8,6.3,15.5,1.0,8.9,-8.6,-4.8,-8.2,4.0,7.1,1.9,6.0,-5.6,3.9,10.9,-2.7,-7.0,4.1,6.2,6.0,1.7,2.6,0.7,-6.9,-1.4,10.3,-8.9,1.4,1.8,0.8,11.9,-2.1,-2.2,1.2,-3.5,-6.6,-4.7
2020-12-20,-11.7,0.3,3.7,6.8,-3.5,-4.4,-5.2,11.6,-7.0,-0.9,22.0,-2.6,-3.5,7.1,-0.3,3.6,-0.9,23.0,-0.5,-7.1,-0.8,-3.8,3.0,-4.3,-2.8,-3.2,-9.9,-4.6,-10.8,6.5,-3.6,-7.6,3.0,-0.3,1.1,-7.1,-16.5,-3.3,-13.2,-4.6,-5.8,9.4,-4.4,-0.5,-7.7,-9.0,-8.4,-4.3,-1.1,-2.2,-2.7,1.9,-1.6,1.7,-3.1,-1.1,9.6,-1.5,0.1,-0.1,-5.3,1.6,-12.6,0.7,0.8,4.5,2.3,6.2,-4.5,-8.8,10.4,-1.5,0.7,10.1,-13.5,5.5,0.7,2.8,-3.8,-6.2,6.2,16.5,-1.4,6.4,5.5,4.8,4.3,9.8,-8.5,1.8,0.3,0.4,12.6,8.5,8.9,7.6,-4.1,-2.8,-2.1,-2.9,-3.1,-3.0,-1.1,-0.2,-3.9,-7.3,-5.5,-4.6,1.0,-1.0,-3.1,1.9,3.9,-6.4,-2.4,10.4,-7.6,0.5,0.5,17.0,2.7,-0.1,-15.3,1.7,4.7,12.0,-0.7,6.5,0.1,-3.5,2.3,11.7,-4.5,-3.0,-5.6,-1.7,8.0,-6.2,3.3,-12.8,7.4,-7.9,-13.4,-7.2,-3.2,-2.5,1.1,0.3,-0.9,3.9,11.1,-9.9,11.7,-5.5,8.2,7.0,8.0,-8.0,-2.8,-6.4,-4.0,1.6,0.3,3.5,1.2,1.1,-0.2,1.0,-1.9,-1.4,-10.8,3.3,-1.7,-4.5,3.2,-7.6,-10.7,7.1,6.4,1.7,-4.0,1.2,-2.5,-1.1,2.4,1.1,-1.3,3.1,-10.3,11.0,9.6,-5.0,5.6,-15.9,14.3,10.2,9.7,-4.6,-9.3,12.0,1.9,-11.3,0.5,-0.4,6.6,3.8,2.6,-4.2,-9.4,-8.2,12.5,13.1,1.1,-1.5,-0.6,-2.6,12.3,-2.4,-4.0,4.6,3.9,2.2,11.4,-5.6,8.7,-0.6,-2.6,-14.1,4.5,-6.3,-0.2,0.6,0.7,2.1,-0.9,-0.8,-2.8,3.3,9.9,-0.4,10.2,-8.7,-4.3,-5.1,2.2,-1.8,-0.4,5.3,0.6,-9.1,-10.8,6.3,-9.1,-6.1,5.1,-6.3,0.2,-1.1,2.9,-0.7,0.8,1.3,-9.1,-4.9,-3.8,6.0,3.9,-4.9,-11.0,1.7,2.1,-1.0,0.0,-17.2,2.2,-6.0,7.4,0.9,-4.9,4.8,-0.7,3.8,8.0,4.0,9.1,-4.0,-5.1,1.0,-4.2,4.2,3.7,0.3,6.4,-4.7,-2.2,-1.4,-4.7,-0.4,-3.3,2.0,-2.2,-0.7,-0.2,2.8,8.1,2.8,-0.5,0.0,9.4,4.5,14.4,1.1,-1.6,-3.6,-3.3,12.9,-2.6,-0.9,-2.8,-2.1,-2.7,-3.0,-1.4,-4.6,-3.4,-1.0,-7.5,0.8,2.5,6.5,-4.7,-5.9,14.7,-1.8,3.0,-3.7,-0.8,-3.6,-6.4,9.0,-1.8,5.4,5.6,-4.1,-10.9,-1.7,-3.7,-0.1,-2.2,-11.8,3.9,-5.2,7.0,-7.8,-12.0,5.7,-3.4,-9.0,1.7,4.0,6.3,8.1,-5.4,-5.4,9.8,16.0,-1.3,7.7,-7.7,-4.8,-3.9,3.4,3.5,-1.3,4.4,3.5,1.9,9.9,-3.6,-11.1,1.1,7.2,1.4,1.8,7.5,2.8,-4.3,2.3,9.4,-9.6,1.9,0.0,2.5,7.8,-2.5,-1.7,-1.4,-1.1,9.8,-6.3
2020-12-26,-10.1,3.6,6.4,5.4,4.3,-2.5,-2.0,11.4,-6.6,8.0,21.3,-5.5,0.2,5.9,2.0,6.9,5.5,19.9,2.5,-6.7,3.5,-5.1,10.7,-1.3,1.1,-3.2,-9.9,-4.4,-11.2,-0.4,1.6,-7.5,7.8,0.6,-1.3,-6.7,-21.0,-3.5,1.9,4.8,-2.3,10.5,-4.4,-1.9,-7.9,-3.9,-4.9,-2.3,2.2,-2.1,-6.5,1.6,0.6,-2.4,-1.8,0.0,6.9,-1.3,3.1,2.0,-3.6,4.4,-5.6,-1.1,0.8,-1.3,4.3,5.1,-2.4,-1.8,15.0,-3.8,3.6,12.6,-12.4,-4.5,-1.3,0.6,-2.2,-5.1,2.9,12.5,-0.7,11.2,5.7,-0.9,5.3,13.7,-7.0,0.4,2.6,0.7,9.3,9.4,5.8,13.5,-3.4,-3.3,0.8,-1.3,8.0,-3.6,-1.9,-3.2,-4.1,-7.0,-4.7,-3.0,0.2,-2.0,9.4,8.6,3.4,-3.1,-2.8,8.7,-4.0,3.3,1.2,21.0,-2.2,-2.9,-14.7,1.7,5.4,11.3,9.9,16.4,2.6,-3.5,5.3,-8.1,-3.6,-2.6,-7.0,0.1,9.7,-5.3,10.9,-2.2,8.6,-2.0,-17.7,-14.6,-3.5,-1.3,1.9,-1.1,-2.5,-0.1,-1.0,-11.6,14.9,-4.9,8.7,4.5,5.5,-6.8,-4.0,-2.2,-4.7,3.8,0.6,1.4,5.5,3.3,4.2,-5.0,-6.9,-5.6,-12.4,2.9,-4.6,-4.5,-0.0,-7.8,-10.5,9.5,5.8,1.8,7.1,-3.2,-3.7,6.7,5.1,-0.8,-5.9,2.6,-9.5,9.7,11.0,6.3,2.4,-7.0,12.4,8.7,11.4,-4.5,8.2,14.8,1.4,-11.5,2.4,2.5,-3.0,-3.3,3.0,5.4,1.9,7.7,12.0,13.3,2.0,3.9,1.7,2.8,7.2,-1.4,-0.9,-5.8,-4.2,8.1,15.3,-3.7,9.5,8.8,-8.2,-11.7,2.8,-2.6,4.9,-0.4,2.0,2.2,0.9,-1.2,-1.9,7.3,12.2,-8.0,13.5,-3.8,4.8,-4.6,6.0,-3.0,-3.7,4.8,-0.1,-4.8,-7.3,6.8,-7.4,-5.3,1.9,3.7,-0.9,0.8,0.1,0.3,2.1,1.0,-8.1,-2.3,13.1,8.7,3.8,-2.5,-7.8,1.4,-0.0,-3.1,-0.8,-16.9,1.6,-5.3,7.7,0.4,-2.2,0.9,2.2,2.1,8.6,6.7,7.5,-0.2,-7.4,0.9,-3.9,7.9,1.7,-0.9,2.2,-3.5,-4.4,-1.9,-2.3,-2.8,-1.2,-0.8,-2.2,-1.4,0.2,1.1,6.2,-1.8,-0.1,4.0,15.1,7.3,15.7,3.5,-0.2,-3.8,-1.3,11.5,-2.8,-1.5,-3.0,-12.1,-3.2,-2.5,-1.2,-4.4,0.5,0.1,-6.7,4.9,-2.9,-2.3,-4.6,2.1,-1.2,-3.6,-2.1,-3.4,-2.1,-11.8,-4.4,9.2,1.9,4.6,7.2,-0.6,4.4,-9.6,-0.3,9.2,-4.7,-13.8,4.7,-0.2,8.6,-4.0,-6.8,4.4,-1.8,-7.6,1.9,3.1,7.1,6.4,-3.9,-1.9,13.6,14.7,-0.3,7.7,-5.4,-7.4,-7.2,0.8,10.1,0.2,6.0,-6.3,-2.4,21.8,-6.1,-1.2,1.9,4.7,8.2,3.4,1.9,-2.6,-3.5,2.3,10.4,-4.1,0.1,-0.1,2.6,8.5,-1.5,-7.1,-2.4,-0.8,4.3,3.1
2021-01-01,-11.7,3.0,2.9,7.3,1.8,-5.7,-5.0,12.1,-7.6,5.4,19.0,-7.9,-3.8,6.5,3.7,13.3,2.8,19.3,-2.9,-7.6,-0.0,-2.6,0.7,-3.9,-2.3,-2.8,-9.9,-4.1,-9.2,1.8,-2.7,-8.5,4.8,1.1,-0.7,-9.2,-19.8,-6.8,-0.2,-7.2,-3.8,9.7,-3.6,0.2,-8.3,-13.9,-9.2,0.5,1.6,-2.0,-9.5,-3.6,-0.9,2.2,-3.5,1.0,2.0,-1.6,1.7,1.6,-5.5,-2.3,-3.9,-1.3,-0.6,0.7,0.9,3.5,-3.2,-6.0,12.9,-3.3,4.3,13.4,-11.1,4.9,1.1,2.9,-5.6,-4.7,3.4,10.0,-4.0,11.7,3.5,4.0,5.5,10.9,-6.6,-1.0,1.9,3.3,9.7,7.3,5.1,3.9,-6.7,-3.3,-1.1,-2.3,-0.6,2.9,1.4,0.1,-13.6,-10.9,-4.1,-2.4,0.9,-6.1,0.3,11.1,4.8,-3.0,-8.7,9.1,-6.0,0.5,6.0,17.4,0.7,-2.9,-14.2,0.9,6.1,10.8,9.8,15.3,-1.9,-4.7,4.3,-9.7,-6.9,-4.5,-4.2,-2.2,8.9,-5.2,-1.1,-4.4,7.9,-2.5,-18.5,-9.1,-3.5,-0.8,2.5,-1.7,-3.9,1.5,-3.5,-11.2,12.6,-6.8,8.4,4.4,4.8,-7.5,-3.8,-6.7,-3.7,3.5,1.4,2.1,1.2,0.9,-3.9,-8.3,-6.0,-3.5,-9.8,11.1,-5.5,-6.2,-0.1,-8.1,-10.8,9.6,3.3,2.5,-3.9,6.9,-2.4,4.0,5.9,-2.5,-4.0,1.1,-8.8,1.9,8.2,0.8,3.6,-11.2,9.5,6.5,8.7,-5.3,9.4,12.9,-1.4,-8.6,0.8,-0.5,1.9,-0.3,1.2,4.0,-4.6,7.0,10.4,10.9,-0.1,1.3,-0.6,-0.6,8.0,-1.8,-1.4,-3.2,0.5,-2.6,11.6,-7.3,7.2,8.8,-7.1,-12.2,-2.5,-1.5,-3.8,-5.2,2.6,0.1,1.2,-4.2,-6.8,0.3,8.9,-5.0,12.4,-6.7,-7.4,-4.8,4.9,-4.6,-2.2,0.2,-4.6,-6.4,-8.2,8.5,-12.4,-2.6,2.7,-1.6,-0.1,-0.4,-1.3,2.4,-3.7,-2.1,-8.4,-3.5,-3.1,8.4,5.3,-3.2,-3.5,-11.0,3.2,-3.3,-0.8,-12.9,0.9,-4.2,-5.7,2.8,-2.4,3.5,-0.8,4.2,8.0,4.5,5.2,-0.8,-3.8,1.9,-5.2,9.3,2.3,1.4,7.0,-7.0,-4.4,-1.7,-2.5,-2.6,-2.0,-3.8,-0.9,-2.4,-0.8,2.9,5.9,2.6,-0.5,0.4,7.3,6.4,14.1,3.9,-1.6,-5.1,-1.5,10.4,-0.0,-3.9,-3.4,-3.6,-3.5,-3.3,-2.4,-3.3,-2.1,-1.4,-12.2,-0.2,0.7,5.6,-4.8,-8.0,-8.6,-1.8,-1.6,-1.1,-1.5,-3.2,-7.2,9.1,0.3,2.2,6.9,0.9,-7.7,-7.2,-0.9,0.7,-0.2,-12.3,4.0,-2.2,4.2,-6.4,-9.4,6.1,-10.5,-7.7,2.1,3.2,4.7,1.0,-4.7,-4.8,11.7,11.8,0.0,6.0,-9.8,-6.1,-3.8,1.7,4.0,-5.4,3.3,-2.8,-0.3,7.7,-4.2,-0.6,0.7,4.4,-0.9,2.7,3.7,-2.0,-1.4,-1.0,8.9,0.8,0.8,-1.1,-1.0,7.0,-4.2,-3.6,0.6,-1.8,-15.9,-1.8
2021-01-07,-9.5,4.7,9.8,9.2,-0.7,-4.0,-1.9,12.3,-6.0,3.4,21.7,-14.4,0.8,8.2,7.9,-3.2,1.2,22.9,3.2,-3.6,0.4,-1.0,4.5,-2.1,-0.3,-1.7,-9.8,-4.7,-16.4,-2.1,-0.7,-7.4,5.1,0.7,4.3,-1.8,-11.0,-7.4,-1.2,-12.0,-4.5,10.3,-4.8,-1.7,-8.4,-7.4,-9.5,-0.6,-0.9,-6.9,-10.9,-2.3,-1.6,11.6,-4.6,0.6,13.9,-6.7,4.1,2.5,-4.4,-1.0,-7.2,-1.5,-4.6,-0.1,4.9,2.8,0.3,-9.6,10.3,1.0,5.6,8.3,-15.7,4.1,-2.0,4.5,-9.1,-4.5,3.9,14.1,-1.1,8.5,6.0,2.8,9.4,10.5,-3.2,0.2,2.3,4.3,11.2,4.7,6.8,15.4,5.5,-4.6,2.5,-3.0,5.9,3.0,0.6,-4.2,-5.5,-8.1,-8.0,-2.3,-1.1,-3.5,3.6,-0.3,1.9,5.5,-4.4,12.3,-2.5,9.9,6.3,17.8,0.5,-4.7,-18.6,1.4,6.7,11.9,10.5,16.7,-1.8,-3.9,2.9,-13.3,-5.1,-3.2,-6.3,0.6,9.5,-4.3,2.7,-3.1,9.0,1.3,-19.0,-9.5,-4.4,-1.2,1.7,-1.0,-0.5,-0.7,-2.7,-9.9,11.1,-7.4,7.9,4.3,5.6,-9.5,-3.0,-5.1,-5.4,3.2,1.0,3.7,3.1,2.5,-7.8,-2.4,-5.3,-2.6,-9.5,6.6,-4.2,-4.4,0.9,-8.5,-11.5,5.9,6.0,5.3,0.5,-3.5,-5.2,-6.0,5.1,-2.5,-2.8,7.2,-9.4,-1.0,6.0,1.8,6.0,-8.4,-7.3,2.9,9.9,-4.9,4.5,11.7,1.4,-11.3,-1.5,2.4,-5.8,3.1,2.9,4.9,4.6,-10.2,13.3,13.8,0.7,1.1,1.0,2.9,7.5,-0.2,-3.1,-7.5,4.7,3.4,14.0,-5.0,8.6,5.2,-6.5,11.8,4.1,1.7,-0.3,13.2,4.0,3.0,2.4,11.5,-6.3,4.7,7.5,-4.2,12.1,-4.2,-4.8,-5.6,2.5,-4.1,-7.1,2.9,1.8,-4.4,-6.8,4.2,1.8,-2.6,4.8,-1.1,-2.8,-1.6,3.8,1.1,-2.1,-1.4,-7.2,-1.3,4.3,6.3,6.1,-7.4,-5.9,-3.1,1.3,-1.8,0.4,-17.9,2.7,-10.2,-0.5,5.2,-1.9,0.8,2.3,9.6,6.9,6.0,8.6,-4.2,-5.2,0.9,-4.6,5.3,3.1,10.8,5.7,1.2,3.2,-4.8,-2.9,-0.1,-0.5,-1.5,0.7,-0.4,0.9,1.7,4.8,8.2,4.9,-1.1,11.8,6.9,14.4,0.6,-2.3,-4.1,-3.2,16.7,-1.6,-2.8,-3.7,2.9,-2.5,-2.1,-8.3,-5.1,-0.8,5.8,-11.5,3.0,8.6,13.4,-5.7,-6.6,5.1,2.3,6.1,-0.9,-12.8,-1.0,4.3,10.4,-7.2,4.3,7.2,2.2,-8.6,-4.6,2.1,-2.3,1.7,-17.5,4.8,2.0,6.1,-5.0,-11.1,7.1,6.8,10.2,6.5,2.5,6.1,4.2,-6.0,-2.7,18.2,28.9,-0.6,8.0,-8.7,-10.6,-3.9,5.1,7.3,-5.3,6.1,-1.5,-0.2,10.2,-3.9,0.3,1.7,7.2,7.5,5.0,3.3,0.8,-0.7,-0.3,5.5,0.9,0.8,0.4,3.9,8.3,-0.7,-3.5,0.3,-0.1,-0.5,-0.3
2021-01-13,-14.0,2.6,1.7,9.8,1.9,-0.8,-1.6,15.3,-5.7,3.3,19.5,-1.6,5.4,9.2,3.6,9.9,2.1,20.1,13.0,-4.6,-2.6,-4.0,7.4,-6.6,-4.7,-3.3,-9.8,-3.8,-15.0,-5.3,-5.7,-8.7,4.4,0.1,4.7,-4.3,-18.9,-3.8,-6.0,-10.2,-1.6,12.7,-4.8,-5.3,-8.5,-11.3,-9.8,-8.1,2.7,-4.4,-4.1,2.1,0.0,2.8,-3.0,-1.8,9.1,-5.8,0.4,4.2,-4.4,2.7,-8.4,-3.1,-8.4,-8.5,-0.6,1.3,-5.9,-9.1,12.8,-0.8,6.9,9.5,-5.1,4.6,1.1,3.4,-8.0,-3.6,-1.0,14.9,-2.2,11.8,0.7,3.3,2.3,13.4,-5.3,1.5,2.2,21.7,8.0,5.0,4.2,11.7,1.9,0.0,1.9,-1.5,8.3,2.3,-1.8,-4.3,-7.1,-10.3,-4.9,-0.8,1.6,-4.0,1.5,3.8,-3.2,-3.0,-9.3,9.9,-4.0,11.1,-1.0,20.5,2.1,-3.6,-17.5,1.0,4.0,9.6,8.4,17.2,1.6,0.4,6.0,3.9,-2.4,-3.3,-3.6,-6.2,9.5,-5.5,-6.1,-2.9,6.6,-1.9,-11.2,-6.9,-4.7,-1.8,2.4,-1.0,-7.8,2.8,1.4,-12.3,10.8,-6.8,8.5,5.6,4.3,-8.9,-4.1,-5.2,-6.4,3.0,0.4,3.1,7.1,3.0,0.9,-7.5,-4.0,-0.5,-14.3,4.9,-4.7,-6.7,-1.4,-8.9,-13.6,7.9,4.5,3.0,2.9,-2.6,-2.3,6.1,8.6,-3.1,-5.6,4.2,-10.6,3.7,7.1,9.5,7.1,-9.5,-1.8,3.2,11.9,2.2,-10.4,1.7,-0.3,-13.2,-2.6,4.1,-0.8,1.7,2.2,5.9,-0.6,3.5,13.3,15.3,1.9,4.6,0.7,-3.8,4.1,0.9,0.0,-2.7,2.7,4.1,11.6,-3.5,8.5,10.0,3.2,-15.0,4.9,2.1,1.0,16.2,2.3,4.2,1.9,-9.4,-7.1,5.5,12.6,1.4,12.3,-3.4,-4.0,-4.3,5.1,-5.6,-7.0,1.1,0.5,-4.4,-6.1,6.7,-8.2,-2.0,4.9,6.5,-0.3,-3.6,-1.2,1.8,-3.8,4.0,-6.8,0.8,2.7,7.8,7.3,-4.7,-6.3,1.4,-1.5,-1.8,-1.8,-16.7,2.6,-7.3,-1.1,1.5,-4.3,2.1,1.2,7.2,11.0,6.1,5.1,-1.1,-4.2,-0.7,-4.8,4.6,1.0,-0.1,4.5,0.4,1.6,-6.4,-3.9,1.3,-1.0,-0.6,-1.1,-3.3,0.5,1.0,9.7,7.3,0.2,2.1,15.3,7.1,13.5,5.0,-2.3,-4.4,-4.2,11.8,-1.7,-2.2,-3.1,0.7,-2.4,-2.6,-9.6,-4.4,3.4,-0.2,-6.0,6.4,1.2,15.9,-4.4,-10.1,-11.9,2.6,6.7,-1.5,-5.9,-2.6,5.9,9.5,-9.6,5.9,5.1,2.0,-11.2,0.7,-0.1,-4.0,0.7,-12.9,4.8,-2.6,5.3,1.9,-15.7,6.6,1.3,-10.5,6.2,0.3,5.0,3.7,-6.9,-6.0,2.7,3.7,-3.5,8.0,-17.3,-8.3,-5.3,1.6,7.3,-3.2,6.4,-8.6,1.9,7.7,-5.6,-1.4,-0.5,4.0,6.5,1.1,10.1,-4.1,-1.0,0.8,11.7,-16.3,-0.5,-0.9,2.3,7.2,-4.8,-8.3,-1.4,0.5,-1.9,-2.3
2021-01-19,-9.5,-2.4,2.0,11.6,3.2,-10.7,-10.0,10.7,-10.3,2.5,19.7,1.6,5.8,8.9,-12.0,0.6,1.8,20.3,3.0,-0.3,14.1,17.4,12.1,-5.6,-1.5,-1.0,-6.2,-6.0,-16.1,4.0,5.0,-8.7,3.5,0.8,-2.7,-7.8,-17.0,-6.0,-11.1,-1.8,-0.6,8.4,-1.9,-1.6,-5.0,-12.7,-8.7,-5.3,3.1,3.6,5.9,1.9,-4.9,7.9,-5.0,2.5,17.9,-4.7,-1.1,7.2,-5.0,-4.3,3.2,-2.7,-1.6,-10.4,-8.6,0.3,-4.5,-4.9,11.5,-3.0,21.4,10.3,-8.4,9.5,9.2,6.2,-2.2,-1.0,10.2,15.2,-1.1,14.2,-0.5,6.8,7.1,1.1,-17.4,-3.6,-1.7,21.4,12.2,8.2,5.6,14.1,-5.9,1.6,2.0,0.1,15.7,6.4,-4.5,-4.3,-9.0,-10.2,-2.2,-0.2,2.0,-1.4,3.4,0.4,7.9,2.6,-4.2,7.1,-1.1,1.9,2.2,3.2,-10.8,1.0,-22.0,-0.2,3.9,10.5,6.6,22.9,-1.8,-4.1,3.7,-3.9,-3.3,-0.2,-3.3,6.2,9.4,-5.2,4.9,-18.9,7.2,-8.6,-14.7,-8.5,-5.6,-2.6,0.7,2.4,-5.9,-3.3,-2.0,-10.1,11.2,-3.7,5.4,7.3,8.7,-11.4,-5.1,-7.8,-5.2,1.5,0.7,-1.6,3.9,4.5,-5.6,8.0,2.6,0.9,-16.0,2.2,-0.1,-4.7,1.3,-9.3,-11.8,7.2,-0.3,-7.1,-5.0,0.0,3.0,2.9,2.5,1.5,-1.9,2.8,-11.7,-2.0,9.1,4.6,12.0,-12.1,-4.3,-0.4,7.9,-5.2,2.1,10.2,0.6,-14.5,-3.3,9.3,4.2,0.3,-4.9,6.6,-3.7,-4.8,6.1,10.4,1.5,2.5,-0.7,-0.8,5.7,-0.8,-1.6,4.6,2.0,-2.8,10.0,-8.4,9.1,9.6,2.2,-11.6,2.2,2.0,-0.4,3.1,6.3,1.2,2.3,6.6,-2.4,5.7,9.0,-5.6,8.2,-2.0,-3.0,-5.1,10.7,-9.8,14.3,0.8,3.5,-3.5,-3.3,0.0,-8.9,-5.7,6.7,-0.5,-3.9,5.6,6.3,8.7,-1.5,2.6,-2.9,-11.1,5.0,3.8,6.0,-11.3,-7.1,-5.2,6.0,4.7,-1.2,-17.9,3.2,-2.8,12.6,0.4,-4.4,9.2,1.0,3.6,8.9,3.0,9.9,-2.3,-5.0,1.0,-4.2,4.8,5.5,0.5,7.6,2.6,4.4,-3.2,-6.4,10.3,-2.3,6.0,0.4,-1.4,-0.0,3.9,2.5,3.8,-0.2,2.7,10.4,4.3,13.8,1.8,-0.9,-4.1,-3.9,16.1,1.5,-3.9,-11.9,1.2,-9.1,-5.4,-12.2,-7.3,-2.2,2.7,-7.3,-7.6,0.1,16.4,-5.5,-2.8,-6.6,-7.9,11.2,-4.2,-7.1,-4.6,5.7,10.0,-1.4,21.0,15.3,-1.7,-4.0,15.5,-2.3,12.8,-2.9,-6.4,5.6,-12.8,11.6,-8.0,-9.1,6.3,-13.0,-7.9,-1.4,-5.7,1.8,11.5,-10.5,-3.1,3.6,24.6,0.7,5.6,-14.6,10.1,-11.9,-3.4,1.0,-1.8,2.1,3.0,12.9,7.4,-10.2,-0.6,-6.7,7.5,2.2,-3.5,-4.3,2.7,-1.3,10.4,14.0,-3.4,-4.7,-4.4,5.6,11.6,-9.2,-7.1,-8.5,-1.8,-13.7,8.8
2021-01-25,-10.2,3.2,2.6,10.4,2.7,-0.4,-0.1,13.9,-5.7,-1.5,22.6,-13.2,-3.7,10.9,6.3,2.7,3.7,22.4,3.8,-2.2,-1.5,-0.5,5.7,-2.9,-1.6,-2.4,-9.7,-4.5,-8.9,-10.7,-4.4,-6.7,3.6,-4.1,5.5,-5.3,-20.0,-5.3,-7.6,-0.4,-8.3,10.7,-4.6,-0.4,-6.6,-11.3,-6.4,-2.1,0.6,-1.1,-2.2,4.6,-1.0,-1.3,-3.8,8.1,0.1,-2.4,11.3,3.2,-4.4,5.3,-3.1,-2.9,-3.9,-4.3,7.8,1.9,-3.3,12.3,16.0,-1.6,2.8,8.9,-16.7,10.1,6.3,5.4,-5.8,-6.5,2.0,16.8,-1.4,-9.6,4.7,4.9,2.9,18.8,-4.4,1.9,3.4,4.4,10.1,5.9,3.0,2.3,0.1,-2.4,1.1,-0.5,14.7,5.1,2.1,-4.5,-8.2,-8.0,-2.9,-4.2,1.5,-6.5,6.3,9.4,5.8,-0.9,-5.1,6.4,-2.9,8.4,1.0,21.4,1.9,-3.8,-17.4,3.6,7.4,12.3,9.8,16.7,0.3,-3.5,8.2,4.0,-1.0,-2.8,-3.3,2.2,11.1,-3.9,-0.3,-2.8,10.0,-4.9,-14.4,-1.4,-3.6,0.7,4.0,1.1,-3.8,-0.3,2.6,-10.6,12.8,-4.7,5.2,4.4,7.2,-9.1,-1.8,-5.2,-5.1,4.0,0.8,4.2,5.0,3.5,6.2,-3.8,-3.8,-1.4,-5.9,3.5,-3.0,-4.6,0.5,-6.6,-12.5,10.7,6.5,5.1,-0.2,5.2,-3.7,13.4,8.2,0.5,-4.1,5.3,-7.8,4.0,11.3,-0.5,1.6,-7.1,-1.5,7.4,12.2,-3.5,15.4,11.4,2.0,-13.0,1.5,1.3,0.6,3.0,1.2,3.5,-2.2,0.4,12.2,14.3,3.2,3.3,0.5,-1.5,7.0,-0.7,-0.9,-6.7,3.5,2.9,9.7,-4.8,8.5,6.2,-1.2,10.7,4.1,4.1,1.2,3.4,6.3,4.2,4.0,6.3,5.2,12.5,15.3,3.1,13.6,-4.5,-7.2,-2.3,3.0,-2.8,-1.6,15.5,4.7,-4.6,-5.8,5.3,-10.2,-1.1,6.5,2.6,0.1,-0.6,4.9,0.9,-0.6,3.7,-6.5,2.6,8.1,7.1,6.4,-7.1,-8.8,-5.1,-2.3,0.0,-0.6,-15.4,1.8,-9.7,-0.3,0.9,-4.4,3.0,2.1,4.3,4.9,4.4,9.3,-4.6,-4.8,1.6,-3.8,1.9,1.9,4.8,3.4,1.3,6.1,-4.7,-1.7,2.1,-0.7,0.1,-0.7,-1.6,1.0,1.8,6.9,4.8,0.5,-0.7,8.9,4.9,15.7,0.6,0.5,-3.3,-2.7,13.9,-2.7,1.4,-1.6,3.5,-1.7,-1.1,-6.9,-2.2,4.0,0.2,-2.6,5.5,1.6,21.8,-5.4,-8.5,-9.1,2.0,9.1,-1.2,2.5,0.8,-12.8,13.3,-10.8,11.6,0.5,13.2,-7.4,0.6,-0.3,10.5,3.1,-8.1,5.8,-0.4,4.4,-4.1,-9.2,1.7,-1.8,-8.2,4.9,2.8,5.8,3.0,-5.8,-4.5,23.9,25.3,-5.7,4.0,-5.6,-6.5,-3.8,6.4,8.3,-3.3,3.7,-11.8,5.3,9.5,1.4,3.0,2.0,10.6,9.8,-6.4,-7.2,-3.9,0.1,-0.3,5.9,-5.4,0.3,0.1,2.6,7.8,-2.7,-4.1,-1.0,-2.1,-2.7,-4.6
2021-01-31,-10.8,7.5,6.8,7.3,14.3,-10.9,-0.1,15.8,-7.7,4.5,34.4,-11.6,-7.6,9.2,2.1,6.0,3.6,30.0,-5.9,-8.8,1.9,-2.4,1.9,-3.2,-2.0,0.1,-8.0,-2.5,3.7,-10.1,1.3,-6.8,6.4,-1.9,1.1,-4.9,-16.2,-3.5,-8.0,3.4,-3.8,12.1,-4.2,0.6,-7.1,10.0,-6.3,-1.9,1.5,-5.0,-12.1,-0.9,-2.4,10.8,-1.0,0.2,5.8,-0.9,-3.1,3.6,-4.8,-1.7,-9.7,-3.8,6.8,-2.8,13.3,3.6,-1.1,-3.4,9.9,-0.1,3.4,6.9,-13.0,7.0,0.3,6.3,-1.6,-5.6,0.3,21.5,-0.1,8.6,3.1,-8.4,9.4,10.3,-19.4,1.3,3.1,3.5,13.5,5.1,6.3,23.5,-10.3,-1.9,1.7,-0.4,10.0,4.7,0.9,-3.3,-3.1,-11.5,-3.1,-9.5,-2.8,-1.3,-2.1,14.6,8.7,1.0,-2.5,9.9,-0.7,5.5,2.3,14.4,10.3,-4.0,-17.0,3.0,5.3,10.5,4.2,3.1,-0.1,-4.0,5.8,0.0,-3.4,-0.6,-1.8,0.9,8.8,-5.4,-5.7,-12.9,11.8,-11.0,-16.4,-3.8,-3.7,-0.4,4.1,2.9,-1.0,1.0,1.6,-8.4,12.5,-7.5,14.7,11.1,2.7,-7.9,-3.3,-2.1,-3.6,3.3,1.8,0.5,2.1,5.6,9.7,-1.4,-9.2,-7.3,-7.0,-7.3,-2.5,-2.7,1.9,-10.1,-12.5,9.6,0.6,1.6,8.5,-0.1,-10.1,-2.5,2.3,-0.7,-2.0,1.2,-8.7,0.7,9.6,4.7,9.9,-13.9,-7.2,5.5,12.1,-10.1,3.0,-2.1,-0.0,-9.1,2.8,3.8,-2.7,5.0,2.2,4.5,-4.8,-5.2,7.0,12.7,4.3,2.8,1.2,10.9,4.2,2.4,1.4,-1.6,6.3,0.8,8.8,-6.9,9.6,5.3,3.9,-11.5,2.3,0.9,-2.2,-1.1,6.6,1.7,1.1,-5.5,-8.3,3.9,7.1,-6.0,8.4,-8.6,-9.1,-3.9,2.2,-3.8,-6.3,7.5,4.0,-10.7,-11.5,9.9,-7.6,-4.9,5.4,-9.3,0.8,-1.3,2.0,1.1,2.6,3.1,-11.5,-15.9,7.1,8.8,9.9,-1.4,-4.3,-1.3,-4.5,8.8,-1.0,-14.2,2.9,-6.4,-2.5,-1.8,-2.9,3.8,3.0,-0.9,8.2,5.9,9.5,2.9,-4.3,-0.5,-4.1,4.6,-0.6,1.5,11.6,-0.7,-0.4,-3.5,0.0,-2.7,-2.6,-0.6,-1.0,-1.7,-0.1,5.1,6.0,3.8,0.6,-0.7,13.6,6.4,15.5,5.9,-4.0,-4.3,-5.2,13.5,-0.4,-2.5,-4.4,-0.4,-5.5,-3.6,-10.3,-2.9,-3.7,0.5,-12.2,0.2,2.6,14.5,-3.4,-3.6,-11.5,-1.6,1.5,-3.8,0.2,-2.2,-17.6,10.0,-0.7,2.7,25.8,1.1,8.2,-4.5,-7.2,7.5,2.9,-13.8,1.4,-3.2,1.9,-1.6,-17.2,8.1,0.8,0.9,5.3,1.3,6.5,2.2,0.9,2.9,-0.7,7.4,-2.4,7.5,-0.8,-3.1,-2.1,3.7,10.7,-6.5,12.0,4.7,-2.3,10.7,-2.1,-0.2,-1.6,3.6,16.5,-5.5,-7.3,6.1,-0.0,-1.6,5.6,2.5,-3.2,-3.3,-6.8,5.9,-6.8,-5.6,-7.0,-4.8,-8.1,-7.9
2021-02-06,-10.5,0.8,5.8,3.8,4.4,-2.3,-0.6,12.2,-6.0,7.5,18.8,-9.3,-3.2,6.3,2.7,9.6,3.6,19.6,0.3,-2.4,-1.9,-3.7,5.1,-3.1,-2.3,-0.6,-9.5,-4.8,-16.0,-11.5,-3.8,-6.9,3.3,-1.8,0.5,-4.2,-17.3,-3.3,-7.2,-6.6,-6.3,9.5,-4.8,-1.7,-7.1,-10.3,-5.9,-3.4,3.5,-1.9,-7.6,-0.3,-0.7,3.8,-3.4,2.0,4.5,-0.4,5.8,2.2,-7.6,-6.5,-6.7,-4.5,-2.3,4.5,8.7,6.6,-4.1,-11.3,15.1,-5.2,4.9,5.4,-14.0,3.5,1.9,4.0,-6.8,-5.1,3.7,15.7,-3.7,7.3,3.5,8.2,6.6,11.0,-6.7,2.2,1.0,6.5,9.8,6.1,4.2,8.0,-1.7,-1.1,0.9,-2.7,11.0,1.4,-0.1,-2.4,-4.7,-7.5,-6.0,-4.1,-7.8,-3.9,6.5,3.1,7.3,-0.5,-2.7,8.8,-1.6,4.1,1.6,22.1,1.0,-3.0,-14.6,2.4,4.1,9.4,8.7,14.3,-1.2,-2.6,5.9,11.9,-4.3,-1.7,-4.6,-0.3,6.7,-8.9,5.3,-13.0,6.2,-7.9,-16.8,-2.9,-5.1,-1.1,3.0,0.3,-4.0,-0.5,0.1,-11.1,10.4,-8.1,7.5,10.1,5.9,-8.3,-2.7,-7.1,-4.7,2.7,0.6,2.7,3.6,2.8,1.9,-6.1,-2.7,0.7,-10.2,4.0,-4.8,-4.5,1.7,-7.8,-10.9,9.0,5.2,1.2,-2.0,2.6,-0.4,-4.5,9.3,-3.2,-2.1,6.4,-9.8,-0.2,6.7,4.4,2.5,-17.9,5.8,4.1,10.3,-7.2,12.9,14.9,-0.4,-14.9,9.8,0.5,0.9,-0.8,2.6,4.7,0.3,14.1,9.9,11.0,-1.8,6.1,-0.5,-3.9,-3.4,-0.9,-3.3,3.0,0.2,2.0,-0.4,-7.9,6.8,7.6,5.6,6.3,5.3,3.1,1.0,-0.8,3.5,2.1,1.7,0.1,-3.9,2.3,8.6,-4.5,14.7,-6.2,-3.1,-5.1,2.8,-5.0,-6.8,5.3,3.8,-7.0,-8.3,6.2,-8.1,-3.4,1.6,-13.1,-2.1,-2.5,9.7,-1.8,2.2,3.2,-8.2,-1.6,5.1,7.1,9.2,-5.1,-11.1,-3.3,0.8,-2.5,2.9,-17.6,0.9,-7.0,-4.1,1.5,-0.8,7.3,2.2,1.1,8.3,6.5,5.6,-3.1,-6.1,1.7,-3.7,1.9,2.0,11.9,22.0,1.1,-2.0,-1.7,-2.9,1.8,-2.5,-2.7,-0.4,-1.1,0.7,10.4,11.0,1.8,2.2,1.2,8.5,6.7,12.1,1.8,-1.1,-3.7,-6.6,12.3,-1.7,-3.0,-2.9,0.3,-3.2,-1.4,-2.2,-3.9,0.0,-0.3,-4.8,6.1,4.5,11.1,-3.5,-5.9,0.8,2.2,4.2,-0.4,-1.7,11.5,-5.7,11.3,3.1,4.4,11.5,-1.0,-1.0,-6.6,-0.1,2.2,-12.2,-8.4,6.3,-1.5,7.9,-5.2,-8.6,0.8,-1.7,-7.4,8.6,2.3,5.4,3.2,-4.5,-5.8,16.4,12.9,1.4,5.0,-6.2,-3.8,-3.7,3.7,6.6,-5.3,5.8,-0.5,1.0,12.9,-2.4,-0.2,-1.0,3.4,2.3,-5.5,-0.8,-0.1,-4.4,-1.4,3.8,-5.5,-0.6,-1.9,-0.2,11.7,-3.6,-0.4,-1.5,-1.3,-8.5,-4.3
2021-02-12,1.0,5.3,12.8,13.7,3.5,12.1,11.8,14.6,3.9,7.9,8.8,-1.4,6.3,9.5,10.8,-10.6,13.8,17.4,7.1,-0.5,2.3,10.8,17.3,0.0,-3.8,6.9,-1.0,-1.6,-4.8,-10.4,-0.9,-3.5,12.7,2.5,2.8,-11.7,-11.4,2.8,-7.7,-4.5,-11.7,10.4,-0.6,5.2,-10.1,-9.8,0.6,2.3,-7.2,2.0,-0.3,3.1,4.1,16.1,0.5,-8.9,2.0,0.2,0.8,8.1,2.0,4.9,-5.5,-5.3,11.1,2.9,-4.6,13.4,5.3,-4.9,16.3,-3.0,3.0,9.9,-4.2,10.1,2.0,16.4,1.8,-3.9,5.0,19.9,1.2,8.6,-0.8,10.7,5.8,8.4,-17.3,-1.4,3.9,3.5,10.0,10.2,10.5,23.3,9.3,-3.4,6.8,9.9,10.9,5.3,2.8,-5.8,-0.5,-5.3,0.0,7.3,1.1,1.1,12.0,0.4,13.8,4.8,0.2,4.9,1.3,7.4,-1.7,11.4,-10.8,-4.6,-21.3,4.1,5.5,13.5,16.0,27.5,4.3,-10.5,7.8,2.8,0.8,4.2,0.9,4.7,19.0,2.9,-2.0,-6.1,12.9,1.1,0.5,4.4,-0.1,3.1,7.0,5.6,5.1,3.1,2.2,-4.8,18.9,-15.2,4.2,18.4,11.3,-1.7,3.9,-0.3,1.3,7.2,4.6,5.5,6.2,8.4,8.1,9.6,10.0,0.4,-2.6,-0.0,-6.1,1.9,6.8,-4.6,-7.4,16.0,8.5,7.0,-2.2,-10.6,12.8,11.8,10.0,5.3,2.7,9.8,-9.1,1.9,9.9,5.9,12.4,-16.6,-2.8,9.6,15.4,0.0,10.1,13.0,4.7,-12.8,2.3,6.7,8.9,9.6,6.2,1.2,-0.6,1.1,11.9,14.0,6.4,3.0,4.0,9.8,11.3,4.3,2.5,-12.8,11.1,-8.6,13.0,-9.7,15.6,9.7,6.1,2.6,7.1,7.8,-6.3,14.3,11.3,14.5,-7.9,-1.1,-6.4,9.5,12.2,-3.2,4.8,-4.4,-7.9,-5.1,-0.6,-8.5,14.1,5.6,2.4,-4.5,-5.7,9.9,-6.4,-2.9,4.4,6.5,-9.0,0.0,0.4,-5.4,3.8,3.2,-3.6,-12.4,4.2,9.5,3.6,-0.5,-8.6,-5.8,7.4,-1.9,2.2,-13.7,8.1,-13.9,-1.7,3.3,-1.7,8.3,6.6,4.9,8.4,6.1,9.2,-3.4,-5.6,6.8,-1.8,8.3,9.8,-0.1,11.4,-2.5,11.2,-7.0,-15.5,6.7,1.5,-0.7,0.2,-0.3,3.4,4.0,11.5,1.7,4.7,14.9,7.1,5.5,14.2,3.1,6.3,-3.6,-1.1,23.0,-11.5,4.6,-8.1,6.2,-11.4,-6.2,-9.6,-7.7,5.2,1.8,-5.1,4.9,10.5,12.5,-1.3,-5.4,-2.6,7.1,0.5,-10.7,3.1,3.2,-16.5,8.3,9.6,-3.7,15.2,-0.4,-7.4,4.1,-13.0,-8.2,9.5,2.1,2.0,-1.3,25.2,4.4,-6.7,10.8,8.7,-17.2,6.6,-3.5,0.3,1.6,4.2,-1.5,4.7,13.1,3.1,7.8,-21.9,3.8,4.6,1.5,2.3,-9.6,13.1,-5.5,-6.5,9.9,-0.1,6.4,-4.6,7.1,3.5,11.0,5.9,-6.9,-6.6,-3.6,7.3,-4.0,-7.1,-5.3,0.9,7.9,-9.6,-9.8,-8.2,0.9,-13.6,-13.8
2021-02-18,-10.3,0.5,2.4,5.6,3.1,-8.4,-2.1,10.7,-6.7,-0.1,20.6,-12.0,-2.1,7.2,5.5,12.8,6.5,20.4,1.0,0.8,1.1,-8.5,-5.7,-7.8,-2.3,-0.0,-8.8,-6.9,-14.1,2.0,-3.1,-9.1,6.6,-2.2,0.4,-8.9,-19.8,-6.6,8.1,-2.1,-10.9,7.8,-2.0,0.6,-8.2,-12.8,-9.4,-9.8,2.3,-2.3,-6.3,1.4,-9.7,1.3,-2.8,2.0,8.6,-2.6,3.8,0.1,-0.4,2.3,-8.1,-7.1,-4.6,2.1,-4.1,6.6,-3.2,-3.6,12.4,-4.0,2.4,9.6,-12.9,5.6,-0.2,14.6,-8.5,-4.6,1.3,11.2,-7.1,-3.6,3.1,4.4,0.5,8.8,-10.0,-0.1,-0.1,2.2,9.4,5.7,6.1,17.6,-4.9,-0.9,-1.5,-0.4,4.7,3.4,-0.2,-5.8,-5.7,-9.7,-8.8,-3.3,-5.7,-7.8,8.0,-0.4,8.1,1.1,-2.7,9.7,2.3,2.1,0.9,3.4,-1.4,-6.0,-17.2,1.8,2.2,5.5,11.9,18.9,-1.8,-1.2,1.2,1.5,-4.3,-3.1,-4.5,2.3,6.8,-6.5,-0.6,6.0,5.6,-9.4,-13.4,-9.3,-4.8,-2.2,1.0,-2.7,-5.0,-1.4,-1.5,-12.7,11.0,-6.3,4.2,6.0,6.7,-9.5,-6.3,-10.4,-4.9,2.6,0.5,1.1,2.9,-0.7,1.0,-7.7,-6.0,-2.1,-12.4,5.7,0.8,-5.1,0.5,-9.8,-11.0,7.8,2.0,8.2,-5.7,2.0,-9.8,-2.4,3.4,-2.4,-3.7,-4.4,-8.7,-9.5,12.8,-0.6,7.5,-20.1,9.8,9.8,11.2,-9.2,3.6,16.5,-3.1,-11.7,-5.7,-0.0,-2.0,-1.5,0.8,3.5,-4.0,13.9,14.8,10.5,-0.2,11.7,-1.5,-1.5,15.6,-2.3,-2.9,-0.5,-0.8,1.9,12.0,-9.8,7.8,13.4,2.4,9.1,2.1,2.3,0.4,3.2,3.6,1.9,0.9,-2.6,-5.8,5.7,7.6,-2.1,9.4,-3.0,-4.5,-6.0,-1.5,-3.8,-4.8,0.7,5.4,-4.0,-6.7,6.7,-11.4,-7.6,5.0,-1.8,-2.1,-1.8,3.4,-0.2,-1.9,2.9,-5.8,-3.2,-6.0,5.8,10.9,-7.8,-7.7,-6.7,-6.6,-0.2,-1.3,-15.7,0.3,-13.0,-1.6,-1.6,-3.3,5.1,-0.6,2.3,9.6,3.6,1.0,-4.3,-5.1,-1.1,-5.1,0.5,1.1,2.7,7.3,-0.9,0.2,-11.4,-2.0,-1.5,-2.4,-0.7,-2.7,-1.1,1.1,4.5,15.8,3.3,1.9,-2.1,14.6,4.3,12.6,-0.1,-3.1,-4.6,-1.5,12.6,-0.1,9.1,-3.8,-1.1,-5.3,-2.9,-9.1,-3.5,-2.6,6.5,-11.3,5.4,7.8,1.5,-5.4,-6.4,13.4,7.5,-11.5,-0.3,9.8,-0.3,-17.3,6.6,-9.1,4.3,7.6,-3.1,-4.1,12.4,-1.7,8.9,4.0,-11.0,1.9,-0.3,3.9,-5.4,-6.4,4.1,-6.8,-0.7,-0.9,-0.1,3.4,0.1,-3.8,-6.4,9.2,22.4,-0.7,6.3,-2.8,-0.1,-2.9,0.1,4.5,-9.8,4.6,1.3,3.9,11.3,0.6,7.1,2.1,18.1,5.4,-6.1,2.4,1.3,-10.1,-7.1,3.1,1.1,-0.6,-1.7,1.2,1.2,-2.4,-7.5,-2.6,0.7,-5.5,-4.9
2021-02-24,-12.3,1.2,11.5,2.4,8.1,-4.7,-2.0,15.6,-8.0,1.6,20.5,-8.5,-0.6,6.3,-0.5,8.4,4.4,21.6,1.0,-3.5,-1.1,-4.5,8.9,-4.5,2.1,0.2,-8.5,-3.0,-12.0,2.6,-2.0,-7.5,6.7,-2.9,12.0,-4.7,-16.9,-4.5,2.2,-4.3,-3.7,13.4,-3.3,-0.3,-9.0,-5.2,-8.2,-10.1,4.6,-2.7,-7.4,2.4,2.9,13.7,-2.4,1.1,4.7,-2.7,2.8,3.7,-2.5,-13.2,-4.8,-1.0,-0.2,10.2,-4.9,3.8,-0.3,-10.0,13.4,-2.9,5.5,7.0,-13.0,6.3,-0.9,4.4,-4.5,-5.4,0.3,15.8,-4.6,13.9,5.4,2.9,6.0,3.3,-5.2,-1.6,-0.4,4.0,8.8,7.6,4.3,6.1,0.2,-0.7,1.7,-2.9,10.7,2.2,4.5,-3.3,-6.9,-7.6,-5.7,-4.1,-6.9,-6.9,8.1,8.7,8.9,-2.9,-1.2,12.4,-4.7,5.4,2.8,2.3,2.9,-0.3,-13.5,1.7,5.0,7.2,7.4,14.0,-1.7,-3.1,0.2,-3.9,-4.2,-0.3,-3.7,-0.8,8.6,-4.2,5.0,-10.0,7.1,-6.9,-15.8,-6.5,-4.6,-2.5,-0.6,3.1,6.9,0.5,-3.1,-8.7,12.7,-5.4,6.8,17.3,4.2,-7.3,-3.0,-7.4,-5.4,2.6,-0.3,4.2,0.5,1.9,2.3,2.0,-1.9,0.1,-5.6,9.8,-3.0,-5.9,1.1,-8.1,-10.5,8.2,7.8,0.8,-4.5,1.2,-1.7,-0.4,2.8,-2.0,-4.5,-3.9,-5.6,-0.9,8.6,2.1,3.6,-15.4,3.8,4.4,9.2,-2.7,2.1,13.7,-0.5,-4.9,-0.8,2.0,-7.9,4.0,3.3,2.7,-0.4,1.7,9.9,12.5,1.8,3.7,-0.2,-3.4,4.1,-0.9,-0.3,1.8,4.3,0.7,10.6,-4.4,9.2,6.7,0.6,-8.8,0.1,2.4,0.9,2.3,5.8,1.8,3.0,2.8,-3.9,4.3,7.4,-10.0,12.4,-5.1,-5.2,-3.9,-0.5,0.1,-0.4,12.2,3.7,-6.2,-6.6,4.4,-8.7,-4.6,0.9,1.3,-11.7,-2.2,10.6,1.5,5.2,2.4,-7.1,-0.5,0.8,5.0,0.7,-5.2,-9.1,0.5,-1.0,-2.2,-2.5,-15.5,0.9,-4.1,0.8,10.7,2.3,3.0,2.0,-0.5,6.9,4.0,4.8,-3.8,-6.1,1.3,-4.8,5.0,1.9,1.1,-2.0,-8.7,-1.1,0.8,-0.7,-1.1,3.7,-0.6,8.4,5.3,3.0,6.3,6.9,2.1,0.9,-1.2,7.4,5.5,12.6,8.7,-1.2,-5.4,-0.1,13.4,-3.5,-3.3,-3.1,2.6,-2.5,-2.6,-1.1,-4.1,-4.5,-7.5,-4.1,4.2,3.3,14.9,-1.3,-2.9,-2.2,3.7,3.1,-1.9,-1.3,-10.5,-5.9,8.7,-1.6,2.7,9.9,-3.7,-2.5,15.6,-1.5,2.4,-3.6,-8.7,3.0,-1.8,8.5,-7.0,-11.0,4.1,-1.3,-6.8,3.5,3.8,6.7,2.4,-2.0,-3.7,9.5,11.5,0.8,5.5,-4.8,-4.4,-11.9,3.3,8.7,-4.4,7.9,-4.4,2.7,10.2,-4.6,-7.1,-0.1,18.8,2.2,-9.5,-3.3,-3.1,-7.1,-2.4,6.9,-4.9,2.3,-1.2,0.9,15.8,-4.2,-3.8,-0.4,0.7,-10.7,-7.4
2021-03-02,-11.7,-1.1,1.3,2.2,6.2,-3.6,-3.6,14.8,-8.3,-0.6,20.5,-9.6,-3.8,4.4,-3.7,3.5,9.2,20.6,-2.8,-8.2,-3.6,-7.4,5.7,-4.0,1.8,-0.1,-9.1,-4.3,-12.5,-12.2,-2.1,-8.3,7.4,-4.1,-5.3,-0.4,-17.0,-3.4,1.3,-1.2,3.4,9.0,-1.5,1.3,-9.2,-12.7,-6.8,-2.2,4.6,-2.4,-7.4,-0.0,0.2,-0.5,-1.2,4.7,8.9,-0.7,-2.7,7.7,-3.2,-0.5,-7.8,-8.0,-6.8,-9.0,6.2,10.8,4.6,-8.5,14.6,-3.2,8.1,9.0,-11.5,4.2,-3.1,-5.8,-6.3,-7.4,1.1,15.0,-3.8,-10.5,-6.6,4.4,6.4,6.8,-6.3,3.8,1.0,7.2,12.1,7.7,6.6,11.6,-0.5,-1.8,1.5,-1.3,10.0,0.8,4.5,-5.2,-2.4,-5.5,-4.3,-5.2,-6.9,-5.6,7.9,12.2,9.7,-5.2,-3.4,11.7,-6.9,0.9,3.7,7.4,2.3,-2.5,-12.2,6.1,8.3,11.8,9.5,16.5,-0.8,-2.4,0.3,-6.1,-4.3,-1.1,-4.9,1.2,8.4,-5.0,3.7,-7.3,10.7,-8.4,-14.8,-5.0,-4.5,-1.9,-0.2,-4.1,0.8,-2.0,-2.9,-10.3,12.8,-6.8,7.1,8.3,5.3,-9.6,-2.2,-10.5,-5.0,3.5,-0.3,1.1,1.4,-2.1,4.6,0.7,-1.1,-0.3,-7.8,6.7,-5.2,-5.3,1.8,-8.7,-11.1,7.3,7.1,-5.2,-7.2,2.2,-1.5,-0.6,4.7,-1.8,-3.3,1.7,-6.6,-1.1,8.6,-5.4,6.9,-16.2,-4.8,2.3,9.3,-6.3,4.4,23.1,-1.6,-3.9,1.6,-2.4,2.8,2.4,1.4,18.8,-2.0,-1.6,9.1,11.7,0.3,4.0,-0.0,-1.6,4.8,-3.2,-2.2,1.3,3.9,-0.4,11.0,-6.3,9.6,2.2,0.8,6.0,-3.7,1.2,1.4,-1.2,5.2,0.8,2.5,-1.9,2.7,3.7,17.7,-4.4,12.0,-7.3,-4.8,-3.2,-0.2,-4.1,-2.3,12.3,4.3,-8.1,-9.1,3.1,-10.8,-4.5,-0.2,1.4,-0.6,-8.1,4.7,2.6,2.4,2.4,-8.3,4.2,0.6,5.0,5.6,-6.5,-8.1,-3.6,-1.3,-1.3,-1.0,-16.5,-1.7,-5.6,1.2,3.1,0.6,6.4,1.9,-1.3,7.4,3.0,3.5,-4.0,-4.8,2.7,-5.2,2.7,1.3,-2.9,8.6,-8.0,-3.3,0.5,-2.0,-0.5,2.0,2.0,13.2,1.3,2.7,5.9,5.2,-0.3,1.2,0.0,8.6,3.6,12.3,0.9,-2.0,-5.0,-1.7,17.4,-3.7,-2.8,-2.3,-0.8,-2.2,-2.6,-0.1,-3.9,-4.5,-7.3,-2.1,7.6,4.3,18.3,-5.1,-0.0,-5.0,7.4,8.2,-0.6,0.4,-1.5,-4.8,11.0,-9.0,4.0,6.0,-2.9,-0.5,4.6,-1.0,1.1,1.4,-10.2,4.3,-3.8,6.7,-3.8,-6.4,4.9,0.0,-10.5,3.7,4.4,6.1,3.3,-4.0,-3.5,12.0,12.1,-0.3,6.9,-2.3,-5.4,-5.4,5.6,5.3,-1.6,7.2,-11.6,3.6,11.9,-4.4,-7.7,0.1,7.7,4.4,-11.2,0.9,7.1,-6.5,-0.6,9.1,-6.4,1.2,-2.4,2.3,13.0,-2.2,-1.9,0.4,0.2,-4.8,-0.3
2021-03-08,-11.3,-1.4,4.1,4.7,3.8,-2.2,-0.9,14.5,-8.8,1.5,20.5,-5.9,-3.8,6.7,1.4,8.6,13.4,22.0,-4.5,-1.3,-1.7,1.9,6.0,-2.5,2.4,-0.4,-9.1,-2.3,-16.3,-9.3,-3.1,-7.3,6.6,-4.1,-4.4,-1.6,-16.5,-3.5,-9.6,-4.0,-5.3,11.1,-3.3,-5.8,-8.3,-11.9,-10.5,-8.8,0.5,-2.2,-3.0,1.4,-0.4,-3.1,-2.9,-0.8,10.9,-0.7,-1.2,-0.6,-5.5,-1.3,-4.2,-5.3,-4.5,9.0,-1.0,6.8,-1.0,-6.7,15.2,-0.4,4.9,7.3,-14.8,3.8,1.9,6.1,-5.4,-8.0,3.6,14.5,-5.3,-8.7,1.7,3.7,4.3,4.6,-5.4,2.5,0.6,2.8,12.7,5.7,6.0,12.4,-0.2,-1.5,2.2,-0.7,10.8,0.6,2.8,-4.3,-4.0,-7.5,-4.3,-5.0,-3.1,-6.0,3.5,11.7,7.4,-1.0,0.4,10.6,-8.5,-0.4,2.4,8.1,1.7,-3.3,-15.2,2.9,8.8,12.3,6.9,15.7,0.3,-4.5,3.1,-1.0,-2.8,-1.7,-4.3,0.8,7.1,-4.9,5.8,-12.3,10.7,-8.4,-16.2,-9.3,-4.9,-1.8,0.6,1.6,0.1,-1.6,-2.1,-11.9,11.8,-4.3,6.4,8.0,5.1,-7.5,-6.0,-9.8,-5.5,3.2,0.2,0.4,4.3,0.1,4.2,0.4,-0.1,0.2,-7.3,8.7,-5.8,-5.2,1.9,-9.1,-11.6,8.0,6.2,-0.8,8.1,2.0,-1.3,-0.7,3.6,-2.9,-3.5,-6.0,-3.9,3.2,9.6,-1.6,4.9,-14.0,-8.7,-1.0,8.8,-7.6,4.9,10.1,0.1,-0.4,4.7,-2.6,0.6,1.3,3.0,5.7,-3.7,-4.7,7.3,10.9,-7.4,0.9,0.1,-3.5,5.0,-1.7,-1.5,-1.3,1.0,1.0,9.3,-8.0,8.1,4.6,0.9,-11.0,2.2,2.1,2.8,2.4,7.9,1.7,2.6,-2.5,2.3,4.5,13.4,-6.4,9.9,-6.9,-4.7,-4.2,0.2,-2.8,-8.0,6.4,5.7,-8.9,-9.8,4.6,-9.3,-5.8,3.3,0.2,-0.6,-2.8,6.9,3.1,1.5,6.8,-9.9,7.5,0.9,5.6,4.2,-9.2,-7.2,-6.2,-8.9,2.0,0.1,-15.8,1.0,-4.8,2.9,-3.6,-0.5,2.5,1.5,1.0,6.3,3.9,5.0,-4.7,-5.6,2.6,-5.5,3.3,0.2,3.5,-3.2,-7.0,5.3,0.3,-3.0,-0.3,1.0,3.9,19.4,-0.8,2.1,7.3,5.9,2.8,2.3,1.4,3.6,4.3,10.9,0.1,0.3,-6.0,-1.2,19.2,2.1,-5.6,-2.0,2.4,-2.8,-2.0,-1.2,-6.6,-1.5,1.4,0.0,-1.0,3.6,0.2,-4.9,-4.4,10.1,3.9,7.7,-0.3,-9.1,0.2,-6.1,8.7,-0.5,20.1,9.4,-10.4,-8.5,8.0,0.2,-0.5,0.0,-9.7,4.0,1.2,8.4,-5.5,-6.7,-3.0,-0.5,-5.3,-0.2,5.5,7.4,4.2,-2.8,-3.8,8.3,11.8,0.2,-2.2,-6.5,-4.4,-5.4,-0.7,7.1,-5.3,6.0,1.5,3.1,11.0,-4.8,-10.1,-1.8,1.5,4.5,11.3,1.9,3.3,-2.8,-0.4,6.9,-7.3,3.2,-1.0,0.6,12.3,-2.9,-5.9,-0.7,-1.0,-7.3,-4.5
2021-03-14,-10.8,1.0,8.1,5.1,0.8,-2.9,-2.8,5.2,-9.1,0.6,15.3,-14.0,-2.3,6.4,0.5,4.1,4.4,17.8,-1.1,-1.7,1.6,-2.6,5.3,-0.1,12.3,-3.8,-9.4,-3.0,-15.8,-6.4,-3.3,-7.9,2.9,-2.1,3.5,-3.8,-18.2,-3.3,-1.9,-3.8,-4.9,11.4,-0.5,5.3,-7.8,1.5,-14.7,-8.2,1.3,-4.4,-6.1,0.1,-0.8,13.9,-0.7,3.8,2.8,-5.0,0.0,0.2,-5.4,1.3,-8.1,-3.5,13.3,-11.7,1.1,3.7,-0.7,-5.5,14.3,0.9,-0.3,4.0,-8.5,3.6,3.2,2.6,4.3,-4.6,2.5,15.4,-5.2,1.9,0.0,3.0,5.9,8.8,-0.8,1.4,0.4,1.1,9.3,3.9,6.0,12.1,-1.1,-3.4,1.2,-0.6,11.2,0.3,0.1,-2.2,-7.3,-9.9,-1.9,-0.2,0.7,-5.0,6.2,9.7,7.0,-3.9,-5.1,9.0,-6.8,0.4,2.5,10.2,4.5,-5.5,-14.2,2.2,3.2,8.1,7.9,14.3,1.2,-4.1,4.9,-8.0,-5.0,-1.6,-5.4,-0.8,8.5,-3.9,-2.7,-9.5,6.2,-3.2,-10.7,-7.5,-4.4,-1.6,2.2,2.3,-4.6,5.4,-4.9,-10.2,10.8,-5.0,-3.3,-3.2,9.3,-8.8,-5.1,-10.9,-4.3,3.3,1.2,-0.9,-7.0,6.7,-1.4,-4.3,-3.1,-1.6,-12.2,6.1,-7.2,-5.8,-0.0,-9.6,-11.6,8.5,4.0,-3.1,-6.3,-2.2,-3.6,-1.2,4.9,-3.6,-3.0,7.4,-8.9,-5.1,3.4,0.5,7.3,-6.7,-5.7,5.6,10.9,-10.3,5.4,15.5,-0.4,-8.8,1.2,5.9,5.2,0.9,2.4,5.3,-1.5,-2.4,7.2,13.0,2.7,3.3,-0.6,-1.9,9.4,-0.4,-0.5,-1.4,0.8,1.2,7.7,-6.7,8.3,2.3,-2.4,-11.2,-6.0,1.4,-5.6,14.7,6.3,0.3,2.4,-8.9,0.0,6.0,9.7,0.6,8.0,-8.0,-7.8,-4.1,-4.1,1.5,5.6,4.7,3.0,-8.6,-9.3,7.9,1.0,-2.3,2.1,-0.3,0.5,-1.5,5.2,1.6,0.8,3.7,-9.9,7.8,4.7,7.5,2.4,-4.3,-7.3,-2.4,11.0,-0.7,-0.8,-17.1,2.8,-9.0,0.6,-2.0,-4.5,5.2,1.7,2.1,5.1,4.5,5.3,-0.5,-2.5,1.9,-5.6,7.3,1.7,9.0,3.8,-0.2,-4.5,-5.0,-1.4,-1.9,0.3,1.3,5.4,0.1,-0.4,4.7,2.5,2.1,-1.0,-0.4,11.5,6.5,13.7,3.3,-1.5,-4.8,0.3,12.2,10.5,-5.0,-3.9,0.9,-2.1,-2.7,-7.5,-3.3,-5.2,2.2,-2.5,1.2,1.1,12.1,1.6,-11.2,12.7,-3.4,11.4,5.3,-7.2,-2.0,-13.7,11.2,-9.8,4.0,10.9,4.6,-11.3,4.4,3.8,4.1,2.4,-4.5,4.1,-3.6,7.0,-2.8,-6.4,3.8,4.7,10.1,5.4,4.2,5.9,-0.8,-8.8,-1.5,6.5,14.3,0.5,2.6,-6.3,-5.6,-6.3,1.6,4.8,-2.2,7.7,-5.4,5.1,11.6,-4.7,-0.8,-2.9,12.2,2.4,-0.9,-3.0,-4.5,-4.6,-2.9,8.0,-7.0,-2.9,-5.3,-0.7,9.4,-3.1,-4.9,-5.9,-3.0,-7.1,-4.0
2021-03-20,-11.3,-0.2,6.2,1.2,5.2,-2.6,-2.8,11.9,-9.5,-0.6,17.4,-7.3,-2.5,5.5,1.2,3.0,10.0,16.9,-2.2,-2.4,-3.5,-0.6,0.8,-3.7,-0.4,-1.8,-9.5,-3.5,-16.0,-10.5,-4.1,-8.1,4.7,-4.0,-1.2,-5.9,-17.1,-5.0,-8.2,-4.6,-8.8,8.3,-2.8,-1.2,-8.8,5.1,-9.1,-3.8,1.5,-4.8,-3.9,4.5,-2.1,5.0,-2.0,0.1,3.7,-2.2,2.6,1.8,-4.4,-2.9,-10.6,-0.1,-0.5,-4.0,0.8,2.7,-2.3,-8.0,10.2,-1.9,2.4,4.7,-14.7,6.1,-0.2,2.5,-6.5,-5.9,3.4,10.8,-7.6,9.3,4.9,3.9,-0.2,7.4,-7.3,-1.6,-1.4,21.6,9.1,3.8,5.3,14.3,-0.3,-3.9,1.4,-1.6,-0.1,3.4,2.9,-2.1,-9.2,-11.9,-7.8,-3.6,-2.4,-6.5,8.6,4.4,13.1,-1.6,-3.2,0.1,-7.0,2.4,3.4,11.5,1.6,-4.0,-17.2,-0.1,8.0,9.1,8.2,16.2,-1.3,-5.8,0.2,-7.5,-5.0,-3.1,-3.6,-1.2,6.5,-7.2,1.2,-12.9,9.1,-8.1,-14.2,-8.7,-6.3,-2.5,-0.8,1.7,0.9,-3.6,-4.9,-13.1,10.4,-8.7,5.5,8.7,3.6,-7.7,-5.7,-8.6,-5.2,2.4,-1.2,0.5,2.2,4.0,-1.3,-3.1,-4.4,-1.6,-12.1,3.2,-3.0,-5.6,1.6,-11.7,-10.9,5.8,4.2,-2.3,0.1,0.6,-2.6,-1.9,1.6,-0.6,-2.5,-6.7,-12.7,-9.8,4.1,-5.0,5.5,-18.0,-6.8,2.3,7.5,0.6,-0.4,12.5,-0.1,-5.6,4.9,-3.3,1.3,-1.3,3.1,20.2,-5.4,-5.1,8.8,9.3,3.4,-0.9,-1.8,-2.4,7.2,-4.1,-3.0,-3.0,-0.4,1.5,9.9,-8.7,8.2,1.9,0.3,-14.6,1.2,1.9,-1.8,1.3,4.5,0.4,2.8,-0.8,0.4,3.8,15.7,-4.0,9.4,-5.3,-4.6,-2.8,1.8,-5.0,-4.8,1.3,1.7,-7.3,-7.9,5.0,-10.2,-3.4,-1.8,-1.9,-1.3,-5.3,5.0,2.5,-0.2,2.3,-8.6,-2.3,-0.4,5.4,2.5,-8.7,-8.0,-6.3,10.1,-2.4,-3.0,-20.4,1.3,-5.7,-2.4,0.7,0.3,1.7,1.4,-0.2,6.8,3.4,8.9,-4.9,-4.9,1.5,-5.8,1.1,-1.4,-0.7,4.6,-7.8,-1.9,-3.9,-5.4,-1.7,-5.7,-1.0,-2.7,-2.4,0.2,3.8,0.9,0.8,-1.2,0.9,9.7,3.7,11.6,-1.2,-1.4,-6.2,-2.0,8.7,-8.9,-4.8,-3.7,-1.7,-4.2,-4.0,-4.5,-6.6,-5.5,3.1,-2.5,-9.1,2.7,16.6,-10.1,-12.4,12.0,19.7,-3.4,-2.7,-4.7,-1.2,-8.1,8.5,-9.7,5.7,4.9,-10.4,-11.8,12.0,-1.2,1.7,3.9,-13.7,2.8,-0.7,6.6,-5.8,-9.7,3.6,-11.2,-8.6,1.1,0.8,2.4,1.5,-6.2,-5.4,13.0,17.3,1.3,4.9,-10.1,-5.9,-4.6,2.2,2.6,-6.6,6.2,-1.2,1.3,8.1,-5.6,1.7,0.2,10.5,2.7,-8.5,2.4,3.0,-5.5,-2.5,1.9,0.3,1.6,-2.2,1.1,9.5,-4.8,-5.7,-2.4,-4.5,-5.6,-5.3
2021-03-26,-9.9,2.9,6.0,4.7,2.8,-2.4,-3.0,19.1,-8.0,2.5,17.0,-9.4,-2.6,4.9,0.0,7.5,-7.8,20.9,-0.5,-5.1,-0.6,15.7,1.9,-4.5,3.9,1.0,-6.0,-3.6,-12.6,-3.0,-1.8,-7.2,8.0,-2.0,-1.3,-8.0,-17.4,-2.9,-4.3,-3.9,-9.1,10.1,-2.5,-0.7,-6.6,-0.8,-2.8,-2.2,2.2,-2.7,-7.0,-1.9,-2.2,-3.8,-1.9,1.1,4.0,-0.7,4.0,4.7,-5.6,1.1,-4.8,-5.2,-5.1,2.8,4.1,-7.8,4.2,11.8,13.6,-0.7,7.5,8.4,-5.7,5.8,0.2,-1.2,-7.4,-4.2,6.2,15.3,-5.4,6.5,13.6,10.4,-1.9,6.4,-4.6,2.5,3.8,1.6,10.4,6.9,7.7,11.9,-1.3,-2.6,1.0,0.3,5.1,0.3,2.7,-3.8,-1.9,-8.2,-5.0,-2.4,-0.2,-6.2,4.4,18.1,11.2,-10.3,-7.3,14.1,-0.2,5.6,-0.2,7.4,3.0,-11.0,-14.8,4.0,2.7,10.1,9.2,14.2,-0.6,-3.4,1.8,-5.2,-3.1,1.4,-7.2,1.9,6.3,-6.2,3.9,-9.9,7.9,-6.5,-15.2,-2.9,-4.8,-1.4,-1.6,3.0,10.3,-1.1,-6.2,-7.9,11.2,-7.2,3.2,9.7,5.4,-7.5,-3.6,-9.2,-5.4,3.2,-1.8,0.7,2.0,1.5,-0.5,7.4,-2.4,2.4,-8.0,6.3,-3.0,-5.8,0.2,-8.3,-11.0,7.8,2.6,-2.4,0.1,4.6,-0.3,1.5,2.5,-3.8,-5.4,-1.5,-6.1,0.2,7.5,-1.6,3.4,-19.9,-8.6,2.1,11.7,-8.6,0.4,17.3,-0.2,-2.0,6.1,-0.5,-1.6,-0.3,1.7,-0.3,-4.2,-2.1,7.5,11.8,1.4,3.2,0.4,3.1,6.5,-2.6,-3.3,-2.1,-0.6,1.2,9.1,-8.3,9.0,3.6,0.4,-12.5,4.2,1.1,-2.4,1.1,3.9,2.7,2.9,-2.3,-3.7,6.2,14.8,-2.1,10.0,-7.0,-2.0,-4.1,-5.8,-0.8,-2.8,12.1,5.6,-9.1,-10.6,3.7,-7.8,-3.8,2.1,2.7,2.3,-2.3,8.4,4.5,3.9,3.4,-11.4,10.0,1.5,5.0,6.6,-6.1,-9.1,-6.4,-7.6,-2.1,-3.8,-17.0,-0.4,-3.4,5.4,-6.8,1.3,-1.3,2.9,-0.3,3.2,2.3,3.9,-5.6,-5.2,-4.5,-6.6,8.9,2.8,-1.4,9.1,-7.0,-1.2,-0.2,-2.7,0.6,4.6,5.9,9.6,5.9,4.5,8.5,5.9,-0.2,1.2,1.2,3.1,4.4,11.5,-0.3,-6.5,-6.2,2.5,19.7,5.4,-5.0,-3.7,0.0,8.1,-3.2,-1.3,-5.5,-3.5,5.4,-3.6,1.6,3.5,13.8,1.8,-1.0,3.5,2.9,1.0,-2.8,-2.1,-1.3,-4.9,9.0,-6.7,5.7,9.8,0.0,-1.3,6.3,-0.4,1.2,0.0,-10.0,0.6,-14.7,4.2,-6.3,-6.7,-3.9,-0.2,-7.0,2.2,4.2,6.6,-2.2,-4.3,-3.3,13.9,15.6,0.2,-1.9,-6.5,-5.1,-4.9,1.1,4.9,-9.2,7.7,-13.9,1.2,10.2,-4.7,-3.7,-1.7,4.3,3.3,-5.1,-2.1,-5.8,-4.2,-5.5,3.2,-3.0,4.1,-3.6,-1.6,8.2,-2.1,0.2,0.7,-3.7,-6.9,-11.2
2021-04-01,-7.1,0.5,8.3,5.5,-6.8,-2.6,-6.2,10.0,-9.9,0.6,21.4,-3.9,-2.8,6.0,-10.4,4.2,-6.9,23.0,-7.5,-1.7,-4.0,-2.4,6.4,-1.7,6.8,-1.1,-6.7,-3.3,-12.5,4.6,-2.1,-6.7,4.5,-1.1,2.0,-3.8,-16.3,-4.6,-0.5,-2.6,-12.6,7.6,0.4,-1.4,-5.4,6.6,-8.0,-1.3,4.4,-4.5,-10.6,-3.4,-3.4,9.2,-0.9,4.6,4.4,-3.7,2.6,1.1,-7.0,-5.3,-9.9,-5.8,11.1,2.6,0.6,-1.9,-0.1,0.1,9.9,-5.6,4.4,6.3,-7.5,1.9,-0.1,1.5,-1.4,-7.4,6.6,14.0,1.0,0.5,-11.6,4.1,-7.9,4.3,-2.5,-2.0,-1.8,6.0,12.6,5.6,3.9,19.1,-2.7,0.2,0.9,3.2,13.2,-0.9,-2.6,-4.6,-2.6,-8.2,-4.3,-3.1,0.2,-8.6,-0.6,5.1,11.2,-8.8,2.1,19.2,1.1,10.6,0.3,5.8,1.4,-4.6,-11.3,1.9,6.0,9.9,3.0,16.5,2.0,-4.7,1.1,3.0,-3.1,0.9,-7.8,-1.6,11.2,-3.2,2.9,-9.4,8.7,-8.4,-15.8,-6.7,-3.2,-0.9,2.1,-3.0,6.6,2.4,-0.4,-9.3,13.9,-3.6,3.2,11.1,1.8,-6.0,-3.9,-9.7,-3.4,3.9,1.1,0.8,2.1,-0.5,-2.4,4.7,-2.3,-0.9,-10.0,7.3,-5.5,-4.2,2.0,-9.0,-10.4,7.2,2.4,-7.9,-4.1,3.8,-6.0,12.2,8.1,-4.8,-3.9,-5.3,-7.6,-2.6,6.1,0.4,17.6,-10.2,-5.4,4.0,10.0,-0.5,10.9,14.6,-3.5,-8.8,4.5,0.4,-2.9,-1.4,2.3,2.4,-1.2,0.1,8.9,10.2,2.5,0.7,-0.3,7.5,8.3,-1.7,-3.0,-2.8,-1.0,-9.3,11.8,-8.7,9.5,3.1,-2.8,-10.5,-3.6,-3.5,1.3,-2.2,6.5,-0.2,1.5,-4.3,0.5,8.6,7.7,5.7,10.9,-5.4,8.4,-2.5,-0.7,3.1,1.2,7.6,4.7,-7.0,-10.2,6.4,-6.8,-4.6,2.1,3.9,-0.2,4.1,1.3,3.6,3.9,4.5,-14.2,6.6,0.8,4.7,-1.7,-5.0,-7.5,-2.3,-6.4,-1.8,-1.8,-20.1,0.3,-7.5,4.3,-5.2,-2.3,11.7,0.8,1.3,9.4,5.1,8.3,-1.8,-3.3,-2.4,-6.1,4.7,2.4,-1.6,15.1,-9.5,-2.9,-3.9,-3.8,-0.5,3.5,3.2,7.9,1.8,3.8,9.0,6.1,0.9,5.9,-7.6,11.1,5.9,13.0,3.3,-5.8,-6.4,0.8,16.1,6.0,-7.3,-4.3,-5.1,-4.5,-3.7,-5.4,-5.2,-2.0,3.3,-3.6,-2.3,7.1,11.6,0.6,-4.1,3.5,-2.0,2.0,-13.9,-10.8,-4.7,-9.4,10.1,12.8,9.9,11.1,-1.9,-4.8,13.1,4.7,5.7,1.6,-9.6,5.1,-0.7,5.9,-0.5,-6.2,8.6,3.5,-2.5,7.8,4.0,7.4,-0.3,-5.8,-2.5,16.3,13.3,0.9,10.8,-6.9,-10.0,-12.1,9.9,3.1,-8.9,6.7,-0.1,-0.1,10.7,-5.1,-4.8,-2.7,4.2,4.1,10.0,8.9,-0.4,-10.8,-5.3,4.2,-1.7,1.5,-4.4,-2.5,5.9,-4.2,-7.8,-0.7,-0.7,-6.4,-6.3
2021-04-07,-12.0,1.5,6.2,5.3,-3.4,-2.6,-1.9,9.6,-12.2,1.8,16.3,-12.7,-2.5,6.3,5.6,7.7,7.6,20.3,-0.9,-3.9,-1.9,-0.9,0.9,-10.9,-1.5,-2.8,-10.4,-3.7,-13.2,1.6,-3.5,-7.9,4.4,-3.7,-3.2,-5.0,-17.5,-6.9,1.4,-7.4,-9.2,7.6,-3.3,-2.8,-6.8,-15.2,-9.7,-3.0,0.8,-3.3,-11.8,1.2,-1.0,9.9,-4.2,0.5,7.2,-8.3,3.3,-1.9,-4.9,-0.3,-12.0,-1.1,-5.5,-11.2,-3.2,-4.3,0.2,-0.6,10.8,-0.5,3.2,7.6,-13.3,5.2,-0.2,0.9,-7.1,-8.5,9.6,14.6,-4.6,10.8,3.8,4.6,7.2,4.0,0.4,-1.9,0.4,4.2,11.5,5.4,2.8,21.8,-3.5,-3.7,2.6,-0.2,14.4,2.6,-4.3,-8.0,-6.9,-11.1,-4.2,0.1,3.5,-8.6,-8.3,13.5,12.2,-6.2,-5.6,13.5,-2.8,6.0,5.4,7.9,5.9,-2.8,-16.7,1.6,5.5,9.0,5.9,14.9,-2.5,-4.5,1.3,-1.3,-3.0,0.6,-8.7,0.0,9.1,-3.5,3.6,-12.8,8.9,-5.3,-17.7,-4.0,-4.5,-1.7,0.5,1.6,-12.8,2.3,-3.2,-10.3,10.8,-6.5,3.2,7.1,3.2,-6.4,-3.1,-7.1,-5.4,2.1,-0.9,-1.1,6.3,3.3,-1.1,5.0,-5.1,-1.4,-12.5,2.1,-2.0,-5.2,1.0,-11.6,-10.4,5.8,2.0,-9.6,10.1,3.6,-4.4,-2.2,4.2,-1.1,-4.2,1.6,-10.3,-4.4,3.8,-6.9,10.2,1.1,-1.6,5.3,9.3,-4.7,4.0,16.6,-1.8,-11.3,4.0,-0.0,-0.3,-2.3,3.0,6.1,-3.1,-1.3,10.7,10.9,0.6,1.3,-1.8,-1.3,2.4,-1.4,-1.2,-1.0,-0.1,-8.6,11.3,-10.0,6.4,6.5,-2.1,-8.0,10.8,2.9,-2.5,-2.0,4.9,-0.6,3.7,-9.0,0.7,3.4,1.4,-5.0,6.2,-7.4,-4.0,-3.7,-0.1,2.6,-1.6,1.2,2.5,-8.9,-10.6,4.3,-6.6,-6.0,2.7,1.2,-0.3,-3.0,-1.1,1.3,-2.2,0.2,-11.2,-2.3,3.3,5.0,3.3,-4.8,-8.9,-0.6,-7.1,-1.2,-0.9,-17.4,1.2,-9.4,0.7,-4.9,-5.2,17.1,1.2,5.0,8.5,4.5,3.3,0.4,-5.3,-1.8,-5.3,6.5,1.3,-1.7,10.2,-3.2,-0.1,-7.6,-2.7,-1.7,-0.4,1.5,19.1,-2.4,-0.5,14.4,4.9,3.0,-1.8,16.4,9.9,5.3,11.0,2.1,-3.0,-5.2,-1.7,14.9,9.6,-0.0,-3.8,-1.0,-0.8,-3.0,-8.1,-4.7,1.2,1.5,-3.9,-2.5,11.1,10.6,-8.6,-6.8,-5.8,-2.9,0.2,-8.4,-2.9,-1.2,-16.3,9.9,8.5,9.3,7.0,-8.8,-7.3,9.8,-3.6,4.4,3.5,-14.5,5.6,-2.7,9.2,-4.3,-10.0,5.2,-2.7,2.7,15.8,1.0,2.5,-0.9,-5.4,-3.0,20.1,18.6,1.5,8.7,-8.7,-7.5,-6.5,0.3,1.0,-7.8,8.9,1.6,1.6,9.5,-6.4,-10.4,-4.6,-0.6,0.3,-6.5,-2.8,0.6,2.1,-3.0,7.3,-5.8,-2.6,-1.5,4.1,9.2,-4.7,-10.0,-2.6,-3.9,-4.7,-4.4
2021-04-13,-12.4,-0.6,3.0,6.4,-8.2,-3.3,-3.6,9.4,-10.3,0.1,15.1,-6.6,-1.0,5.0,0.0,-0.0,8.6,17.4,-0.8,-7.1,1.1,-1.8,8.2,-3.3,3.7,-1.2,-6.9,-5.4,-9.4,-5.2,-2.6,-8.3,-1.0,5.6,-2.7,-7.5,-17.5,-7.2,2.0,-7.2,-4.7,8.6,-3.6,-1.0,-8.6,9.3,-10.6,-4.7,1.6,-1.9,-4.9,1.5,-4.6,5.0,-1.5,2.3,0.1,-4.2,2.3,0.6,-7.3,-4.2,-11.0,-10.0,12.3,2.5,0.9,-4.1,0.1,-9.4,12.6,1.4,5.7,5.9,-12.1,5.1,-3.6,-6.0,-2.0,-7.8,5.2,13.3,-6.4,3.1,1.7,4.5,3.3,3.0,-6.7,0.5,4.6,5.5,6.1,5.1,5.7,12.6,-0.4,-3.3,1.0,-4.5,6.7,0.6,-4.6,-6.7,-3.9,-8.5,-6.4,-6.1,1.1,-7.7,3.2,9.9,21.2,-3.4,-5.3,14.0,-5.8,6.5,-1.9,4.7,0.4,-5.4,-14.1,3.3,2.0,7.5,8.1,16.0,-3.1,-4.0,-3.0,-9.5,-3.2,-5.5,-5.2,-1.3,8.5,-4.7,5.7,-8.5,5.9,-9.6,-17.4,-8.9,-3.9,-2.1,-2.2,0.7,9.7,2.1,-8.5,-11.8,12.3,-5.1,0.9,-0.9,5.5,-7.7,-4.8,-13.3,-4.8,2.4,-3.4,-0.9,2.1,1.4,-0.6,7.6,-1.9,-1.5,-13.6,3.6,-2.1,-6.7,0.9,-9.7,-10.6,5.9,0.5,-7.5,0.5,7.3,-4.0,-0.5,3.2,-3.0,-4.0,-0.3,-8.2,-8.8,5.7,7.4,2.0,-14.9,-1.5,4.8,9.2,-2.6,2.1,10.3,-2.8,-10.1,0.4,0.1,-3.6,-4.7,4.4,4.1,-0.2,-3.0,8.7,10.4,2.1,0.0,-0.5,2.8,6.1,-2.5,-2.1,-4.5,0.5,-5.4,7.9,-8.8,9.6,2.3,-0.4,-4.6,1.2,1.0,-1.6,1.1,3.5,0.7,2.7,-2.1,2.3,8.1,9.8,-6.4,8.8,-7.3,-3.0,-2.6,-3.2,2.4,0.6,1.5,1.5,-8.9,-10.1,4.4,-6.5,-5.3,3.9,2.2,-3.2,-0.5,1.1,3.3,-1.0,0.9,-10.4,5.4,2.0,6.1,4.2,-4.0,-8.2,-4.2,-2.6,0.5,-4.3,-16.5,-2.1,-2.3,2.8,20.1,-0.5,6.5,1.2,3.6,7.6,5.1,8.8,-4.0,-4.4,2.2,-5.9,5.6,1.9,-7.5,16.5,-4.0,-4.1,-0.4,-1.4,-1.1,-0.4,-0.1,14.0,-1.0,1.1,5.5,7.4,2.9,-0.9,-5.7,7.9,4.7,12.6,-1.1,-1.9,-6.1,-0.3,19.4,11.4,1.7,-3.2,-7.5,-3.3,-3.2,-1.9,-4.7,-3.9,0.6,-1.7,-0.6,-1.7,9.9,-3.5,-2.4,-0.0,0.5,-2.0,-8.7,-0.4,0.1,-6.5,9.9,-1.2,3.5,8.8,-1.1,-12.3,-3.8,3.3,3.2,3.1,-10.3,4.7,-1.4,11.0,-4.9,-7.7,3.2,0.4,2.3,0.3,1.9,4.0,-0.6,0.5,-1.4,17.3,15.0,-6.8,3.1,-7.0,-5.9,-4.7,3.3,3.6,-1.9,8.6,-1.7,4.6,10.8,-7.6,-4.1,-3.2,0.8,3.3,-4.3,-13.7,0.7,7.4,2.7,11.8,-4.6,2.4,-0.3,5.3,12.3,-4.6,-6.1,-1.0,0.9,-2.9,-2.8
2021-04-19,-10.7,-1.6,6.6,-1.6,6.9,-6.8,-8.1,5.8,6.9,3.0,19.1,-17.6,-1.5,7.3,-4.1,6.1,6.7,21.7,-1.9,-8.6,-1.5,-2.1,-2.6,-7.1,-2.0,-1.1,-8.9,-1.1,-12.6,-2.7,-3.9,-8.0,4.9,-1.9,-2.9,-5.2,-15.8,-3.8,-1.7,13.4,-4.5,9.7,-3.8,-2.8,-7.0,-10.1,-5.8,-1.4,1.8,-3.9,-5.3,2.1,-6.4,5.3,-1.6,1.0,9.2,-4.2,4.1,-3.0,-7.3,7.0,-14.2,0.5,-3.3,-2.4,1.4,3.8,-1.5,-3.7,11.5,-2.8,6.9,8.7,-16.2,2.3,-0.7,10.0,-7.1,-10.6,4.9,13.6,-3.8,8.3,-1.1,4.7,17.2,-3.7,-9.7,0.2,-1.3,6.1,6.8,6.0,5.7,10.9,-3.4,-3.6,3.0,-0.0,17.0,0.6,-1.0,-3.1,-7.4,-10.8,-4.5,-0.5,2.2,-9.6,0.7,11.6,15.6,-2.5,-6.8,20.5,-7.4,-2.4,1.1,-1.2,-2.8,-6.5,-15.1,1.0,5.9,8.1,5.4,16.0,-3.4,-4.8,1.8,-5.3,-2.9,-2.5,-5.1,-3.5,8.9,-2.7,-4.5,-9.7,7.6,-6.0,-11.9,-8.3,-7.2,-2.1,0.2,0.7,13.3,-4.0,-2.5,-11.0,12.1,-5.1,0.6,5.6,7.9,-8.4,-4.7,-9.8,-3.8,4.4,0.5,-1.7,2.3,2.1,3.6,6.9,-5.7,-2.8,-12.9,1.1,-7.2,-5.9,1.7,-9.5,-10.4,6.7,3.9,-4.2,1.1,11.0,-5.5,0.8,1.5,-5.7,-0.4,3.8,-14.2,-6.6,20.4,18.9,6.4,-17.6,-2.5,3.6,8.0,-6.4,1.4,10.9,-3.4,-19.5,2.5,3.5,-4.2,-0.0,2.6,14.2,-6.6,-3.8,9.9,10.2,-3.6,0.4,-0.6,-2.4,6.4,-3.1,-2.0,-5.8,0.4,15.2,10.1,-10.0,9.0,4.8,-1.4,-1.7,4.3,2.4,-4.3,-3.0,3.5,1.2,3.3,-5.5,0.0,4.5,11.1,-1.6,5.6,-5.9,-7.5,-3.9,0.7,-2.8,-2.0,5.3,2.7,-7.8,-8.9,-0.3,-6.0,-5.3,6.4,0.1,1.1,-4.0,-1.8,-0.1,0.8,1.5,-8.8,-6.1,3.3,3.4,3.1,-5.3,-6.9,-5.9,-4.6,0.6,-2.8,-18.9,1.1,-10.4,8.5,-0.7,-1.7,1.6,2.4,0.9,22.4,4.5,7.4,-3.5,-5.1,-0.9,-6.2,3.7,3.1,-3.6,5.0,1.0,-1.5,-9.5,-3.9,4.1,3.4,7.7,-0.9,1.5,1.7,-4.6,5.6,0.7,-2.8,-8.1,13.9,4.2,13.2,-1.1,-4.1,-6.1,-4.0,14.6,-9.9,-1.4,-3.9,-1.0,-3.1,-3.0,-7.3,-3.1,-3.3,3.0,-7.0,4.6,-0.7,8.9,-2.5,-1.9,5.2,-6.8,-1.2,-8.1,3.3,-1.6,-16.3,9.3,-1.7,8.2,10.8,-4.8,-7.0,14.1,-6.0,2.1,3.4,-7.8,2.1,-0.7,12.8,-3.6,-9.4,4.1,-1.8,-1.2,4.3,1.5,1.8,1.5,-3.7,-2.4,15.1,7.4,-1.2,5.1,-7.9,-4.9,-2.5,8.8,3.2,-11.5,7.3,-0.8,5.8,10.0,-4.9,-6.6,-0.1,4.2,4.8,-12.8,0.6,-1.4,-2.0,-2.6,14.1,-2.9,0.2,0.6,2.4,11.3,-5.3,-8.1,-3.5,3.1,-5.8,-5.2
2021-04-25,-12.1,-1.5,-0.0,-2.8,4.0,-5.8,-6.0,6.6,-14.9,-1.0,17.7,-14.6,-4.1,3.6,-3.3,0.1,6.3,17.3,-9.7,-4.4,-4.2,-6.0,2.9,-4.6,9.6,-4.8,-8.8,-9.0,-12.8,-4.1,-3.2,-9.6,4.1,-1.9,0.9,-10.1,-18.9,-8.3,-1.1,-6.0,-5.2,8.6,-3.0,-0.2,-8.0,-7.8,-11.5,-0.4,1.1,-3.7,-7.9,-0.8,-5.5,7.0,-3.2,1.0,3.0,-2.4,-5.5,2.3,-8.6,-4.3,-14.7,-3.7,5.9,-3.9,1.5,-9.7,-0.1,-1.4,11.4,-3.8,21.1,9.9,-10.3,-0.5,-5.0,-2.4,-3.0,-6.3,-2.1,11.3,-5.1,8.0,9.0,-0.2,2.0,5.4,-5.4,-1.4,-1.3,21.2,10.5,8.3,0.1,11.6,-3.7,-4.9,-0.4,-3.8,9.8,0.0,-2.1,-4.6,-6.2,-8.3,-6.1,1.1,0.2,-8.2,4.2,8.6,11.5,1.2,1.8,6.6,-9.3,-0.9,15.2,9.9,1.0,-4.0,-16.1,-0.7,10.8,7.8,20.9,13.3,-3.4,-7.1,3.4,-6.0,-5.4,0.6,-3.1,-5.3,9.2,-0.6,3.4,-14.8,13.6,-4.7,-22.1,-6.4,-5.9,-3.1,1.8,-4.0,8.5,3.9,-4.2,-10.4,14.6,-1.6,0.4,7.1,3.9,-8.7,-4.2,-9.2,-5.6,1.3,-1.1,-0.9,0.9,-3.8,-2.6,5.8,9.9,-7.6,-5.5,4.6,-13.7,-6.5,-1.7,-10.2,-12.2,7.4,-0.4,-0.9,1.3,1.9,-8.4,-2.5,3.8,0.3,-5.6,1.0,-11.6,-3.8,4.4,18.4,0.1,-21.5,3.7,5.8,8.2,-6.3,-0.8,9.4,-0.6,-10.1,0.5,0.9,-5.1,1.5,4.0,2.8,-1.8,2.7,9.9,10.2,-3.9,-3.4,-1.4,-1.6,5.7,-3.6,-2.6,-6.9,1.1,-6.2,10.4,-7.4,7.7,5.7,-4.3,-9.0,1.2,-1.5,-1.2,4.8,2.4,1.2,2.0,2.3,1.0,5.1,11.6,-1.4,8.3,-9.9,-7.6,-3.8,-1.4,1.6,8.3,8.7,4.2,-11.5,-12.9,1.5,-11.5,-6.6,3.7,1.9,-1.4,1.1,3.4,2.3,1.6,0.5,-14.1,-5.6,5.9,4.6,5.0,-7.5,-8.8,0.5,1.0,-2.2,-0.6,-18.0,-1.0,-3.4,1.6,-6.6,-1.2,5.1,1.9,3.0,4.6,3.6,8.6,-5.6,-5.7,2.0,-6.4,6.4,2.1,-8.0,7.6,-5.2,-3.2,-1.6,-2.7,1.6,2.5,1.4,-1.0,0.8,1.6,3.0,7.8,2.5,2.8,4.4,19.5,4.2,12.9,-0.1,1.4,-7.9,-1.3,16.2,8.1,-2.6,-4.2,-6.0,-3.1,-3.6,-0.4,-5.6,-0.8,5.5,-0.5,-0.3,2.8,16.2,-3.5,-4.2,-2.0,1.6,4.3,4.4,-4.5,-8.5,-6.8,8.4,-2.0,13.7,11.9,-1.0,-2.6,-7.4,-0.2,-1.1,-3.7,-13.7,3.0,0.0,7.0,-5.5,-2.3,2.3,-0.5,-1.8,1.3,1.0,6.4,0.7,2.1,0.4,17.2,12.2,5.3,7.0,-9.5,-8.8,-7.7,0.4,3.4,-9.1,9.9,-5.6,1.9,8.7,-7.6,-4.8,-2.6,8.1,1.5,5.8,2.4,-3.9,-1.9,-4.1,5.7,-1.9,0.5,-2.6,-3.6,6.1,-3.5,-9.8,-3.4,-0.5,-17.3,-3.0
2021-05-01,-14.1,2.7,-1.4,2.4,9.4,-4.1,-4.3,7.4,-8.0,2.3,22.5,-12.3,-0.6,6.7,0.2,6.8,10.7,21.8,-1.4,-10.9,-0.2,-6.1,7.7,-0.6,7.6,-1.9,-8.9,-5.9,-11.2,-3.0,-2.1,-9.4,12.3,1.5,2.2,-2.1,-15.8,-5.2,-0.5,-0.6,-4.6,9.3,-4.0,-5.8,-5.7,-11.1,-4.1,-4.9,3.3,-2.5,-7.6,7.2,-1.2,-7.1,-3.7,1.0,3.1,-2.2,14.8,3.7,-6.2,-0.6,-5.2,-4.6,1.8,-3.9,7.3,-1.7,-0.1,-5.8,13.7,-6.2,14.3,6.9,-12.4,18.9,4.3,-0.1,-4.7,-5.7,-2.1,8.6,-4.7,-6.9,4.8,5.0,9.1,5.2,-0.7,-0.8,-0.1,16.7,9.5,5.7,8.4,18.0,-4.3,-4.4,3.3,-0.9,7.8,-3.3,-3.8,-4.5,-10.4,-10.0,-3.0,0.2,-4.3,-11.7,-1.0,9.5,9.9,0.0,-2.5,7.7,-10.6,-3.6,0.5,6.8,1.6,-1.2,-11.6,2.2,10.0,9.3,11.6,16.3,-0.7,-7.3,2.9,-6.8,-3.1,-0.4,-3.2,-4.1,7.7,-4.4,1.5,-9.3,10.7,-2.4,-21.3,-6.0,-3.1,-1.0,0.5,-3.6,10.8,1.2,-5.4,-8.4,9.5,-8.5,0.3,16.0,0.6,-6.0,-3.5,-6.6,-4.2,3.9,0.7,-3.7,2.4,2.4,-1.8,8.1,-1.7,0.3,4.6,4.0,-6.1,-5.5,-0.6,-9.2,-11.7,10.8,-2.7,9.6,9.2,2.8,-1.8,-4.1,5.6,-1.3,-7.0,1.5,-11.9,-9.2,-1.5,3.6,6.1,-14.7,-0.0,2.3,11.5,-13.5,12.6,10.5,-0.5,-13.6,9.0,5.7,11.7,0.4,2.6,3.5,-1.3,2.8,8.1,13.8,2.3,1.5,-0.6,-2.5,5.0,-1.6,-3.6,4.0,4.0,-2.2,9.0,-3.4,10.2,9.7,-3.7,-9.3,-0.8,-3.3,-0.2,3.3,3.3,-0.6,1.1,0.6,-5.1,5.5,8.6,-1.8,9.4,-9.5,-5.4,-4.2,-1.7,-1.9,-2.8,11.4,4.7,-10.3,-11.3,7.8,-5.8,-2.5,4.4,0.1,-1.4,3.2,4.9,2.5,3.0,-0.2,-12.2,-0.1,2.8,7.7,7.9,-5.4,-6.6,3.0,7.5,-2.2,-1.4,-17.3,-0.3,-3.1,0.7,8.2,-2.8,9.7,1.4,2.1,10.5,5.0,8.2,-4.0,-3.5,5.7,-6.6,6.8,5.5,-9.1,5.1,-5.1,-0.8,-0.9,-5.8,1.2,3.0,1.9,4.3,0.4,2.2,6.3,5.4,2.4,0.4,4.8,11.9,5.6,13.9,0.2,-11.7,-8.2,0.9,17.7,3.2,-4.1,-4.3,-4.1,-3.6,-3.8,-2.3,-6.8,-1.0,1.4,-5.8,4.3,4.5,14.3,-1.3,-5.0,8.8,11.4,3.9,2.0,-0.1,-6.4,-6.8,7.8,-0.6,20.0,14.2,-0.8,-8.3,4.9,2.2,-1.8,-3.8,-13.2,1.1,-4.3,8.0,-2.6,-3.3,4.3,-3.9,-6.3,-2.3,1.4,4.2,-0.2,-13.6,-5.6,3.7,20.8,-7.0,5.5,-8.1,-8.8,-8.8,-2.9,2.6,-9.1,6.5,2.1,1.2,11.0,-6.9,-3.6,-1.3,7.4,5.5,-4.7,4.2,-1.1,-4.4,1.1,2.9,1.0,-3.0,-1.8,1.4,3.8,-6.0,-4.5,-5.6,-0.6,-10.1,-9.0
2021-05-07,-11.3,1.0,-4.2,-1.4,6.3,-5.5,-5.1,5.9,-9.7,-4.6,18.8,-11.8,-4.3,4.9,1.5,-8.6,1.7,16.9,-5.1,-6.0,0.6,1.0,2.5,-2.2,2.7,-1.3,-9.2,-5.6,-14.1,-1.4,-1.9,-8.9,2.1,-2.0,-0.3,-8.2,-15.6,-7.9,-1.7,-7.2,-6.0,8.4,-1.5,-0.6,-8.8,-4.5,-10.9,-7.6,0.7,-3.4,-8.7,-0.2,-2.4,6.2,-1.4,2.6,4.7,-1.0,1.2,-2.1,-7.4,-4.0,-10.6,-9.2,-8.1,3.5,-4.4,2.9,-2.1,-12.6,9.2,1.5,-0.4,9.3,-5.4,3.6,0.5,11.6,-10.6,-10.6,3.4,9.7,-6.5,-7.9,-3.0,0.3,0.9,1.4,-12.5,0.3,-0.8,1.0,9.6,7.1,5.1,2.9,-7.9,-3.4,1.5,-4.9,2.4,-0.3,-0.4,-8.0,-5.1,-15.6,-9.2,9.5,-5.8,-7.4,-1.5,6.0,8.9,-3.8,-2.5,10.8,-7.2,-3.2,3.5,3.0,-3.1,-6.5,-14.3,0.6,4.0,8.4,7.0,7.3,-3.2,-4.9,-0.4,-8.4,-3.6,-0.2,-7.8,-3.5,8.2,-5.2,16.5,-13.9,6.3,-9.7,-15.4,-8.4,-5.1,-2.4,-0.2,-0.8,1.7,1.6,-6.9,-11.9,10.2,-7.8,7.2,5.2,8.3,-10.1,-3.8,-9.5,-5.6,1.6,-1.5,-0.8,0.3,1.7,-0.4,-0.2,-3.4,1.4,-13.2,1.5,-4.3,-8.2,-0.3,-11.1,-11.2,4.6,-1.7,-2.3,-1.5,-5.6,-1.9,0.3,3.1,-2.0,-4.3,-0.4,-14.0,-7.0,1.4,0.9,-1.6,-4.7,-8.8,-1.1,7.7,-4.0,1.9,10.6,-3.8,-17.3,6.0,-0.1,-8.5,-3.9,2.9,1.4,-6.0,-9.8,1.8,8.0,1.5,2.0,-2.2,-4.5,3.2,-1.8,-2.9,-5.8,-2.0,-5.8,12.8,-10.9,6.6,10.4,0.5,-7.9,13.0,-1.2,-5.2,1.5,1.3,1.6,2.4,-4.2,1.6,5.5,10.9,-1.2,6.5,-6.4,-4.0,-4.8,-3.7,1.3,2.7,3.9,0.1,-9.8,-10.8,3.3,-6.9,-8.0,3.1,-0.5,-2.5,-7.2,-0.1,6.3,-1.7,-0.5,-11.1,-11.1,3.9,8.3,7.1,-7.8,-8.8,-4.6,-7.7,-2.0,0.6,-20.4,-0.1,-6.5,-3.6,-0.0,-0.6,1.9,0.3,5.5,6.8,4.0,10.4,-1.2,-5.2,0.5,-4.8,-0.4,4.3,-11.2,5.2,-6.9,-4.0,-3.6,-1.8,-2.1,-4.3,-3.7,-6.4,-2.0,0.4,13.8,0.8,2.3,-2.4,3.2,9.1,4.2,13.9,3.6,-0.6,-5.9,-1.0,14.9,2.8,-5.0,-4.2,-1.4,-3.9,-4.2,-6.0,-4.4,-5.7,-3.2,-4.7,-2.7,-1.0,14.4,-4.3,-4.9,9.3,-1.9,0.4,-1.5,2.9,-1.5,-15.0,10.5,-6.0,11.7,17.7,-8.7,-5.9,-5.1,-2.4,3.2,5.0,-13.6,4.7,-0.8,16.5,-3.8,-6.5,9.0,-2.8,-4.8,2.8,-0.3,3.0,2.1,-9.0,-4.1,11.2,15.3,-1.3,7.4,-7.1,-7.4,-7.5,2.6,4.3,-9.8,6.2,2.0,2.9,8.7,-8.8,-9.5,-6.5,6.2,3.5,-3.8,-3.7,2.0,-3.2,-3.3,1.4,2.0,-1.2,-2.0,-2.0,23.1,-2.5,-4.5,-6.2,3.1,-7.9,-2.4
2021-05-13,-7.4,2.3,20.8,4.0,1.2,-3.2,-4.7,-0.0,-4.8,-0.6,19.0,-9.4,-1.9,4.8,-2.0,-0.5,-2.3,20.8,2.1,-1.6,3.5,2.4,2.1,-7.4,2.6,-1.5,-9.5,-3.1,-12.6,-6.4,0.0,-9.2,9.4,-5.8,-4.1,-6.4,-16.2,-4.9,-3.3,-5.6,-6.3,9.4,-4.9,-9.7,-5.3,-0.7,-9.9,-1.9,1.8,-3.0,-7.5,4.5,-2.1,-0.0,-2.0,-3.3,6.4,-2.4,-1.9,2.4,-5.8,0.0,-8.0,-4.3,-1.6,2.7,-1.0,-4.3,-1.0,4.0,10.8,-2.3,21.6,10.7,-12.7,3.7,0.8,1.9,-4.5,-6.7,2.5,11.6,-4.7,-1.5,-0.2,3.3,5.0,9.1,-5.6,0.4,-3.7,17.0,22.2,7.6,10.0,12.5,-2.5,-4.2,1.8,-0.6,7.9,3.3,-2.6,-1.6,-3.0,-4.5,-4.0,1.0,-2.4,-5.5,-1.2,10.4,10.6,-1.3,-0.7,7.7,-9.1,-2.8,7.5,13.7,1.4,-1.1,-17.5,2.3,10.3,3.4,13.0,17.0,0.8,-5.5,5.7,-6.1,-4.9,-2.3,-2.8,-5.3,10.7,-1.9,3.9,-13.6,10.3,-8.2,-21.9,-5.8,-4.0,-1.1,3.2,-4.0,9.5,2.8,-3.6,-11.3,11.7,-4.4,3.6,13.3,8.2,-8.2,-2.1,-6.3,-5.2,2.9,2.6,0.8,4.0,-0.8,-1.2,8.4,5.4,-4.7,-12.9,2.8,-4.8,-4.4,2.0,-8.2,-12.0,6.7,1.0,-2.7,5.3,4.9,-0.8,-0.8,5.1,-4.2,-4.8,2.1,-10.4,0.7,4.9,2.4,5.9,-19.5,11.8,8.2,9.1,-1.6,-2.2,5.6,-0.7,-3.8,3.4,-0.6,-3.8,-1.4,3.4,0.3,0.8,11.2,12.8,12.1,2.9,1.8,-0.0,-3.7,2.2,-3.5,-2.5,-2.6,4.2,-11.2,15.3,-7.6,9.1,7.1,-1.6,6.4,10.8,1.4,-5.9,1.8,3.5,-2.0,0.4,-1.8,-0.4,7.8,12.7,-11.3,10.3,-4.3,-0.7,-3.5,-1.0,1.2,5.3,6.9,5.4,-7.8,-9.3,4.6,-6.4,-5.1,1.1,-2.3,1.6,5.0,0.8,2.2,3.8,5.2,-12.1,1.0,2.5,7.7,4.6,-0.3,-7.9,-1.6,0.6,-5.2,-2.1,-16.7,-1.1,-4.2,6.9,2.9,1.4,16.5,2.2,3.7,5.3,7.1,11.2,-3.3,-7.0,2.8,-6.2,5.0,4.0,-5.4,0.4,-2.6,-1.3,-1.2,0.2,0.4,5.7,8.0,3.5,4.7,2.9,5.8,4.0,1.5,-0.1,-1.9,13.3,7.0,15.8,0.9,3.2,-6.7,0.4,15.6,0.2,-9.9,-4.3,-5.3,-2.4,-3.4,-2.2,-5.7,-1.0,7.4,-6.2,5.1,3.9,12.7,-0.6,-2.6,2.0,3.2,0.6,-2.3,-0.3,-5.0,-6.2,10.3,2.8,19.1,9.2,-0.1,9.8,3.8,-3.1,2.6,1.7,-8.6,3.7,-6.2,16.6,-7.5,-6.9,7.7,-2.0,-4.8,0.0,4.9,-0.6,-3.5,-6.8,-0.3,14.9,12.9,2.0,8.3,-10.6,-7.8,-11.2,2.7,0.5,-10.8,-6.1,-10.1,1.9,10.8,-5.6,-6.3,-6.2,2.6,1.7,-3.1,1.3,-9.7,-1.8,-1.1,3.5,-0.1,0.3,-2.6,-0.5,2.2,-3.1,-1.9,-3.7,-3.2,-13.4,-10.0
2021-05-19,-13.3,0.3,16.0,7.6,18.6,-1.7,-5.1,17.8,-11.9,-0.2,22.2,-3.7,-1.2,6.4,-2.9,2.5,-2.3,21.1,-1.4,-6.2,4.3,-3.2,4.0,-2.1,-1.8,-1.7,-9.6,-5.7,6.9,-9.2,1.8,-9.8,3.8,-1.7,9.1,-6.9,-16.9,-4.6,-11.3,-2.3,-5.8,9.7,-5.2,-6.5,-7.3,-14.6,-3.2,-6.4,2.1,-2.9,-8.5,-0.4,-2.6,19.5,-5.4,1.6,6.5,-1.4,-1.6,13.7,-8.0,-3.1,-8.1,1.7,-1.2,4.6,-4.1,-8.1,-0.4,4.1,12.9,0.9,10.3,3.8,-7.8,5.9,0.7,2.4,-6.0,-6.9,5.3,13.3,-6.4,-1.4,-2.8,-1.5,11.4,7.8,-7.5,2.6,2.9,11.4,12.7,11.7,8.6,14.0,-4.6,-6.1,-0.1,-4.2,7.0,1.3,-0.9,-5.2,-5.5,-19.6,-6.6,-1.4,-5.1,-10.3,-0.2,3.9,8.7,2.4,-1.2,14.8,-8.7,-2.2,7.2,10.5,1.3,-2.7,-15.0,2.9,10.2,12.6,12.4,19.8,-3.0,-8.0,-1.5,-6.2,-4.7,-0.8,0.2,-5.0,9.9,-2.4,3.3,-15.2,6.0,-5.3,-11.3,-11.5,-6.9,-3.2,-0.5,-0.5,-9.5,-0.8,-5.6,-10.9,12.7,-6.5,1.5,6.4,9.7,-9.0,-3.3,-7.6,-5.1,1.7,-2.3,3.4,1.4,-0.1,0.3,11.6,5.9,16.8,-14.2,2.6,1.2,-5.6,-0.3,-9.9,-11.7,6.6,2.8,-1.4,0.8,14.2,-6.3,-3.4,1.2,-2.0,-3.6,0.7,-14.9,0.6,6.4,3.2,4.5,-15.6,-10.8,3.8,9.2,-1.4,0.1,11.6,-2.7,-16.4,-7.0,1.6,8.9,2.8,3.5,3.3,-11.0,-9.2,8.1,11.4,2.5,-1.2,-1.3,-1.8,8.1,-2.8,-3.4,2.2,0.2,4.3,9.8,-8.7,9.6,6.5,-1.9,-10.1,6.2,0.4,8.4,5.4,-0.1,0.5,1.3,3.2,-0.1,5.3,5.2,-1.6,11.4,-8.5,-3.4,-4.6,-2.4,1.3,12.6,12.7,-1.0,-11.4,-15.8,10.1,-7.4,-6.7,-1.6,-1.6,1.7,3.0,2.0,8.7,2.6,1.2,-16.4,-4.8,2.4,5.8,5.1,12.5,-13.4,-0.7,-0.6,-5.8,-0.5,-14.8,-0.7,-5.4,3.5,6.6,-0.4,13.3,1.2,4.1,-0.6,4.6,9.4,-5.8,-6.5,-2.1,-5.1,8.3,5.1,-6.5,-3.3,-3.7,-5.3,-1.3,-2.8,6.7,7.6,2.4,6.3,3.9,3.6,10.6,9.6,-0.8,0.9,5.4,19.0,4.1,14.1,-1.5,-9.2,-6.5,0.7,14.1,2.9,7.9,-4.6,-2.0,-3.4,-3.4,-1.4,-2.7,0.5,15.9,-11.2,1.4,4.7,9.2,-0.6,-4.1,4.5,4.3,-0.1,0.8,3.3,-3.1,-5.7,15.0,-0.1,3.5,15.3,-4.2,-6.0,-1.6,0.7,-1.8,-8.4,-12.6,5.3,-8.6,17.1,-10.5,-7.9,2.4,-2.6,-5.5,5.6,1.7,4.9,-2.3,-2.7,-4.5,12.9,14.9,11.6,1.9,-10.7,-10.1,-11.7,5.7,3.1,-13.1,4.7,-6.0,4.4,9.4,-10.0,3.7,-0.5,2.1,-1.0,-5.5,-3.6,-4.7,1.4,-3.0,5.5,-4.1,1.7,-2.7,-1.3,2.2,-3.4,1.3,-2.4,-1.1,-7.1,-1.3
2021-05-25,-10.4,1.0,5.3,7.5,1.1,-6.1,-5.8,11.1,-16.2,-1.3,18.6,-10.9,0.2,7.2,-4.8,4.2,4.0,19.4,-0.4,-3.5,2.4,-9.6,2.5,-1.1,-0.5,-1.5,-6.8,-6.3,-14.5,-7.5,1.6,-9.9,5.5,0.9,-1.5,-8.7,-13.4,-5.0,-8.6,-12.1,-4.4,9.9,-0.6,-2.4,-6.8,-12.3,-6.5,-9.9,2.1,-1.1,-5.3,-1.0,-5.3,5.5,-3.4,-1.3,5.9,-0.4,-5.2,12.9,-7.1,-3.6,-8.9,-5.7,-1.0,1.7,-2.1,-4.2,1.7,-2.7,11.6,-3.9,4.7,14.8,-11.0,2.6,-0.1,0.8,-3.4,-9.5,5.0,13.8,-6.8,2.1,-0.9,-2.3,8.4,1.7,-5.8,2.4,5.7,11.8,14.3,8.5,0.8,21.1,-3.5,-2.7,1.7,-1.5,6.1,-0.4,1.7,-2.9,-6.2,-10.8,-3.9,14.8,-4.1,-8.8,4.9,11.3,7.4,-2.6,-2.2,12.0,-4.5,5.0,11.7,3.4,-0.5,-6.3,-14.9,2.8,13.0,10.6,21.5,23.8,-1.7,-9.2,2.9,-5.8,-3.1,-1.8,-3.8,-3.3,8.2,-3.6,-2.6,-10.4,13.1,-9.1,-3.4,-3.8,-5.8,-2.1,1.3,-3.3,12.6,0.2,-6.2,-9.5,13.0,-4.8,-1.5,17.6,5.2,-13.1,-3.9,-6.7,-5.8,1.9,-0.6,2.2,1.5,-0.7,-2.6,8.6,6.4,-1.7,-11.2,4.9,-11.1,-5.2,-0.1,-9.8,-14.9,6.4,3.0,-4.5,-2.1,9.6,-0.8,-1.9,4.9,-2.0,-4.3,1.8,-12.4,-2.7,1.1,-4.2,18.6,-3.3,0.7,4.4,11.9,-5.5,2.4,12.4,-2.0,-14.4,-2.6,-1.3,-0.9,2.0,3.5,0.2,-0.8,1.8,11.5,14.2,0.8,0.0,-0.5,-0.4,7.0,-1.1,-2.7,-2.8,1.0,-0.2,7.3,-8.0,6.4,7.2,-0.8,-6.6,4.1,-1.0,-1.3,5.0,0.7,1.7,0.6,-0.0,-1.6,9.5,18.3,1.9,6.5,-5.1,-1.5,-4.3,-5.8,1.8,-1.8,11.3,5.5,-10.1,-17.4,12.6,-6.5,-4.5,0.5,1.0,-9.5,0.4,2.6,5.8,4.3,4.2,-21.5,-0.9,3.5,8.7,15.4,-6.5,-0.9,-3.8,10.4,-8.3,-1.3,-16.3,-0.2,-2.6,-2.0,4.4,0.6,5.6,2.8,1.1,4.8,4.4,10.2,-4.8,-0.9,7.9,-6.8,7.6,1.4,-6.1,8.4,-0.5,-5.1,-2.1,0.3,-0.2,2.9,2.8,2.5,0.4,2.2,3.4,-0.5,2.1,0.4,-0.1,0.8,3.9,13.0,-0.8,8.1,-7.3,0.5,12.5,3.1,4.0,-4.1,-8.7,-0.4,-3.4,-2.9,-6.6,-0.6,2.1,-8.8,-1.6,2.8,1.6,0.1,-5.8,0.5,2.3,1.3,2.7,4.1,-7.2,-5.6,7.1,0.4,19.8,13.5,-4.5,-2.0,-2.1,0.6,-5.5,-0.8,-11.8,2.2,-5.4,17.6,-9.9,-10.6,3.6,1.5,-3.1,-0.2,2.1,5.8,0.2,0.6,-6.3,11.5,9.2,-2.0,3.5,-10.3,-8.9,-9.7,1.6,4.3,-7.7,11.4,7.9,2.7,8.1,-8.4,-3.1,-3.1,2.0,3.9,6.3,-15.2,6.5,-1.1,0.6,8.6,-12.7,2.0,-0.1,2.3,8.2,-7.4,-8.6,-0.8,3.1,-11.8,-11.8
2021-05-31,-14.1,-1.4,11.9,-4.2,2.5,-7.7,-7.6,13.2,-13.0,0.3,19.4,-4.3,-1.4,10.2,-8.4,-0.5,-2.7,19.6,-5.1,-3.0,-1.2,-3.2,3.8,-3.1,-2.3,-2.4,-8.4,-4.6,-15.1,-4.4,-2.2,-11.1,6.5,0.0,-0.3,-8.7,-17.9,-4.0,-7.5,-6.0,-4.9,9.7,-2.1,2.4,-8.3,-4.8,-1.9,0.1,2.0,-3.7,-13.1,-1.2,-6.1,17.9,-2.8,-1.3,6.7,-1.5,2.7,3.1,-9.0,-6.0,-11.3,-7.0,-5.6,0.3,-5.4,-5.9,7.6,1.3,11.7,3.8,8.3,1.9,-9.7,-1.6,-2.6,-1.3,-5.6,-7.8,5.7,12.3,-6.5,2.9,-3.0,-6.0,3.0,2.5,-7.2,2.6,5.6,9.1,8.8,2.9,7.7,16.7,-4.3,-7.7,2.8,-2.0,4.3,-1.5,-0.0,-5.9,0.8,-13.7,-2.8,-3.6,-0.9,-10.6,1.8,-4.0,6.9,-5.2,-5.5,9.1,-10.7,0.7,5.5,2.3,0.7,-11.2,-15.7,5.8,7.7,6.2,11.4,16.6,-1.9,-7.1,1.9,1.6,-2.8,-3.4,-7.9,-6.4,9.9,2.1,7.8,-15.5,9.7,-5.6,-12.9,-6.6,-7.4,-2.1,2.7,-2.4,-3.7,0.6,-2.9,-12.4,12.2,4.6,2.8,4.8,8.6,-9.6,-1.4,-8.9,-6.3,0.3,1.1,0.8,0.9,0.2,-3.7,8.4,-1.2,-0.3,-7.2,3.8,-5.1,-6.9,-2.1,-10.7,-13.0,3.6,0.5,-6.2,-4.4,-2.1,-0.7,2.4,3.7,-4.0,-6.4,-0.4,-14.4,-5.9,-0.3,-0.5,2.4,0.6,-8.2,5.7,7.6,-5.8,3.6,11.7,-4.0,-17.5,-0.7,-2.8,4.0,6.6,2.1,0.3,-7.1,-8.4,8.1,9.6,-3.0,-1.3,-1.8,2.6,9.5,-4.7,-3.4,-1.3,1.5,-1.4,10.0,-11.1,-0.3,6.3,-5.9,-6.3,4.3,0.4,0.0,7.6,-0.7,0.0,1.1,2.1,-2.3,8.8,8.0,-2.0,6.9,-1.2,1.0,-3.8,-5.0,3.4,6.7,7.1,8.7,-2.4,2.1,9.7,-5.9,-4.5,3.2,2.2,-4.5,1.1,4.1,3.8,8.4,4.7,1.8,0.6,4.6,8.2,16.1,-4.5,-9.5,-4.1,6.0,-1.8,-0.9,-14.2,2.1,-4.5,-0.6,7.2,4.1,11.9,1.6,4.1,8.6,5.8,10.6,-5.0,-7.4,0.1,-6.7,7.3,3.7,-4.6,4.2,-6.1,5.0,-2.0,-4.0,8.3,4.6,1.5,4.1,3.3,2.1,9.2,8.3,3.2,1.3,-3.8,23.6,4.1,14.4,-0.9,14.2,-8.0,-0.0,11.8,2.2,10.7,-5.5,0.3,-4.3,-4.2,-1.0,-4.4,0.9,-2.0,-7.0,-1.8,-4.5,12.5,-1.8,-6.5,12.2,9.9,-0.6,-0.1,5.6,-3.0,-6.4,10.5,-0.2,19.6,10.4,13.2,-6.0,10.9,-2.3,-3.1,-0.9,-13.5,6.5,-6.4,17.1,-12.4,-9.4,1.8,-7.0,-7.8,-0.8,0.1,2.2,-3.4,-15.0,-6.0,12.4,14.2,-0.4,0.9,-12.0,-10.0,-9.4,1.0,-0.3,-10.9,-3.6,-4.1,-2.3,7.3,-8.3,-3.8,-0.1,1.9,1.2,2.2,3.4,-2.1,-5.9,-0.6,-2.2,8.1,-0.0,-4.8,0.6,-0.1,-10.9,3.7,1.0,5.1,-10.4,-1.1
2021-06-06,-21.3,15.2,-2.9,14.2,-1.5,-13.8,-12.9,7.9,-17.6,-8.6,15.3,-16.1,-4.5,6.7,-11.9,-3.7,-9.1,17.4,-2.7,-8.7,-2.3,6.6,-1.8,-14.9,-10.8,-7.8,-14.9,-8.1,-14.3,-15.8,-8.4,-15.1,-1.4,-8.3,-6.9,-11.9,-21.5,-7.3,-16.0,-14.0,-12.8,1.6,-6.0,-4.9,-12.9,-13.5,-7.9,-0.1,-4.5,-8.9,-12.0,-6.7,-9.0,8.8,-6.7,-5.1,1.9,-5.6,-5.8,3.2,-11.0,-7.5,-11.4,-8.0,-11.0,-6.9,-11.7,13.5,-4.6,-5.8,10.2,-7.8,-0.9,1.6,-16.3,17.4,-4.1,-3.7,-6.4,-9.5,0.5,8.3,-10.6,-4.5,-0.8,16.0,3.2,-2.9,-9.7,0.1,-3.5,22.1,6.8,2.5,2.9,6.4,-4.3,-4.5,-5.5,-6.1,-1.3,15.2,-5.2,-7.5,-8.7,-9.4,-3.9,3.7,-7.7,-13.0,0.5,17.1,8.9,-1.0,-6.1,7.4,-12.7,-2.0,-0.2,0.9,-0.1,3.8,-16.8,-2.0,23.3,7.0,0.3,21.4,-4.9,-8.5,-3.9,-3.2,-7.0,-3.5,-6.7,-10.8,6.6,-7.9,3.3,-13.0,1.3,-7.9,-14.9,-9.8,-9.7,-6.5,-4.1,-5.5,-5.3,-3.3,-5.4,-12.9,10.4,-10.9,0.0,10.6,3.8,-10.3,-6.5,-12.7,-8.6,-0.3,-3.7,-3.0,-3.1,-1.9,-3.7,5.9,-13.3,-4.5,-15.2,4.4,-13.2,-9.2,-2.8,-11.1,-13.6,3.6,-0.7,-4.4,1.0,2.9,-5.3,-3.5,1.7,-6.5,-8.7,-1.7,-14.0,-12.7,13.6,1.6,0.3,-13.5,-11.7,3.8,7.4,-8.3,1.7,16.4,-6.4,-16.9,16.2,-6.2,-6.1,5.1,1.2,2.4,-3.6,-3.0,7.9,10.5,-1.7,1.6,-1.2,3.2,14.8,-6.9,-7.0,-9.3,-7.2,-0.6,10.3,-9.0,6.1,6.5,-1.4,12.9,8.9,-1.0,-2.0,1.7,-1.0,-2.2,-1.4,2.7,2.0,7.9,17.8,-5.6,8.2,-3.3,-1.8,-0.6,1.1,-0.7,5.5,9.9,10.2,-6.3,4.4,10.9,-1.8,-1.9,10.8,-6.9,-2.3,0.1,-3.9,-0.1,8.5,6.6,-19.3,-0.6,0.2,9.4,9.0,3.6,-8.4,1.1,15.1,-4.4,-1.0,-17.0,-1.2,-7.4,0.6,2.6,-1.0,-2.1,-2.5,-2.5,14.2,5.3,10.8,-0.9,-2.6,13.0,-5.7,6.0,-0.1,-7.6,6.8,-8.2,-10.3,-5.1,-3.1,0.1,1.4,-0.8,3.3,0.7,0.9,11.5,7.1,-3.8,0.7,2.1,11.5,4.1,13.2,-1.8,14.7,-6.9,0.7,10.2,-3.3,5.5,-7.2,-11.6,-1.6,-6.1,-3.3,-6.7,-5.4,-10.1,-8.8,-4.0,2.4,10.0,0.9,-7.1,4.5,4.3,-1.3,-4.3,-1.8,-6.2,-9.6,9.1,-5.1,23.1,19.4,9.5,-5.7,1.8,-3.9,-6.9,0.7,-14.4,3.8,-6.9,15.8,-12.4,-11.7,0.1,0.4,-1.1,3.0,3.1,-8.1,-3.6,5.2,-8.7,8.2,17.7,3.5,0.7,-9.3,-3.4,-5.4,0.4,-2.7,-14.2,2.7,-9.7,-1.4,7.0,-4.5,-5.8,-3.5,1.5,0.9,-14.7,-0.2,-11.5,-3.0,-0.8,4.8,-2.0,3.4,-1.1,0.0,5.7,-4.1,4.4,3.0,1.8,-9.9,-4.6
2021-06-12,-15.5,-1.6,20.5,3.5,3.6,-10.7,-6.4,15.3,-4.8,1.8,21.5,-9.9,-3.4,5.0,-8.8,6.8,-1.4,19.8,-2.7,-5.1,1.0,-7.0,6.1,-4.0,-3.7,-3.2,-11.0,-6.1,-8.8,-0.9,1.0,-6.4,1.7,-0.7,1.0,-5.0,-12.7,-10.2,-1.5,-1.4,-4.3,9.5,-2.2,-3.6,-6.9,-5.4,-7.4,-9.1,3.5,-1.5,-6.1,-3.7,-7.1,8.1,-1.9,3.8,5.6,-4.9,10.9,-2.1,-7.5,-6.8,-9.4,-4.1,-7.6,-1.2,-0.5,-4.0,10.4,-3.2,9.1,-2.0,20.8,-2.6,-10.3,12.0,7.7,10.9,-2.4,4.2,8.9,14.1,-2.8,7.5,1.2,-2.5,14.5,0.5,-4.6,-3.5,-2.1,-2.0,11.9,11.1,5.1,12.7,-0.2,-4.4,-1.5,2.6,6.4,-2.9,1.2,-1.0,-0.2,-8.2,-4.8,3.0,2.1,-4.1,2.0,18.6,10.1,1.4,-3.7,14.7,-6.9,3.8,1.1,1.7,2.5,0.6,-12.6,2.8,1.7,8.8,5.0,17.7,0.3,1.3,1.1,1.0,-1.7,-0.4,-1.4,-0.9,11.2,-1.8,3.0,-17.0,7.4,-8.9,-13.6,-1.9,-5.6,-2.3,0.5,-3.6,-4.8,10.1,-0.9,-10.0,11.9,-4.6,4.8,7.5,10.0,-8.6,-2.0,-7.4,-4.6,2.2,-1.6,1.3,1.7,-2.9,-7.1,-8.6,-0.1,1.9,-4.0,0.2,-2.3,-5.4,0.9,-5.7,-11.4,6.0,-0.7,-4.2,-2.1,-6.8,9.2,-8.0,9.8,-0.2,-4.0,0.1,-12.3,-2.0,2.1,-1.2,3.2,-15.0,13.3,1.8,8.4,-5.5,1.1,11.3,1.7,-20.1,2.1,-3.8,-1.3,-4.5,1.3,-0.4,-8.8,-7.7,15.1,15.8,4.3,2.1,-1.9,-2.4,9.6,-7.7,-8.0,-7.6,-4.1,-5.0,19.9,-4.4,10.0,4.8,-4.5,7.3,12.1,4.0,1.1,2.9,-2.8,-0.6,1.3,-0.5,13.6,4.8,6.1,-3.0,10.4,-1.2,-6.6,-7.8,-2.8,-0.2,2.6,10.7,16.3,-4.4,-2.7,4.3,-8.5,-6.5,3.6,-0.7,-4.1,1.3,3.6,6.3,2.6,-1.0,-3.0,-3.5,0.9,4.8,15.5,-1.2,-6.0,-3.6,1.5,-1.5,-3.8,-19.0,1.1,-8.4,-2.2,8.9,4.1,6.7,0.6,2.7,4.1,4.2,4.1,-1.5,-5.7,1.3,-7.7,1.7,1.9,-8.4,9.9,-2.7,-6.6,-4.0,-3.5,4.9,7.5,-6.2,7.8,5.7,3.3,5.3,10.0,0.2,5.0,15.7,20.3,4.1,12.1,1.0,-0.6,-8.3,0.1,10.9,-0.2,5.2,-5.3,-8.8,-3.9,-4.3,-8.6,-7.4,-2.7,13.2,-9.7,0.5,-2.7,20.4,-1.7,-8.0,9.7,7.8,0.6,-4.7,2.8,-2.6,-18.5,7.9,-5.3,19.9,27.0,8.8,-7.2,7.8,-7.6,3.0,2.9,-12.5,1.0,-4.6,18.0,-16.2,-14.2,0.3,8.8,-12.4,10.0,-1.0,3.0,-3.7,4.0,-9.5,24.7,18.0,-1.0,3.5,-12.9,-10.7,-13.4,10.4,2.2,-16.8,6.3,-4.4,3.4,7.7,-6.7,-4.0,-4.4,6.2,3.0,5.6,4.7,0.1,-3.0,-1.8,2.9,-13.4,-2.7,-1.0,2.9,-2.6,-4.9,-4.4,-6.0,0.2,-13.0,-5.7
2021-06-18,-15.2,-2.0,1.9,8.0,7.1,-8.7,-6.7,11.1,-15.0,8.7,24.9,-9.9,-2.1,7.8,-9.9,8.0,16.6,25.6,0.6,-6.2,0.6,11.7,-1.9,-6.6,-3.0,-3.5,-11.3,-5.0,-0.9,11.6,-0.7,-8.8,3.7,-2.2,-5.1,-4.6,-15.2,-7.3,-10.2,-2.5,-8.2,5.4,-2.4,-0.1,-6.7,-6.3,-6.8,0.7,0.9,-4.7,-8.2,-1.1,-7.5,9.3,-2.8,-1.4,3.8,-2.2,1.6,6.0,-10.8,-8.6,-3.4,-10.9,-5.0,-6.0,-2.1,-6.6,7.1,0.4,7.8,-8.3,-2.0,7.2,-9.5,1.5,-2.5,-3.2,-1.3,-3.2,1.3,16.5,-7.3,4.7,6.2,-4.1,5.4,2.6,-8.7,-1.0,-2.8,-1.4,9.6,7.3,6.8,10.8,-3.4,-6.4,-2.5,3.0,1.2,-1.6,-4.4,-4.0,-4.7,-9.1,-2.6,-3.0,-7.9,-6.9,10.0,12.8,8.5,6.6,-1.5,5.5,-8.5,-0.5,6.8,7.3,2.1,-3.3,-14.1,0.4,3.3,8.4,9.1,12.9,-1.9,-8.3,-1.7,-3.6,-5.4,-0.8,3.6,-7.6,10.9,-5.1,-6.6,-11.4,5.3,-5.2,-7.4,-1.8,-7.8,-4.8,-1.0,-4.1,10.5,-1.2,-6.4,-9.3,14.1,-7.7,7.6,7.0,8.3,-8.7,-1.0,-6.0,-4.4,0.8,0.1,-3.8,-1.9,-2.4,-1.7,9.7,-6.0,-4.2,-3.8,2.5,-3.4,-7.1,-0.4,-8.4,-12.1,6.4,-1.4,-6.9,-1.2,-3.2,-3.9,-2.8,-1.0,-3.4,-6.8,-3.3,-13.1,-2.7,5.4,-2.5,3.6,4.5,-3.0,5.6,7.2,-3.5,1.0,9.9,-4.0,-20.4,2.1,6.0,1.1,1.0,3.8,-1.0,-1.5,-8.1,14.4,10.9,-0.0,-1.8,-1.8,-1.4,4.0,-8.5,-7.8,-3.1,5.0,-3.4,17.9,-6.6,8.8,3.1,-6.2,-12.5,12.9,15.4,0.2,4.8,0.4,0.1,1.8,4.1,-6.9,5.5,8.8,-6.0,5.7,-6.2,-8.2,-7.0,-3.6,1.6,4.0,13.4,10.5,-10.2,-13.0,21.7,-6.8,-8.1,-2.4,-2.8,-1.2,-2.3,-0.0,1.7,10.6,12.1,-13.6,-8.1,4.5,-0.8,21.5,-5.4,-9.3,-0.0,4.8,-6.3,-0.1,-22.0,2.1,-6.2,8.6,9.5,7.4,20.6,2.0,1.7,11.4,3.3,2.8,3.1,-8.2,2.6,-4.8,2.4,-4.5,-0.2,10.0,-3.2,-5.9,-0.0,-2.0,6.5,10.5,8.9,10.2,8.1,6.6,16.9,8.7,2.6,2.8,0.4,15.0,3.8,12.4,4.9,-0.6,-5.9,-0.3,10.8,-5.7,-12.0,-5.0,-5.6,0.2,-3.7,0.0,-6.7,-1.0,12.8,-9.9,2.0,-1.6,11.1,2.8,-5.9,9.0,5.9,0.3,-3.9,-2.3,-5.4,-6.8,10.5,-0.6,17.8,12.6,11.4,-7.5,4.7,-4.9,-7.3,-0.4,-8.9,4.3,-3.9,13.0,-16.1,-12.5,-0.8,-9.2,-4.4,3.2,7.7,-6.6,-2.2,6.3,-11.4,8.1,11.4,-0.6,0.0,-12.9,-10.4,-4.9,3.3,-4.3,-14.3,11.2,5.7,0.3,10.3,-6.4,-1.6,-6.6,0.4,-1.7,-1.7,9.0,-15.1,-1.7,0.2,-1.0,-16.7,4.9,-0.1,1.9,9.6,-7.5,-12.3,1.3,-0.7,-9.4,-9.8
2021-06-24,-15.8,1.1,6.0,5.1,1.3,-0.5,-5.3,8.4,-6.1,-1.2,22.2,-8.7,0.9,6.1,-8.2,2.6,1.0,22.1,0.5,-2.5,-0.3,2.4,8.3,-0.9,6.5,-4.2,-12.4,-3.6,-7.7,-7.9,-0.6,-8.1,-0.3,-10.5,0.5,-6.2,-17.1,-8.0,-4.2,-1.3,-7.2,9.7,8.4,13.2,-7.0,-6.3,-9.1,-8.9,4.7,-4.0,-5.3,0.1,-5.6,9.6,2.0,4.3,4.9,0.1,-3.6,5.9,-8.1,-6.7,-1.3,-3.4,1.7,-10.2,-6.3,-5.3,5.7,5.1,17.4,-9.0,1.5,18.0,-10.1,3.0,-3.5,1.6,-2.8,-5.2,-1.8,13.5,-0.5,3.7,1.7,-3.0,9.5,5.7,-7.7,1.2,-6.9,21.3,21.0,14.9,7.2,16.4,-2.3,2.8,2.0,1.9,9.5,1.5,1.7,1.2,-4.6,-5.7,-4.2,-2.9,-5.4,-4.6,14.1,18.0,8.6,0.6,-4.6,10.9,-9.6,2.3,0.9,20.1,0.8,-4.6,-16.4,1.8,10.0,12.7,20.5,21.9,2.1,3.4,5.6,-3.9,-6.7,-0.5,-3.4,-5.5,14.0,-2.8,14.4,-11.4,9.8,-4.4,-9.1,-3.7,-3.4,-1.1,0.7,3.0,2.8,4.0,-3.0,-10.2,14.7,-7.0,5.9,19.5,6.6,-8.1,-3.4,-5.2,-4.8,2.9,-0.6,-4.1,-3.1,-4.0,3.4,-11.5,-2.7,-0.6,-4.5,1.8,-5.4,-4.5,1.2,-8.5,-10.8,7.5,-1.0,-2.8,-1.6,-2.5,0.0,5.7,6.1,-2.7,-5.4,1.9,-13.9,-6.7,1.9,3.1,8.6,-12.8,7.6,7.1,10.4,-0.9,6.4,14.7,-1.8,-17.6,8.4,-9.3,2.1,-0.3,3.0,2.3,-3.8,5.5,10.8,15.2,2.2,3.3,1.6,1.7,8.5,-5.3,-2.5,-1.8,-0.5,-2.1,10.6,-7.0,12.8,9.3,-5.7,-2.5,6.0,0.2,2.5,5.4,-0.6,-0.4,1.5,-2.5,-4.3,9.5,15.3,-1.3,11.3,-2.7,-1.2,-4.2,1.3,5.2,5.0,13.0,9.4,-6.6,-8.6,6.2,-6.6,-4.0,5.0,-2.6,3.6,3.1,3.9,4.4,5.6,6.7,-9.7,0.7,5.4,5.7,20.3,-1.9,-11.7,0.8,1.0,-1.3,0.3,-18.0,4.0,-4.5,10.4,9.3,4.8,5.6,4.3,-3.9,9.6,8.2,10.4,4.1,-3.3,1.6,-3.1,2.6,4.2,-4.4,11.9,-2.2,-3.3,1.1,-5.7,6.0,7.5,11.3,5.8,8.1,7.9,9.7,7.1,-6.1,6.4,1.6,7.7,6.4,17.2,6.0,-2.7,-4.8,5.5,14.8,-3.7,2.9,-3.3,-1.4,-0.3,-2.6,0.3,-6.4,-0.8,11.4,-5.2,0.2,8.3,6.5,3.8,-6.8,5.6,11.2,-4.0,-3.3,1.1,-2.0,-4.8,9.0,1.7,16.0,23.8,5.9,6.8,-0.2,2.6,-5.0,-3.2,-9.8,1.3,-6.4,11.9,-11.4,-4.9,6.3,-1.1,-6.3,-4.5,3.2,9.6,-2.2,-0.1,-6.2,13.0,14.2,0.3,6.6,-10.5,-8.8,-9.6,16.5,-0.1,-12.3,7.7,10.8,-1.5,6.7,-3.7,0.4,-0.8,4.9,-0.3,6.9,9.7,8.0,0.4,1.7,6.9,-10.6,1.2,2.1,3.9,7.8,-5.3,-9.0,5.9,10.3,-4.2,-6.0
2021-06-30,-17.7,-5.7,6.4,3.6,7.5,-2.9,-6.9,7.5,-7.0,-1.1,22.3,-10.1,-2.0,5.6,-6.4,3.2,-1.9,22.6,-3.5,-7.1,-3.0,-2.1,8.8,-6.6,-8.0,-4.8,-10.8,-4.5,-10.1,-8.1,-3.3,-9.5,3.8,-1.6,4.0,-5.3,-16.2,-7.9,-6.7,-5.4,-6.1,8.0,-4.9,-4.5,-7.9,-5.9,-12.0,-10.1,0.4,-5.6,-9.6,2.0,-4.6,11.1,-2.8,-0.9,5.2,-0.5,1.3,6.9,-6.6,-5.2,-4.3,-13.6,-7.5,0.2,-5.3,-4.9,6.3,3.4,16.2,3.3,8.8,14.1,-8.3,9.5,7.1,0.7,-13.3,-5.9,5.7,17.7,-3.6,2.1,0.3,-3.9,5.3,9.5,-6.9,4.4,1.0,22.6,16.4,8.9,10.2,18.6,-3.4,-2.5,3.0,1.4,3.5,2.7,3.5,0.8,-11.2,-8.7,-14.6,-7.2,-2.7,-4.3,10.9,15.7,8.1,2.2,-2.9,9.7,-10.5,0.9,18.3,15.4,2.7,-1.3,-9.7,2.3,3.9,15.8,10.7,23.0,3.3,-7.7,4.0,-3.0,-6.2,-1.2,0.2,-6.2,11.7,-2.3,-5.5,-11.7,8.6,3.0,-10.5,-3.3,-4.0,-0.7,3.6,1.3,-6.8,6.7,-4.2,-10.9,16.0,-7.1,8.5,9.9,8.7,-5.7,-2.5,-6.0,-3.8,3.8,1.7,-1.5,-0.3,0.9,3.0,-14.2,13.8,-7.1,-10.3,4.2,-8.7,-4.1,2.9,-6.7,-8.0,6.0,-0.5,-5.8,-3.9,13.4,12.7,3.7,4.9,-5.8,-3.7,1.3,-11.1,-4.0,3.0,2.6,3.6,-5.8,-2.3,9.3,10.0,-3.0,4.0,12.2,1.8,-16.0,5.1,1.3,-3.2,-5.4,3.3,5.1,-2.5,0.4,13.5,13.7,4.1,5.0,1.8,5.7,6.8,-0.6,-3.0,-0.1,10.4,-0.2,17.3,-4.8,10.3,10.6,0.0,-1.2,6.4,0.9,2.8,5.0,0.8,1.8,2.6,4.7,6.4,11.4,15.3,0.4,17.1,-4.9,1.2,-1.8,2.6,3.8,4.8,14.7,-0.6,-9.0,-11.6,2.9,-7.2,-5.0,4.4,1.7,-3.2,10.1,3.8,4.9,9.6,0.7,-13.4,-7.7,6.4,8.9,4.4,2.3,-6.6,0.9,17.8,-3.4,0.9,-15.3,3.5,-0.8,8.4,8.0,10.4,7.2,4.5,-1.7,11.2,10.5,12.6,2.1,0.6,18.0,-3.7,6.3,5.5,-3.4,10.9,0.6,-2.6,0.1,-5.0,8.0,9.4,12.0,6.6,7.7,6.4,-5.5,4.4,-2.5,4.4,3.5,26.7,9.2,17.4,8.4,0.6,-3.6,4.4,14.5,1.2,6.9,-3.3,-1.7,-1.1,-2.0,-0.3,-6.2,1.1,11.3,2.6,3.6,4.8,12.3,-1.4,-3.2,11.6,0.9,0.8,-0.1,7.5,4.5,-4.1,11.6,-1.3,13.0,27.2,5.5,-11.6,-1.7,-2.8,-4.4,1.0,-12.7,3.4,-2.0,14.5,-8.4,-8.4,5.3,-6.8,-3.3,1.6,2.6,5.9,-0.3,8.8,-9.7,14.2,17.6,4.0,6.9,-9.3,-4.1,4.6,5.8,-1.1,-10.2,-0.7,4.8,2.3,10.4,-7.0,10.9,-0.7,4.9,-1.5,5.5,-14.2,-8.9,-3.1,-4.2,2.7,-14.8,2.0,1.0,2.8,5.8,-12.2,-7.3,2.0,1.6,-5.0,-11.7
2021-07-06,-12.0,2.2,21.3,8.1,4.4,-2.6,-4.4,10.2,-3.7,4.3,22.4,-3.2,-0.5,9.9,-3.9,8.5,-7.2,21.8,2.3,4.5,3.9,2.5,5.7,-2.3,3.5,0.3,-1.7,-3.6,-9.5,-12.6,2.3,-7.9,9.2,3.5,4.5,-4.6,-13.0,-4.8,-10.0,-1.1,-2.1,11.3,0.3,2.3,-4.9,1.7,-5.5,-3.3,5.5,-1.7,-7.0,-4.2,-1.4,13.1,0.2,5.1,5.8,-0.7,-9.4,1.5,-3.5,0.9,-5.8,2.8,7.8,-1.1,-1.8,-9.0,4.2,-0.7,18.1,1.4,17.8,13.3,-8.3,3.7,-0.7,2.1,0.1,-2.0,5.1,12.4,-0.2,7.3,4.3,-1.3,18.2,13.6,-3.1,-4.1,-4.7,16.6,10.6,11.0,11.8,15.1,2.7,-3.7,0.7,6.5,9.3,5.1,2.2,4.2,-5.4,-6.4,-1.9,-1.4,0.2,-4.1,11.3,18.1,12.6,3.2,-4.3,11.0,-7.1,-0.0,2.6,19.5,3.7,-3.2,-10.6,14.0,10.1,9.8,19.4,21.3,2.4,-7.5,12.3,-0.6,-2.8,1.5,-0.4,-2.0,15.4,-0.1,-11.2,-12.9,9.1,-1.0,-6.3,-2.4,1.3,3.5,4.5,1.4,-0.6,2.6,1.2,-8.7,18.5,-2.8,11.5,15.1,9.5,-5.8,-2.6,-6.3,-3.7,5.2,2.0,-0.8,2.7,2.9,1.3,-7.8,-4.2,5.0,0.1,4.1,4.7,-1.5,4.2,-6.8,-10.5,10.5,1.7,0.9,10.5,-5.7,3.8,2.4,7.6,-1.1,-1.0,4.9,-9.9,3.4,8.5,-0.3,5.3,-8.0,1.5,2.9,10.3,7.7,4.6,16.3,-4.9,-11.2,15.4,-2.0,-0.3,1.3,1.5,2.8,-2.8,3.2,9.8,13.6,2.9,3.3,1.7,2.7,10.1,0.6,-2.1,-1.6,1.6,-8.7,14.0,-2.1,13.8,8.7,5.2,-7.5,9.4,-1.6,4.0,7.7,0.7,3.3,2.2,6.0,1.8,9.3,26.5,-4.2,8.2,-2.7,-3.7,-3.0,-0.2,4.9,2.4,7.9,8.1,-8.2,-11.6,-2.3,-6.8,-3.0,3.3,-4.3,8.2,11.5,1.0,5.0,7.7,7.4,-13.8,-6.5,5.8,7.5,14.5,3.8,-4.1,-2.1,15.1,-0.1,0.3,-13.8,11.5,-1.3,8.8,11.0,3.0,7.6,4.2,-7.3,6.8,8.7,9.5,1.5,-2.4,17.0,-4.5,5.9,9.4,-5.2,18.7,-2.3,-4.6,0.7,-2.1,-9.3,11.7,9.3,9.0,8.7,7.0,4.2,11.0,-1.7,4.5,8.4,3.3,6.7,16.1,4.0,-9.6,-4.6,2.8,15.0,2.7,4.1,-2.8,-3.5,2.6,-1.2,1.1,-1.2,-3.7,12.2,-0.9,5.4,8.8,7.0,4.0,-4.6,5.4,6.7,1.6,0.3,5.6,-3.7,-5.4,9.4,2.4,-0.3,1.6,3.9,5.1,2.6,2.0,-6.5,-2.0,-10.7,2.5,-2.1,19.2,-10.0,-10.7,1.4,3.3,-8.5,0.4,8.6,-7.1,0.3,-4.5,-10.1,10.0,12.4,-3.7,5.4,-9.2,-8.4,-3.9,2.2,-2.9,-10.3,1.4,9.1,1.3,9.0,-7.9,-5.5,-0.9,3.2,-1.3,10.0,-15.5,-3.7,0.7,0.6,7.3,-14.6,1.7,2.7,1.9,4.1,-3.5,5.7,4.2,11.7,-11.9,-7.7
2021-07-12,-11.8,3.8,19.5,5.7,2.4,-1.8,-6.8,14.9,-6.9,0.5,24.8,-16.8,-1.0,7.0,-7.9,3.6,0.7,24.3,1.7,-3.5,2.6,5.8,9.5,-0.7,9.0,0.2,-5.3,-1.1,6.0,-11.8,1.4,-7.9,7.6,-2.9,3.3,-5.3,-14.9,-3.7,-12.1,-7.9,-2.2,14.0,11.1,2.9,-6.8,-6.6,-3.2,-4.3,3.6,-3.1,-8.0,3.5,-2.8,7.3,-1.2,1.9,5.8,0.7,-0.3,1.4,-5.8,-2.9,-4.2,-3.1,7.6,4.6,0.5,-6.0,1.9,3.6,15.4,-2.0,-1.6,13.4,-6.8,3.4,3.8,1.5,-1.9,-6.6,3.9,19.5,0.6,4.1,3.5,-1.6,-0.7,7.5,-6.1,-0.4,0.7,23.5,15.0,11.7,6.6,8.7,-2.3,-2.1,1.5,-0.4,7.0,1.9,3.8,-3.5,4.8,-10.7,-2.1,-6.2,-3.7,0.4,-4.7,-2.7,11.0,4.0,-2.0,7.0,-7.9,1.0,3.3,10.8,0.3,-5.5,-16.0,0.6,21.5,14.9,10.2,13.7,-0.4,-5.8,8.5,-0.4,-3.7,-0.8,1.9,-4.3,11.4,0.2,-9.1,-13.0,4.6,-5.2,-10.7,-4.0,-4.3,-0.3,5.3,-2.7,-5.2,0.4,-0.9,-9.8,16.1,-0.8,9.0,1.6,9.1,-7.2,-3.0,-6.2,-5.6,3.1,3.5,-0.4,1.5,1.3,0.9,-9.7,-3.4,0.2,-7.1,2.8,-5.5,-3.1,3.5,-8.1,-11.3,6.9,-0.2,-2.4,2.3,-7.8,-0.6,3.9,7.9,-4.0,-1.9,1.8,-11.9,3.6,2.9,0.8,4.0,-10.2,-4.0,-1.4,9.8,-9.0,11.2,11.3,-0.9,-22.2,-4.0,-0.4,-1.3,-3.4,-3.9,1.3,-4.3,-0.4,4.2,15.9,8.6,4.0,0.8,4.8,10.7,-2.5,-3.2,-1.1,0.8,-8.6,19.1,-5.6,15.0,8.3,8.1,-7.1,9.2,-1.0,8.5,7.1,-4.5,3.3,3.1,5.8,-4.5,6.0,12.0,-5.3,6.9,-5.4,-5.6,-5.3,-3.2,3.2,3.2,17.5,2.7,-8.6,-9.0,4.4,-4.8,-5.4,2.6,7.2,-3.2,-0.1,3.5,1.0,10.5,7.1,-9.9,-4.4,3.3,7.4,1.6,-2.0,-6.0,-3.7,16.4,-3.4,-0.7,-16.4,-7.1,-3.0,8.6,11.0,4.6,3.8,3.7,6.0,9.0,7.3,10.1,-7.3,-2.7,4.9,-6.9,6.7,-0.1,13.5,11.2,-6.6,-3.4,-0.7,-2.3,7.5,8.9,11.0,7.6,7.5,6.1,6.5,4.6,-0.1,5.0,8.7,6.9,6.4,15.5,-2.4,-7.2,-9.1,1.0,10.1,-1.9,0.4,-3.8,-4.2,0.4,-1.9,-3.8,-5.1,4.9,11.7,-6.9,1.5,3.9,3.9,2.7,-4.4,9.5,-1.1,-1.1,-7.3,-3.6,-3.4,-6.6,15.9,0.6,19.2,13.1,-0.8,-0.7,-6.2,-8.4,-7.4,4.6,-14.0,4.1,-2.2,16.5,-12.5,-9.5,4.6,-7.7,-7.9,-0.6,0.6,4.4,-1.7,3.4,-8.5,13.6,15.0,-0.5,4.9,-8.2,-9.1,-11.8,5.4,2.9,-13.9,2.4,7.9,1.9,9.9,-5.6,-6.9,-1.6,11.4,-6.1,1.4,2.9,10.3,-1.1,-1.4,9.5,2.9,0.3,-1.9,-1.2,10.6,-7.6,-2.1,-2.1,-11.4,-13.8,-8.3
2021-07-18,-12.2,-1.6,13.1,6.9,11.4,-1.7,-4.7,14.6,-8.4,0.5,26.1,1.1,-0.3,7.6,-4.6,1.2,-0.9,26.4,3.9,-2.6,-2.9,-6.3,0.4,-3.0,2.7,0.1,-7.8,-4.1,-13.5,-11.0,-0.3,-7.9,7.4,-0.3,-1.1,-6.2,-13.7,-6.9,-11.3,-2.7,-4.3,8.8,-3.3,2.0,-5.2,-7.8,-6.5,-0.3,2.6,-5.5,-8.5,1.2,-4.5,11.0,-1.4,2.9,-2.4,-1.7,-4.8,-0.6,-8.1,-5.0,-9.8,-2.9,4.7,6.5,-4.7,-6.3,-8.5,3.3,5.2,2.2,-0.7,8.8,-18.4,-0.1,-0.2,4.0,-0.1,-1.3,10.3,18.6,-2.1,-0.7,13.3,-4.8,1.7,7.4,-5.7,1.3,-1.6,0.1,11.9,7.5,9.4,13.4,2.7,-0.4,3.6,-0.8,5.5,-2.3,2.9,-1.6,-0.8,-4.5,-2.0,1.8,8.0,-2.7,-1.1,7.1,13.4,7.5,-3.7,3.5,-7.9,1.5,4.8,8.3,4.0,-1.0,-15.2,-0.7,2.2,9.2,16.3,29.4,-1.1,-6.5,3.8,0.0,-3.8,0.3,2.3,-3.3,13.9,-0.4,7.3,-11.2,5.9,-5.9,-13.6,-0.4,-2.4,0.4,4.3,-1.1,-0.6,3.8,-1.8,-9.6,17.4,-4.7,5.8,6.8,10.2,-8.4,0.7,-6.1,-2.3,5.3,3.6,-6.7,-0.6,-0.5,-2.3,-1.7,2.1,1.2,-5.5,5.8,-0.7,-1.9,3.4,-6.5,-10.7,5.5,-3.6,-1.3,2.3,-0.4,-7.8,2.0,4.3,-1.2,-2.7,-0.1,-14.6,-4.0,2.4,2.0,2.8,-11.0,-6.1,-1.7,7.7,-11.2,5.5,14.0,-1.6,-20.5,11.7,-8.1,-3.3,-2.9,3.8,2.7,-4.8,-2.3,6.4,12.4,3.8,1.5,1.6,1.2,10.1,1.6,-1.9,-7.8,-4.4,11.3,11.5,-7.0,7.0,8.7,4.0,-7.1,-6.2,-3.4,-9.3,8.6,-1.3,-1.0,0.3,9.8,-4.1,9.7,13.0,-5.7,5.8,-13.8,-4.2,-5.6,1.3,2.0,4.9,12.0,9.8,-15.9,-17.3,3.2,-7.7,-6.8,-0.3,0.7,-2.1,0.8,3.9,2.5,6.4,7.3,0.8,3.1,5.4,5.3,12.0,-5.0,-7.3,-3.3,13.3,-5.8,-5.2,-19.4,8.4,-6.7,2.4,6.8,8.2,10.7,3.4,-5.2,8.6,6.9,10.5,-3.5,-3.7,13.2,-5.6,0.6,-3.1,-3.3,5.7,-4.4,-5.9,-0.1,-2.7,2.7,10.0,10.6,6.2,8.7,5.9,8.9,10.8,-8.9,2.5,5.3,2.5,5.0,14.8,-0.7,2.3,-5.8,3.4,11.8,0.2,7.6,-4.1,-7.6,3.6,-3.2,-1.2,-3.7,-4.2,7.1,-3.6,2.2,7.5,7.2,-0.4,-3.9,-10.8,8.3,2.2,-5.5,-3.7,-5.9,-7.1,9.0,0.2,4.2,22.1,-1.3,-3.9,6.3,-7.7,-7.0,-0.2,-13.5,1.4,-4.7,12.2,-13.2,-13.0,1.5,0.7,-10.5,0.8,3.2,15.1,-2.0,10.0,-12.5,9.2,14.9,2.2,-0.7,-5.8,-5.5,2.4,2.6,-5.5,-13.0,19.0,3.8,-3.6,1.3,-10.2,5.4,-3.5,-0.3,-2.1,3.5,-8.8,9.9,-2.9,-3.1,4.8,6.6,0.5,0.0,-3.5,2.1,-9.0,-5.3,11.4,10.2,-4.3,-7.4
2021-07-24,-12.6,0.4,20.6,7.8,-0.5,-0.1,-6.5,9.7,-0.2,0.6,23.1,-1.6,-0.6,7.6,-5.2,2.9,-3.2,21.4,-1.2,-0.2,-0.7,-5.7,4.9,-1.1,2.9,0.1,-14.4,-3.2,-12.6,-4.1,0.8,-9.1,6.8,-5.6,1.7,-4.9,-18.5,-6.1,-3.4,-0.8,-6.0,10.0,0.2,8.9,-5.4,-0.6,-9.5,-10.1,3.1,-2.2,-8.1,0.2,-4.5,13.7,-3.2,3.6,4.5,1.2,-2.5,3.8,-6.0,-4.8,-8.8,-5.6,6.1,4.0,-4.4,-3.8,2.2,0.4,9.4,-2.7,8.3,17.2,-11.8,1.0,-2.3,3.2,-2.2,-4.7,1.3,16.6,-3.4,5.3,8.2,-4.4,1.5,5.7,-7.1,3.0,1.4,11.4,10.2,9.8,9.1,7.6,-1.3,-2.3,-2.8,0.6,0.4,-2.8,0.1,0.8,-10.5,-8.8,-3.7,-0.6,-6.3,-4.4,-4.8,3.9,11.3,4.8,-6.6,7.9,-5.2,4.6,4.1,8.5,0.8,-1.6,-14.1,4.0,6.2,9.3,21.7,23.5,1.3,-8.5,6.5,0.4,-3.5,0.8,-1.0,-4.7,13.6,-1.8,0.8,-11.4,7.8,-3.6,-23.5,-2.7,-4.2,-0.3,2.7,-0.9,-1.3,0.1,-2.7,-9.2,14.8,-4.0,-2.4,17.1,8.4,-9.0,-2.6,-7.4,-5.2,3.1,0.6,-3.0,0.6,0.8,-0.5,-9.0,1.2,6.4,-7.1,4.7,-3.0,-5.2,0.8,-8.1,-11.3,6.1,0.1,-0.3,-0.1,15.4,3.9,-6.0,4.5,0.4,-7.5,1.1,-8.4,-3.3,0.8,17.0,12.7,-11.0,-0.2,0.6,14.6,-5.7,2.7,12.2,1.2,-6.3,2.5,7.3,0.1,-0.5,1.4,5.2,-3.6,1.3,6.7,15.0,6.3,3.6,0.7,-0.5,6.9,-3.5,-12.7,-6.4,-7.6,12.9,17.0,-3.7,14.6,10.9,2.1,-4.0,4.1,0.5,-1.6,7.3,-10.5,1.2,1.0,8.3,-0.9,11.1,14.8,-2.7,24.2,0.3,2.3,-3.7,1.4,1.5,3.1,11.9,8.5,-5.1,3.8,6.9,-6.2,-4.1,4.9,4.0,-9.2,10.5,-1.3,5.3,6.1,5.0,1.2,-3.3,3.6,7.8,7.2,-1.7,-7.5,0.9,-0.6,-5.6,-0.5,-18.3,-8.3,-3.1,5.6,4.1,5.2,14.3,2.6,-3.7,5.0,8.2,8.1,1.5,-5.9,0.5,-3.5,4.6,-5.5,-7.7,13.2,-0.0,-2.5,-0.5,-3.6,10.2,7.4,7.9,6.1,5.6,6.7,8.2,10.0,-5.3,2.9,-2.3,26.9,7.5,14.3,1.0,0.4,-3.5,-0.4,23.6,-1.5,2.8,-4.4,1.5,0.2,-2.5,-0.8,-5.7,-0.2,10.3,-2.3,3.3,4.7,11.2,1.4,-1.6,2.3,6.9,5.6,-2.5,3.2,-1.1,-6.8,8.4,-4.6,22.8,18.5,0.8,-1.2,3.3,-3.7,-5.9,-2.7,-12.7,0.4,-4.8,17.4,-9.1,-8.9,2.4,-4.3,-5.7,3.3,6.2,-6.2,-1.5,-3.4,-6.7,10.8,10.8,10.4,1.5,-9.7,-9.4,-15.0,5.1,-4.7,-12.8,13.2,5.7,-8.2,4.8,-8.2,-7.0,-4.1,-0.8,-3.1,-6.9,5.7,6.5,1.6,-1.9,4.7,7.9,2.4,0.0,-0.9,4.8,-2.2,-2.1,4.6,11.7,1.8,-2.2
2021-07-30,-13.7,-1.2,14.9,-0.1,7.3,-5.8,-5.8,15.5,-9.2,-1.6,23.5,6.1,-1.9,8.8,-6.5,0.9,-0.7,22.3,2.1,-5.8,9.6,11.4,1.2,-4.6,0.1,-2.2,-7.8,-4.5,0.7,-5.3,-0.3,-9.9,4.5,3.5,0.9,-5.3,-13.9,-7.3,-5.7,-3.1,-6.8,8.4,-6.4,-6.9,-8.0,-9.8,-9.2,-8.4,1.5,-2.7,-3.4,0.6,-6.3,8.0,-3.4,0.1,8.8,-1.9,0.7,-0.2,-5.9,-4.0,-9.3,-8.3,-7.0,2.3,-5.0,-4.5,-2.4,0.8,7.7,1.6,7.5,-1.0,-2.0,-3.7,1.0,4.7,-4.4,-7.1,3.9,12.6,-2.6,-0.8,-5.2,-5.2,3.9,7.4,-1.9,-0.5,-1.4,2.0,14.1,-2.1,6.2,13.9,0.6,-1.5,4.2,1.5,7.6,-5.5,3.1,-3.1,2.5,-6.4,-2.1,-8.5,-5.7,1.6,3.8,2.5,5.8,-12.1,-5.1,6.5,-3.1,3.9,-5.9,11.8,1.8,-2.2,-16.8,0.2,-1.6,11.1,8.6,20.7,0.1,-3.4,2.7,-4.3,-6.4,-2.7,4.8,-4.3,14.9,-2.6,-5.2,-15.3,2.9,-6.3,-12.1,-4.6,-4.9,-1.4,0.9,-2.6,9.0,-0.8,-3.7,-11.5,16.9,-8.5,6.1,10.0,10.1,-8.1,-4.9,-7.7,-5.5,2.4,-0.8,-6.7,-1.0,0.1,0.9,-14.5,2.9,5.5,-6.0,4.3,-9.5,-6.3,0.9,-6.7,-9.9,2.6,-3.9,-2.7,0.3,13.4,3.2,-3.3,3.2,-1.8,-5.9,-1.9,-10.5,-11.0,-3.1,4.4,0.3,-7.9,-2.7,4.9,8.3,-3.8,2.4,10.0,-1.5,-14.1,5.9,-3.6,-5.3,-3.5,0.6,4.4,-5.5,-1.8,9.2,13.1,3.3,0.2,-1.0,-1.1,4.0,-2.2,-2.5,-0.3,0.3,-1.4,12.0,-4.4,14.4,10.7,-7.9,-3.4,-0.3,1.0,0.0,7.9,-7.4,-0.5,1.6,8.5,4.7,6.3,12.6,-5.7,5.4,-2.8,3.3,-0.9,0.4,2.2,12.5,9.0,8.2,-4.4,-4.3,8.0,-9.2,-5.4,-1.0,-0.6,11.1,-1.2,-3.3,5.1,4.2,7.2,-4.3,-6.9,5.3,8.1,13.4,-4.8,-9.6,1.2,13.2,-6.0,-1.8,-17.3,12.7,-6.3,8.9,6.6,3.5,12.7,3.0,-4.9,5.1,5.3,6.5,12.0,-2.7,0.5,-5.8,4.1,1.1,6.2,12.9,-3.2,-4.7,-0.7,-7.0,9.0,6.6,5.4,7.9,5.6,5.9,8.7,3.5,11.5,-2.4,-5.3,3.2,4.1,12.1,6.5,-6.2,-8.4,1.2,14.5,1.1,7.3,-5.0,-5.5,1.5,-2.8,-2.1,-5.6,2.5,0.4,-4.4,-2.4,17.2,3.8,-1.3,-4.2,5.3,6.5,-0.9,0.0,1.2,-2.0,-7.4,12.8,-3.6,15.8,16.8,-2.4,-3.4,-0.1,-3.7,-4.9,1.1,-13.7,1.6,-6.0,13.2,-14.3,-9.9,5.4,-3.9,1.1,1.4,2.7,8.3,-3.2,6.8,-6.9,9.9,20.3,11.4,1.7,-8.4,-10.0,-14.1,0.9,-3.3,-13.0,15.4,-13.6,-0.6,7.1,-12.9,-9.8,-12.6,1.4,-0.7,-3.5,6.3,10.8,-9.3,-6.8,-1.0,-1.6,-0.9,0.1,-4.5,23.4,-10.1,-3.1,4.7,9.0,-12.2,-9.7
2021-08-05,-15.6,-1.9,7.1,3.5,5.9,-4.1,-1.9,9.5,-10.0,-2.1,24.2,-10.2,-0.9,3.1,2.6,0.8,-3.8,24.5,4.6,-5.1,0.8,9.7,7.5,-0.1,11.2,-7.0,-12.4,-4.4,-12.7,-3.4,2.0,-8.4,1.7,-7.7,4.2,-6.1,-17.8,-6.0,-4.4,4.2,-7.9,8.6,-4.5,0.4,-7.2,-12.2,-12.5,-12.7,1.9,-5.7,-8.4,3.2,-4.9,14.8,-5.4,3.8,1.3,-8.3,6.1,1.1,-8.0,-7.0,-10.1,-12.2,-11.2,0.6,-4.4,3.8,-0.1,-4.2,7.3,6.9,13.2,20.0,-16.3,12.1,3.0,3.5,-1.8,9.9,-5.2,14.6,-6.1,-3.9,-7.2,-5.3,0.5,8.1,-0.1,2.9,-6.7,13.2,18.6,17.1,11.3,15.7,-4.8,1.1,1.2,-1.0,13.7,11.0,4.0,-3.2,-2.3,-7.5,-1.3,12.2,-11.6,-8.6,-9.1,7.0,5.1,-8.9,-11.8,7.8,-2.1,1.0,7.0,10.8,0.4,-4.4,-10.1,11.4,12.4,17.6,16.9,18.0,0.8,-6.2,3.8,1.3,-4.4,-2.9,-7.1,-3.9,13.8,-0.5,-11.2,-6.9,12.2,1.7,-8.8,-9.9,-6.8,-2.1,3.3,-2.3,11.7,1.9,-2.5,-11.6,17.7,-4.4,7.5,19.8,8.4,-7.5,-5.8,-11.8,-6.3,2.2,1.8,-7.0,-2.9,-4.9,-1.2,-11.5,2.5,9.9,-7.6,1.5,-8.8,-3.7,2.1,-8.4,-10.1,4.5,-2.0,-2.5,2.6,14.8,-11.2,-0.2,-1.4,-0.2,-0.6,2.5,-9.7,-7.5,-0.2,2.7,5.3,-9.8,-2.6,-2.5,11.0,-8.8,-1.3,4.1,0.8,-11.1,2.0,14.0,-3.8,-4.3,1.3,3.1,-7.0,-2.4,7.6,13.7,2.3,4.4,-0.0,-1.9,20.2,-13.7,9.2,-2.7,-0.5,-2.3,11.2,-9.2,6.4,9.9,5.8,10.8,8.1,4.2,10.2,7.8,-5.0,0.5,1.2,9.4,1.1,5.8,8.5,-10.0,14.5,-6.4,-2.5,-3.6,-0.6,5.7,3.1,5.2,5.8,-8.8,-9.0,-1.1,-4.5,-3.9,4.8,-6.2,-3.0,-1.3,-1.0,2.3,-2.6,-4.3,-8.8,-3.1,1.6,3.3,4.1,-6.7,-5.4,-2.2,10.5,3.0,2.4,-19.5,5.0,-9.7,-0.6,2.9,4.5,0.2,2.3,-3.3,5.8,4.9,14.7,-3.4,-3.8,7.4,-8.0,3.4,1.9,3.1,19.3,-4.2,-2.4,-7.6,-3.9,3.1,0.4,18.4,2.3,2.7,3.9,-6.5,3.0,-6.0,5.7,4.0,12.7,5.2,15.4,1.2,2.7,-7.8,1.8,15.0,8.3,-1.1,-4.3,-2.7,-0.2,-3.9,-9.7,-5.9,-2.7,4.6,-10.8,1.4,9.2,23.8,-3.5,-4.2,3.8,3.5,0.5,-1.8,-0.7,0.8,8.3,8.2,-3.7,2.8,25.9,-6.1,-2.5,-1.7,-2.5,3.0,3.4,-11.9,9.9,-1.0,4.5,-16.4,-17.2,5.5,-2.2,-1.3,9.7,-2.8,0.2,0.9,7.4,-17.6,24.0,15.4,10.0,5.4,-11.5,-8.2,-11.5,7.0,-1.9,-8.9,12.2,8.9,-4.2,9.8,-8.7,-6.5,-5.4,2.6,1.3,-10.2,-12.1,6.4,2.4,-1.9,6.0,-2.5,-2.8,-0.7,0.5,0.2,-4.4,-8.3,-5.4,10.0,-4.7,-3.5
2021-08-11,-11.8,1.0,17.7,2.9,4.2,-5.9,-5.3,8.7,-13.0,-2.0,24.1,-8.5,1.4,5.5,-7.3,-0.3,-2.8,23.6,3.3,0.4,-0.3,11.7,3.2,-2.8,-4.5,-3.5,-11.4,-7.4,-14.2,-5.7,-0.9,-9.9,1.2,7.2,1.5,-3.8,-16.4,-7.4,-3.7,-1.6,-4.0,11.0,-3.6,-4.8,-7.8,-9.7,-9.8,-10.7,1.4,-4.0,-9.3,-2.1,-3.6,16.2,-3.2,0.3,6.1,-2.1,0.3,2.2,-7.5,-4.8,-8.7,-7.1,1.6,5.8,-7.3,0.0,0.3,-2.4,10.1,5.0,9.7,10.2,-8.0,1.1,1.0,13.1,-2.4,-12.5,-1.5,14.5,-2.2,-4.1,-2.1,-4.4,9.8,10.2,-6.0,0.5,0.7,-1.1,12.0,9.8,9.9,18.1,-12.9,-2.8,2.0,0.4,0.9,-0.4,3.2,-4.4,-2.2,-5.0,-2.4,14.7,-7.9,-6.4,10.7,8.7,1.7,-1.2,-3.0,12.0,-0.9,3.1,11.5,11.9,0.1,-0.8,-22.6,1.4,3.0,12.0,16.6,20.3,0.8,-4.1,2.5,-0.7,-4.3,-3.2,-3.1,-3.1,13.8,-1.6,4.5,-19.3,6.6,-6.7,-11.7,-3.5,-5.5,-2.3,1.7,-2.5,3.5,-0.2,-2.9,-9.8,14.8,-3.8,4.4,8.2,7.7,-6.7,-3.8,-8.0,-6.5,2.8,0.1,-1.6,-0.4,-0.9,5.0,9.3,1.5,-0.2,-3.0,6.6,-11.9,-3.1,2.6,-7.4,-10.5,5.0,0.3,-1.6,1.7,11.9,-6.3,3.4,2.7,-1.3,-2.4,-2.0,-9.0,-5.6,-1.7,3.1,-0.2,-10.0,9.7,9.7,10.1,-4.8,0.8,8.7,-0.1,-9.2,1.6,-3.1,-3.8,-0.7,1.1,2.9,-4.5,-2.5,13.2,14.0,0.8,1.6,0.4,0.6,7.7,-11.7,4.3,-2.4,0.1,11.0,23.1,-4.3,12.5,12.9,5.5,-9.6,16.4,-2.6,2.8,7.3,-5.5,-1.5,2.2,7.3,-1.7,11.3,14.3,-2.3,15.4,-5.7,-6.1,-4.1,3.7,6.6,8.5,12.2,5.0,-8.6,-7.8,-1.8,-6.2,-5.2,1.8,5.5,0.9,-0.2,7.3,3.1,8.0,11.4,-8.8,1.6,3.4,7.2,20.6,-4.5,-12.6,-4.4,-0.3,-2.7,-0.9,-18.3,9.8,-4.3,7.1,8.8,3.1,4.7,2.9,-10.8,6.9,4.5,2.9,-3.0,-3.9,0.3,-4.9,4.1,-1.8,6.9,13.5,-4.6,-4.4,0.1,-5.7,7.9,6.3,6.2,8.1,6.1,6.0,4.0,6.7,-1.9,4.5,9.1,7.1,4.4,11.4,0.2,-1.4,-6.1,1.8,14.7,-3.9,-0.3,-3.9,1.9,-1.4,-3.8,0.0,-6.1,-1.0,1.1,-5.2,5.9,4.7,8.0,-0.4,-2.7,-0.0,4.5,1.7,-2.4,-0.5,0.1,-6.2,16.6,-1.0,19.6,16.5,-3.2,-3.8,-2.3,-2.0,-0.9,-0.9,-12.8,9.1,-6.9,13.2,-15.6,-9.6,4.4,-1.3,-2.3,-0.6,3.0,-7.2,-2.5,3.2,-7.9,8.0,17.8,12.2,4.8,-6.3,-12.5,-12.3,2.4,-4.4,-13.2,5.3,-13.3,2.2,5.1,-6.4,9.1,9.1,0.3,-1.3,-11.7,-7.2,-10.5,-3.5,-0.1,8.5,7.2,-0.2,-0.1,2.2,9.3,-9.3,-6.9,2.2,6.4,-2.2,7.5
2021-08-17,-13.3,-0.3,2.7,4.3,-1.8,-6.9,-6.5,11.7,-8.1,-1.2,23.4,-10.1,-2.5,5.8,-8.5,3.8,-8.3,22.9,-2.8,-12.6,1.2,13.2,-0.6,-3.9,3.9,-3.1,-10.4,-6.3,-16.8,-7.7,-1.1,-10.2,2.4,-7.0,-2.3,-7.7,-15.3,-8.6,-8.0,-2.3,-3.8,9.3,-4.4,-1.4,-9.6,-9.8,3.7,-7.8,0.2,-4.3,-6.5,6.7,-8.6,2.4,-3.6,-1.9,7.2,0.4,-2.8,0.2,-8.3,-6.8,-13.2,-9.3,-0.0,0.9,-2.2,-0.1,-2.1,-9.7,6.7,-10.6,0.5,10.2,-9.4,-3.8,-0.5,1.3,-2.5,-6.8,4.8,17.6,-2.2,-6.9,-7.6,-5.4,5.0,5.1,-9.2,1.5,-1.4,-0.1,8.9,8.1,5.8,12.1,-2.6,-5.2,-5.1,-1.5,3.9,-2.8,-8.5,2.4,-5.7,-7.9,-3.8,-3.2,-2.4,-0.4,11.2,6.1,3.7,-4.4,-10.6,13.4,-7.6,4.4,-1.6,6.0,-0.8,-6.2,-15.9,0.0,2.0,12.0,10.4,18.3,-1.6,-9.0,4.8,1.2,-6.8,-3.9,-5.0,-6.5,11.2,-2.9,9.9,-14.1,5.3,-6.6,-14.7,-7.9,-5.0,-2.2,3.6,-4.2,11.7,1.8,-2.5,-11.1,13.4,-7.0,3.2,11.4,7.7,-7.1,-1.9,-6.6,-3.7,3.3,2.8,-2.1,0.3,-2.2,8.5,9.7,4.5,16.0,0.6,4.5,-8.4,-5.5,0.4,-8.8,-9.7,9.2,-1.9,-3.2,0.5,15.0,-12.4,3.5,3.0,-3.8,-3.5,1.5,-10.6,-12.5,18.2,1.5,7.6,-17.0,-7.1,1.3,6.5,-4.0,0.7,10.2,-3.3,-24.6,10.6,0.3,2.5,-1.8,-1.2,1.3,-4.3,-2.4,6.4,9.6,2.7,2.2,-0.7,0.9,4.3,-11.2,-7.0,-4.4,0.3,-3.8,8.0,-8.1,10.7,7.0,12.3,-5.9,3.2,-0.6,2.6,6.8,-3.3,-1.0,0.7,6.2,0.2,5.5,8.6,-7.9,15.4,3.5,-4.1,-4.4,-2.4,-1.8,-0.0,22.1,5.5,-6.6,1.0,4.5,-7.7,-7.0,2.9,-2.2,-6.3,-0.3,-3.8,7.6,8.6,4.2,-4.9,-6.9,3.6,3.4,0.3,-1.3,-5.9,-4.0,5.7,-2.1,-1.7,-18.8,8.2,-6.1,-0.1,2.9,1.8,-0.1,1.3,-0.2,7.1,5.1,7.5,-2.3,-4.4,-1.1,-4.1,2.9,-0.8,3.0,12.9,-3.5,-7.8,-3.2,-4.4,5.4,3.2,-2.9,5.8,3.9,3.1,0.9,-2.2,-1.4,0.3,9.0,9.7,5.1,11.9,3.8,-5.0,-5.1,-2.4,11.1,-2.9,0.3,-5.0,-7.5,-3.4,-4.4,-3.1,-7.0,-2.4,-7.8,-9.1,0.0,8.4,8.0,-3.0,-4.1,-2.5,1.2,-1.4,-3.9,-1.2,-4.8,-9.2,8.9,-9.1,17.3,23.7,-6.0,-3.5,-5.0,-4.8,-5.5,-0.1,-12.4,1.9,-3.7,14.1,-13.1,-15.2,1.5,-2.3,-2.6,-2.3,3.4,-7.1,-1.9,9.1,-9.7,8.5,18.7,11.1,1.8,-8.0,-16.4,-13.2,2.4,-5.6,-14.2,8.6,-5.2,2.7,3.5,-15.5,-4.4,-4.7,-0.1,-2.4,-0.9,-4.9,-12.0,-4.5,-3.6,2.5,-5.1,-5.3,-4.8,-1.2,2.9,-6.5,-3.6,-1.2,-5.6,-7.3,-5.0
2021-08-23,-13.6,-1.3,2.1,7.1,-2.3,-2.2,-2.5,6.7,-6.7,1.8,23.8,-11.0,1.1,9.0,-2.1,3.0,-5.2,24.0,-6.6,-5.0,3.7,11.7,8.3,-1.1,2.0,-0.5,-13.2,0.3,-5.6,-1.1,-0.3,-7.6,-1.4,14.2,1.5,-5.9,-16.0,-9.4,-3.9,-2.1,-5.6,9.7,0.3,-4.3,-5.0,-12.9,-15.6,0.4,2.7,-2.5,-9.6,-2.0,-4.4,13.7,-1.7,3.5,6.4,-0.6,2.9,2.1,-6.8,-4.1,-8.4,-6.4,3.7,3.0,-1.6,-3.0,0.3,1.3,10.9,15.2,15.5,13.3,-9.4,-2.0,-0.1,-0.7,-1.7,-1.5,6.0,16.8,-0.2,-4.2,-1.3,-2.5,15.0,8.8,-6.2,10.8,10.7,13.0,18.0,7.3,6.5,11.0,-4.4,1.7,-0.8,2.3,7.0,-3.4,1.9,0.8,-1.3,-4.8,-2.7,0.2,-1.0,2.9,9.1,7.7,1.0,1.2,0.6,13.9,-1.6,3.9,7.8,11.9,-0.4,-4.1,-10.3,5.8,8.2,15.7,5.9,22.6,0.1,-5.6,4.9,1.0,-3.7,-3.8,0.2,-6.7,16.0,-0.9,-10.7,-9.3,5.5,-6.5,-9.7,0.6,-4.1,-0.5,0.9,-1.0,3.1,1.8,-2.0,-10.7,18.1,-2.4,7.1,16.8,8.2,-6.2,-2.0,-7.7,-5.5,2.9,-0.9,-1.5,2.8,1.2,8.4,-1.2,5.3,9.2,-8.3,8.4,0.4,-2.0,3.9,-6.3,-9.4,6.5,0.6,3.9,2.9,0.2,6.9,7.7,7.0,1.0,-3.9,0.6,-11.5,0.1,3.7,1.5,5.0,-11.1,2.6,5.4,9.5,-1.4,13.3,10.9,1.1,-18.5,5.4,0.6,1.1,1.3,5.2,2.6,2.9,4.1,11.0,14.8,1.6,10.8,1.4,2.2,-1.4,-2.1,-4.3,-1.5,-1.2,-4.1,14.1,-4.0,14.6,13.4,0.9,-7.8,0.2,-2.9,4.1,5.7,-1.3,1.4,2.8,4.0,-0.5,7.4,11.7,-2.8,16.8,-7.4,2.5,-3.5,-1.0,4.5,6.1,15.6,8.4,-9.6,-7.9,9.6,-5.9,-5.0,1.7,-0.8,0.8,1.8,6.0,6.4,6.9,1.9,-5.7,5.4,11.8,8.4,17.8,-6.1,-4.3,-0.2,-0.8,-3.9,-0.8,-16.9,8.5,-5.7,7.6,7.9,3.9,10.7,4.3,-0.6,11.1,10.8,13.3,-0.6,-1.3,4.8,-2.9,4.7,13.2,11.3,20.3,-0.7,-4.6,-0.4,-3.5,11.8,6.8,7.4,3.8,5.7,5.3,7.2,4.0,-5.1,3.0,0.9,16.7,8.5,16.6,3.8,13.7,-7.6,1.2,22.8,-4.2,-0.4,-3.9,1.5,1.4,-2.9,-2.5,-4.8,-2.3,-0.5,-6.0,-0.1,4.1,16.2,-0.7,-1.0,-0.6,2.8,1.9,-3.0,-0.6,-0.5,-4.4,8.6,-0.3,22.8,18.9,-5.0,-3.4,-2.7,-6.4,-7.1,1.5,-12.4,2.9,-7.1,18.1,-7.6,-9.0,7.2,-2.5,-3.3,7.1,-0.7,1.7,-4.4,6.6,-7.0,17.1,19.1,-11.3,5.3,-11.4,-9.1,-12.3,11.4,-1.7,-18.1,9.4,8.8,-0.9,6.4,-5.5,-0.7,1.6,-2.0,-0.3,-11.4,-7.1,-12.4,-4.4,-0.9,-2.5,5.3,4.2,-1.6,2.0,6.6,-6.6,-6.3,1.9,5.1,-8.9,-8.6
2021-08-29,-13.7,15.8,7.5,-3.5,4.7,-9.5,-6.1,2.3,-5.5,-0.6,22.1,-9.9,-2.6,8.5,6.0,2.5,-4.0,21.4,2.9,-2.4,0.3,6.9,2.2,-5.7,0.0,-0.9,-10.4,-1.6,-17.9,-3.7,-0.9,-8.9,4.0,-5.2,0.3,-5.2,-17.7,-4.4,2.6,-0.1,-7.1,7.8,-7.7,-6.2,-5.1,-12.3,-2.2,-5.5,1.7,-4.8,-7.2,1.8,-7.0,6.5,-4.5,1.9,4.0,-2.0,1.7,-2.6,-9.5,-7.3,-8.5,-8.0,-4.3,8.5,-5.0,-9.5,-0.3,-3.8,13.6,-4.6,2.4,4.0,-12.4,2.5,-1.8,1.3,-5.8,-8.2,9.4,13.1,0.1,-4.2,-3.8,-4.7,-2.4,4.8,-9.6,-1.6,-1.7,1.7,16.1,12.8,7.0,12.4,-1.8,-0.9,2.5,-1.4,4.1,-3.1,0.8,4.5,-7.3,-8.6,-7.1,-6.1,-2.5,7.2,7.7,2.4,16.7,-7.2,-3.8,11.0,-9.3,2.6,4.3,6.6,3.1,4.4,-14.4,2.1,5.7,10.6,17.3,18.9,-1.4,-4.6,2.2,0.5,-3.8,-1.4,-5.1,-5.6,10.1,-4.4,7.1,-8.3,7.9,-8.7,-11.4,-6.1,-4.0,-1.4,1.6,2.4,-8.4,1.7,-0.1,-11.9,12.9,-10.5,5.3,1.7,12.7,-4.7,-3.3,-6.1,-3.8,3.0,-0.2,-3.0,-0.6,-1.9,-4.3,-14.4,-12.6,16.0,-11.2,0.7,-1.9,-6.8,1.8,-7.5,-8.4,4.6,1.6,4.3,2.0,-4.3,-8.1,0.4,2.9,-1.9,-3.4,-0.8,-11.5,2.4,4.6,-1.7,3.3,-19.3,-2.1,3.7,7.4,-6.1,2.1,12.0,-0.5,-15.7,1.2,2.9,-2.3,-4.5,2.3,1.4,-13.1,-2.9,9.9,11.3,6.3,7.4,-1.1,-0.9,9.0,0.3,0.2,-3.2,-1.9,-8.7,15.1,-7.6,12.3,10.5,2.7,-10.6,11.3,-1.4,1.6,1.4,-7.6,2.1,2.1,1.3,-1.1,12.3,12.2,-12.0,22.7,-7.4,-10.4,-5.0,-4.4,1.9,-7.8,8.6,3.9,-8.7,-8.1,-1.9,-7.2,-7.2,2.5,-2.8,-4.6,14.0,8.3,1.8,2.1,2.1,-7.4,1.4,6.0,2.3,-1.7,-4.4,-10.4,-9.8,11.7,-2.6,0.9,-17.4,9.9,-3.4,1.3,3.3,9.2,5.1,2.2,2.1,6.6,4.0,8.2,-3.8,-1.4,7.2,-5.7,6.3,-1.3,-3.9,5.7,-5.8,-5.1,-3.8,-2.9,-1.5,3.2,-2.4,5.7,7.2,4.0,1.6,5.0,-9.3,0.7,4.8,19.4,4.9,13.7,-4.9,-3.5,-7.9,1.6,11.7,-4.6,1.8,-3.7,-5.4,-0.2,-3.6,-5.0,-4.6,-10.5,4.3,-8.0,0.8,3.2,18.9,-1.4,-2.3,-6.4,5.9,2.0,-4.2,2.2,-7.0,-14.1,11.1,0.8,25.0,16.0,-2.8,0.1,0.7,-7.0,6.5,-5.9,-12.3,1.7,-6.2,13.2,-10.0,-11.5,4.3,-1.1,-0.5,-1.8,-2.3,-0.9,-2.2,6.3,-8.4,13.3,17.7,10.9,4.9,0.1,-8.7,-7.8,5.2,-2.0,-15.0,21.5,-8.2,-2.0,6.0,-1.7,1.7,-6.6,0.3,2.2,7.8,6.0,-8.6,-7.4,-7.4,3.9,3.6,-2.6,-3.5,-0.5,3.3,-10.4,-5.6,-2.5,1.3,-9.0,-7.7
2021-09-04,-13.2,-1.4,-1.6,10.9,0.3,-7.3,-5.8,8.1,-9.9,-2.9,21.8,-15.4,-2.9,6.9,-9.3,-1.9,-6.2,20.2,-2.2,-5.1,0.1,6.3,4.2,-0.9,1.9,-1.1,-10.3,-1.4,-16.5,-4.4,-1.8,-8.2,3.9,0.1,0.1,-7.2,-18.1,-5.2,-14.6,-4.8,-4.4,8.9,-3.0,6.4,-9.6,-13.5,-8.5,-6.2,1.8,-3.7,-10.3,-3.4,-6.5,3.6,-0.9,-1.6,8.5,0.2,-0.8,8.0,-7.7,-4.8,-14.3,-5.3,2.8,5.5,3.7,-2.2,3.0,1.7,7.7,-7.7,1.7,15.2,-10.0,-0.6,0.6,1.5,-1.7,-8.3,4.6,15.6,-0.2,2.7,-1.9,-5.4,7.2,10.4,-6.5,-5.0,-1.2,1.9,12.4,9.6,6.2,13.2,-0.6,-0.6,-0.6,0.3,5.1,-6.4,2.1,-3.2,3.9,-13.1,-3.4,7.6,-6.2,0.2,9.2,4.7,7.6,-1.9,-2.8,11.5,-9.2,4.5,7.3,14.5,1.5,-1.9,-10.1,0.3,3.6,9.4,5.8,18.6,-0.8,-3.4,0.2,-3.4,-2.5,-2.3,-2.8,-2.9,9.6,-2.3,-5.9,-8.1,6.2,-10.3,-11.7,-0.1,-2.8,-0.4,2.4,-0.6,-14.3,4.1,-1.9,-11.3,15.3,-10.0,9.7,14.4,8.5,-4.9,-0.9,-6.8,-4.7,2.4,1.2,-5.8,-1.7,1.2,-2.1,7.8,6.5,2.5,-7.3,4.4,-5.2,-8.7,2.1,-7.6,-8.9,4.2,-3.2,-0.2,-9.0,5.9,-3.4,-7.8,4.7,-3.2,-4.1,-1.8,-10.8,-6.7,2.1,3.2,10.0,-13.4,0.4,7.8,9.4,-6.9,3.3,13.4,1.2,-10.6,-6.2,-2.7,-4.7,1.0,-0.8,2.6,-3.2,1.4,14.6,14.2,4.6,4.1,0.6,-6.2,11.0,6.7,-2.4,-7.1,-0.1,-3.5,17.7,-6.3,11.1,9.0,5.3,-6.2,7.0,-0.7,0.6,6.5,-3.1,3.2,1.6,3.1,-4.7,9.2,10.9,-3.5,26.9,-2.7,-2.5,-4.7,-2.8,2.8,2.5,6.1,4.3,-6.3,-8.7,1.2,-8.6,-6.3,2.9,0.7,12.9,-3.7,-1.7,6.9,3.1,6.1,-8.6,1.4,3.6,5.3,6.3,-2.0,-8.0,1.5,-0.7,-3.0,-1.6,-15.7,-5.1,-4.2,3.5,9.8,4.8,10.7,3.3,4.4,2.5,4.5,9.3,-3.2,-0.9,11.2,-6.6,5.6,0.9,-8.5,21.3,-2.6,-5.4,1.0,-3.7,-6.0,-3.9,10.2,4.5,6.6,5.1,8.6,7.7,0.8,5.1,4.9,23.4,4.5,14.0,1.2,10.5,-6.9,3.9,15.9,1.3,-0.0,-2.6,-6.9,-2.8,-3.0,0.7,-5.5,-9.0,6.8,-10.5,1.6,5.2,11.6,2.0,-1.7,-0.2,11.0,-1.7,-1.2,2.0,-7.3,-4.8,10.3,-5.8,14.4,23.4,4.1,-1.9,2.3,-5.8,-3.4,7.9,0.5,5.9,-9.0,15.8,-11.3,-10.6,6.4,-4.9,-1.1,4.9,1.8,0.8,-0.2,6.6,-7.6,13.3,20.4,-10.3,7.8,-6.0,-7.1,-7.0,3.5,-1.9,-11.4,-2.6,9.4,-0.6,5.3,-5.4,-6.8,-4.0,0.4,-2.1,-8.1,-7.6,-12.1,-0.5,-1.1,9.6,-14.3,3.1,2.2,0.6,8.9,-8.7,-5.5,3.2,7.4,-8.7,-3.0
2021-09-10,-11.3,-0.7,8.6,3.3,5.4,-7.3,-3.9,12.0,-14.8,0.9,23.4,-11.1,0.8,5.9,-4.7,1.4,-1.1,24.6,4.0,-1.6,3.1,11.0,2.6,-6.3,2.6,-1.6,-11.9,-1.8,-12.8,-2.1,-0.5,-8.2,4.5,0.0,1.9,-8.1,-16.9,-6.8,-1.4,-1.4,-2.4,11.9,-1.5,1.7,-6.9,-2.9,-5.1,-1.2,2.0,-4.0,-8.0,3.0,-4.1,10.7,-0.4,2.2,3.4,2.7,0.6,0.8,-7.9,-3.7,-15.4,0.8,2.4,-0.4,0.1,-2.9,4.1,4.5,11.7,-3.9,9.1,8.1,-8.5,-5.7,-1.8,1.1,-4.3,-1.1,4.8,19.9,1.0,1.2,-1.9,-5.3,-3.4,8.9,-6.3,19.0,13.6,9.8,21.7,7.6,9.4,16.0,4.7,-3.0,0.1,3.9,4.1,-7.8,-0.4,0.2,-1.8,-6.1,-5.0,1.4,-1.8,-0.5,3.2,7.3,12.5,-0.4,-5.4,13.8,-10.1,0.4,9.7,14.3,2.1,-0.9,-9.8,7.2,9.0,16.2,16.1,21.5,0.6,-5.9,3.4,-1.8,-2.9,-1.7,-4.7,-6.1,13.7,-1.8,8.6,-10.7,10.5,-0.3,-8.0,-3.5,-2.2,-0.2,2.7,2.8,3.1,1.2,-1.4,-10.7,13.6,-5.1,5.8,13.7,8.3,-6.4,-4.1,-5.8,-2.0,4.3,1.0,-1.6,0.2,5.6,5.1,2.6,4.9,6.0,-10.1,3.0,-3.2,-4.2,3.8,-7.2,-9.0,10.5,-0.7,-1.3,5.1,8.4,4.4,6.7,6.2,-1.4,0.3,0.8,-11.3,0.9,16.6,2.2,7.1,-18.6,1.2,6.7,11.8,-3.8,6.3,16.3,3.2,-16.1,-0.1,6.2,2.4,2.2,2.5,0.8,-3.6,3.0,10.9,15.2,8.1,3.9,1.0,-0.3,11.6,9.9,1.3,0.7,3.8,-2.5,9.3,-0.1,13.9,8.7,10.4,-3.0,7.1,1.8,3.7,9.4,-7.5,-1.8,3.0,8.9,3.7,11.4,11.8,-3.9,22.4,4.3,3.4,-3.5,-1.1,2.7,2.4,9.8,4.3,-4.8,-8.1,3.6,-6.4,-5.8,1.6,-3.4,15.4,-2.0,-3.1,-0.9,7.8,4.8,-4.8,-4.7,5.1,5.3,6.6,-5.8,-5.7,11.9,8.8,-7.1,-2.8,-17.7,6.5,-5.7,9.6,5.6,5.6,11.6,4.0,-6.5,8.7,6.2,7.5,-6.6,-4.1,6.2,-6.8,5.0,0.6,-10.4,12.9,-0.9,-3.1,1.7,-1.6,2.6,6.7,7.3,5.3,5.3,6.6,9.0,9.6,-0.9,5.2,5.2,17.3,5.8,13.1,-0.0,1.6,-7.1,2.2,19.0,0.1,3.8,-2.4,-5.8,-1.5,-2.6,1.7,-4.5,-0.8,-4.6,-8.2,1.1,7.6,19.1,2.3,-4.2,3.0,9.7,5.8,-1.1,1.9,-7.0,-4.6,11.6,-4.1,18.7,19.8,2.9,-8.2,5.2,-2.5,-4.1,0.1,-11.1,-6.3,-0.2,17.3,-8.3,-12.9,7.1,-2.3,-1.8,-0.2,-0.6,-2.0,1.1,11.4,-10.7,9.8,18.2,14.3,7.5,-4.3,-1.8,-3.0,2.8,-3.3,-14.8,-4.4,-8.0,-4.0,18.2,-1.0,-3.2,-3.6,5.7,-0.3,-13.6,-2.5,-9.4,-4.2,14.5,5.4,-19.0,2.7,2.1,5.3,1.3,-6.0,-5.0,0.6,7.8,-2.9,-2.3
2021-09-16,-13.7,0.5,11.8,6.2,5.0,-8.2,-4.8,11.7,-9.9,-0.3,24.6,-7.8,-0.8,5.3,-3.5,1.6,-0.8,23.5,1.0,-6.1,-0.1,7.3,3.8,-4.8,1.7,-0.3,-5.5,-1.8,-7.2,0.1,-2.3,-9.0,6.3,-2.1,-0.9,-7.4,-13.7,-5.9,-1.3,-4.5,-3.0,7.4,-1.8,0.5,-8.3,-9.8,-8.2,-1.5,5.9,-3.9,-7.9,2.3,-7.4,8.2,-1.8,5.5,5.9,0.5,2.3,11.2,-12.4,-6.8,-12.1,-6.5,10.7,-2.8,-1.8,-5.4,0.1,6.3,10.8,-7.7,10.7,8.9,-10.2,-1.3,-3.4,-5.0,-0.6,-12.9,5.3,18.8,-3.4,-3.7,-3.8,-7.2,3.4,5.5,-9.2,5.7,12.8,11.0,17.7,9.9,10.3,13.4,-6.1,-0.3,-2.5,0.3,12.0,-3.8,0.9,-4.3,-5.9,-7.2,-1.8,11.9,-4.0,-3.5,0.7,6.2,5.2,-4.2,-7.5,5.9,-7.0,3.3,2.8,2.1,-0.8,-6.6,-14.3,7.9,8.0,12.4,16.6,22.3,-2.4,-5.0,-0.6,0.3,-3.0,-1.8,-3.6,-4.2,11.9,0.4,10.9,-14.1,6.4,-5.2,-7.1,-5.2,-4.4,-2.3,0.3,-2.1,-0.4,1.2,-2.4,-11.7,17.0,0.9,6.3,7.4,8.1,-7.4,-3.2,-8.2,-4.9,1.8,0.0,-1.4,1.7,-0.6,2.5,-4.5,1.5,4.8,-8.7,2.1,1.0,-4.5,1.8,-6.6,-10.3,4.5,-1.3,-1.7,0.1,-5.5,2.0,2.8,4.3,-1.5,-1.9,2.6,-10.0,-9.6,4.8,-1.8,-5.2,-11.2,1.8,4.3,7.8,-1.0,0.8,11.7,0.6,-13.9,5.9,-7.5,-8.7,-4.7,0.1,0.9,-8.6,0.4,10.0,12.7,3.6,5.2,0.2,-5.2,1.3,-13.4,-10.1,-6.5,-1.7,-3.3,12.3,-6.1,10.3,8.2,6.8,-11.3,9.4,-5.3,-0.1,2.1,-6.2,-1.6,-0.5,6.0,-2.3,7.1,12.1,-7.0,20.6,-8.0,-0.3,-5.0,-2.1,-1.5,0.9,10.5,3.5,-10.7,-12.2,1.3,-9.3,-5.1,5.6,-1.2,-5.5,-8.5,0.3,2.7,3.8,2.7,-11.1,1.1,4.6,5.4,8.4,-6.8,-7.3,6.6,15.6,-10.6,-3.2,-16.7,-6.6,-5.7,5.6,5.4,3.8,7.2,1.9,-2.1,6.3,3.6,8.9,-2.4,-4.4,-2.5,-8.1,5.6,-3.5,-5.1,8.3,-4.6,-6.5,-1.8,-4.5,0.6,3.7,1.5,6.4,4.3,3.3,10.0,1.5,-2.8,2.9,0.1,17.9,5.3,14.8,0.9,6.5,-8.7,1.2,14.0,-2.0,5.5,-4.4,-9.2,-0.7,-5.0,-3.3,-6.9,-4.6,0.5,-7.9,-1.2,4.4,13.7,0.5,-5.6,-1.3,5.5,-2.9,-3.6,3.1,-4.5,-9.2,10.9,-5.1,20.6,12.5,-2.3,-6.8,1.5,12.1,-7.5,-3.3,-14.1,9.8,-9.3,16.7,-12.8,-12.1,5.2,0.2,-4.6,-6.5,4.6,-4.0,-7.0,7.2,-5.9,11.4,16.9,-0.1,6.8,-6.9,-5.0,-8.3,1.9,-4.2,-16.6,19.6,-8.7,-2.7,4.7,-6.5,-7.6,-10.6,0.9,2.3,-12.2,10.7,-11.1,-6.5,-0.4,5.6,-18.1,0.9,0.3,1.5,4.5,-7.7,-5.9,2.8,5.6,4.5,-5.7
2021-09-22,-13.9,1.8,2.5,4.6,-0.0,-5.0,-4.6,2.2,-7.4,-1.6,18.5,-13.2,-0.2,5.4,-6.4,2.1,-0.1,20.8,1.3,-7.1,1.6,4.9,-0.5,-4.8,-2.0,-1.8,-0.2,-2.7,-14.8,8.3,-1.1,-9.8,6.5,1.6,0.4,-8.4,-24.1,-5.0,-9.5,-2.7,-1.9,8.8,-4.5,-2.7,-8.1,-10.9,-7.0,-4.6,1.5,-4.1,-5.2,1.5,-8.6,9.7,-3.7,1.2,2.1,0.7,3.9,2.7,-12.5,-7.2,-7.4,-3.4,2.8,-7.0,-2.7,0.3,-3.9,4.9,9.3,1.7,4.3,7.3,-13.0,9.5,0.6,2.3,-3.6,1.1,-7.4,15.7,-4.1,-3.1,-4.0,-4.1,3.2,5.5,-6.4,4.6,1.9,-1.0,17.3,5.8,6.3,7.7,-2.1,-3.9,-1.1,-0.7,4.9,3.8,-0.9,-3.1,-0.8,-10.3,-6.8,5.8,9.9,-3.1,0.7,8.8,7.7,-4.7,-8.4,6.0,-7.3,2.3,-0.8,-2.0,0.7,-2.6,-5.9,2.0,3.2,12.9,11.1,17.5,0.1,-5.9,4.8,1.1,-3.8,-2.9,-4.7,-3.6,8.0,-1.8,7.8,-3.9,8.4,-8.9,-7.4,-3.9,-3.2,-0.6,3.0,-1.4,-4.9,2.9,-2.9,-12.0,13.4,-1.6,6.0,-1.4,9.5,-7.2,-1.1,-5.0,-4.3,2.0,0.1,0.9,3.1,1.2,5.6,-9.2,0.7,3.3,-6.7,2.9,-4.3,-4.3,2.4,-6.7,-11.4,9.4,2.9,1.7,5.8,-5.7,1.4,3.9,3.0,-0.3,-2.8,-0.5,-9.9,-4.7,-2.4,18.3,7.7,-11.0,0.6,5.9,10.0,-6.7,4.5,12.0,-0.2,-10.3,4.4,-5.0,10.1,1.0,-3.2,2.1,-2.8,2.4,10.6,11.2,4.1,4.0,0.2,1.5,4.8,-7.1,-10.4,0.7,0.7,-3.1,9.9,-0.8,13.1,8.7,-10.8,-7.3,7.7,-2.2,-0.3,4.5,-4.5,4.8,-1.4,3.1,-3.3,5.0,10.9,-6.8,21.0,-2.3,-0.6,-3.6,-1.9,2.1,5.2,6.6,-0.1,-6.8,-4.8,9.7,-5.5,-3.6,4.3,1.3,2.0,7.2,0.6,-0.8,-0.4,-0.0,-8.7,-4.0,4.7,8.8,4.5,-1.2,-4.2,1.2,-4.9,-3.1,-1.0,-16.9,2.5,0.2,2.9,5.5,1.5,-6.4,1.7,-4.8,9.8,8.1,11.9,-1.7,-0.3,-5.6,-5.3,5.1,5.0,-6.7,-1.1,-1.1,-0.2,-0.1,-4.9,-1.7,3.2,4.7,2.0,1.6,3.6,6.9,1.3,-4.6,2.2,7.1,13.5,7.3,14.6,1.4,6.3,-6.7,-1.4,20.2,0.6,-1.4,-4.3,-0.7,-4.3,-4.3,-6.4,-6.0,-2.1,3.0,-9.5,0.2,4.4,12.1,-2.5,-2.1,-2.0,2.8,1.3,-6.8,-0.9,-5.4,-7.4,7.1,-0.4,-2.8,10.0,-6.4,-2.6,8.4,-7.0,-1.0,-4.9,-11.5,-2.6,-8.5,18.5,-9.8,-9.9,7.1,-2.1,-5.2,-9.0,-5.5,-1.2,-6.1,3.4,-7.0,15.9,19.5,9.6,6.8,-9.8,-5.2,-8.9,13.5,0.8,-21.7,18.0,-9.5,0.2,11.4,-4.6,-4.9,-5.6,3.5,3.9,7.5,-4.8,-6.2,-8.3,-2.2,9.2,-1.9,2.8,-1.6,0.1,7.1,-5.1,-7.8,3.8,2.2,-7.9,-7.6
2021-09-28,-9.9,6.1,1.3,2.0,6.7,-2.6,-5.6,8.0,-9.5,-3.5,24.5,-6.7,-2.2,12.6,-13.6,2.3,6.4,24.6,0.2,-4.3,-5.3,3.2,-1.1,-2.1,3.5,-1.2,-11.9,-4.3,-13.1,-8.0,-4.2,-7.5,5.8,-2.5,3.2,-7.4,-18.6,-5.8,-7.1,-8.5,-2.5,9.6,-1.1,0.2,-7.6,-10.9,-6.4,-2.2,1.9,-3.4,-7.6,-0.6,-4.0,12.0,-1.4,0.5,2.6,-2.5,-4.0,1.1,-10.3,-5.2,-8.0,-2.6,0.2,2.9,-1.7,-9.8,0.4,3.4,10.8,-2.1,9.7,9.4,-9.4,3.5,0.7,9.8,-4.7,-13.5,2.6,20.9,-2.6,-4.5,-5.4,-1.5,3.3,6.2,-8.3,2.4,-4.0,10.6,12.9,10.1,7.0,12.9,1.0,-1.0,1.8,0.7,5.2,-1.7,2.9,0.2,-6.6,-8.0,-4.9,6.6,8.6,-2.9,-0.7,8.3,1.1,-8.1,-10.4,6.9,-6.1,5.9,6.4,7.7,5.2,-9.0,-13.8,19.6,9.7,12.0,2.1,16.3,-2.5,-2.7,1.0,-3.4,-3.6,-2.9,-5.5,-3.3,11.2,-2.4,10.2,-16.3,11.0,-4.9,-8.9,0.3,-5.0,-2.0,2.5,-0.1,-2.8,3.9,-3.8,-10.4,15.3,-9.7,4.5,5.9,8.4,-3.9,-0.8,-6.7,-3.1,3.8,2.1,2.7,1.6,1.0,4.6,-4.7,2.1,0.8,-16.6,0.4,-3.3,-4.7,3.5,-6.6,-7.1,5.2,4.6,6.5,6.3,-2.4,-4.8,-2.9,5.3,-0.9,-0.3,0.1,-10.5,-7.1,3.4,0.3,3.2,-20.8,-4.8,7.9,9.0,-0.5,0.3,11.1,-1.8,-16.1,-7.2,0.1,-4.0,-3.9,-1.2,0.6,5.2,-8.8,16.4,13.2,5.1,7.7,0.7,-7.6,4.5,-4.8,-4.4,-6.3,-1.2,-1.1,19.3,-3.6,12.1,10.3,6.8,-6.8,4.4,-2.0,6.0,5.0,1.7,1.7,1.0,3.7,0.5,5.0,7.9,-6.4,15.4,-11.4,-1.7,-5.4,-4.4,-2.9,3.3,14.3,5.5,-12.6,-12.0,9.2,-9.2,-7.7,2.7,0.2,-3.5,16.9,0.8,7.2,6.5,3.3,-11.2,1.7,4.8,5.2,6.7,-4.8,-6.5,-10.3,4.0,-8.6,-0.2,-15.8,1.1,-2.9,5.6,8.2,5.7,12.0,3.0,13.8,24.1,4.3,5.9,-3.8,-3.5,3.0,-4.3,6.0,-7.5,-5.3,5.5,-6.3,-5.2,0.3,-4.3,8.3,7.7,-3.5,5.2,5.0,4.5,17.3,3.1,-4.1,2.1,2.4,18.0,5.6,12.8,-2.3,0.5,-5.2,2.5,16.6,0.8,-7.0,-3.1,-6.7,1.8,-3.6,-0.7,-7.3,0.2,12.0,5.6,3.6,5.1,15.1,-0.0,-0.0,-2.5,4.3,-0.4,-4.2,13.6,-6.2,-7.1,9.1,-2.1,19.6,14.8,-0.6,-5.8,-2.5,7.8,-0.3,-8.1,-13.2,3.0,-13.4,19.8,-9.0,-9.9,4.1,3.0,-0.6,15.6,4.3,0.3,-6.8,8.7,9.8,14.5,17.1,11.0,7.8,-8.8,-2.8,-16.7,7.5,-2.1,-15.8,16.3,-12.5,-0.8,7.7,-5.8,-6.2,-3.9,3.8,0.2,9.4,-16.0,-12.6,-2.9,-3.3,8.9,-14.9,2.1,-0.6,1.0,5.1,-6.6,-4.0,1.5,2.8,-7.2,-7.0
2021-10-04,-11.4,0.4,1.9,5.2,-4.7,-3.4,-5.6,7.7,-9.0,-0.1,24.2,-10.1,0.2,8.9,-4.3,6.0,-3.2,25.6,2.0,-1.7,-2.8,2.9,5.7,-1.3,2.6,-3.3,-11.3,-2.9,-3.1,-9.5,-3.3,-9.0,4.8,-3.1,2.2,-5.5,-17.3,-6.9,-8.8,-7.1,-3.8,9.5,-1.6,0.9,-0.3,-10.2,-8.9,-6.1,1.0,-2.4,-6.0,2.5,-4.1,9.2,-3.3,-3.1,5.9,0.2,8.9,2.5,-7.0,-2.4,-12.9,-15.4,-10.3,2.3,0.7,-11.1,-0.3,10.9,7.1,3.9,14.2,11.1,-10.7,3.3,0.4,2.1,-3.9,-4.5,2.9,15.8,-1.6,-3.6,-5.0,-3.7,1.4,6.2,-4.1,5.9,16.0,13.2,18.1,8.8,10.4,11.7,-1.3,-0.4,-2.3,1.9,6.7,1.6,1.4,0.2,-0.6,-8.9,-4.1,0.6,-1.0,-3.8,-5.9,5.5,0.3,-9.5,3.8,5.7,-5.9,3.9,7.3,11.0,2.6,-3.2,-8.6,13.0,8.7,16.1,16.1,17.2,0.4,-6.1,1.7,-2.4,-3.0,-4.7,-0.2,-0.4,9.4,-4.8,6.6,0.3,8.6,-8.4,-9.9,-4.2,-3.0,-0.3,1.7,-0.8,-3.8,1.9,-2.2,-11.9,17.6,2.2,6.5,6.9,11.6,-7.5,-4.4,-5.9,-4.3,3.6,2.0,0.1,1.6,1.9,1.6,-2.0,3.4,5.5,-10.8,4.2,-6.0,-3.7,1.7,-6.2,-10.4,6.3,2.0,-0.5,1.7,2.3,3.0,-0.1,6.0,-0.1,-3.0,-1.0,-9.4,-4.8,2.2,3.7,14.1,-11.8,5.0,6.5,9.1,-1.6,4.2,16.5,1.5,-16.0,0.0,-7.5,-4.5,-3.3,-0.3,1.5,-1.0,4.5,11.7,13.5,5.0,2.8,0.3,-2.3,3.9,-10.4,8.2,-7.8,-6.3,9.5,12.9,-3.0,12.7,4.8,11.9,-9.2,3.2,-1.7,-1.8,4.7,0.1,-0.7,-0.2,5.9,5.3,5.4,10.6,-2.0,16.6,-3.4,-1.3,-2.6,-2.4,-1.1,3.6,7.8,3.1,-14.8,-12.9,6.4,-4.9,-3.2,1.4,-6.6,7.7,12.9,5.4,1.8,0.6,-1.0,-13.4,-0.7,5.8,7.6,7.6,-5.0,-4.5,-3.7,3.2,-4.6,-0.1,-15.9,-0.4,-4.9,3.7,6.0,1.5,7.5,2.8,-5.1,8.0,6.2,6.8,-1.4,-0.6,5.0,-4.4,7.5,1.0,-4.6,-2.7,-5.2,-4.2,-1.0,-3.9,0.8,4.7,4.8,3.2,2.9,5.0,5.5,7.0,-6.6,2.1,5.2,17.7,7.7,14.1,3.6,5.0,-5.6,2.1,23.5,1.9,-0.6,-3.3,-5.5,0.0,-3.5,-0.8,-4.8,-4.6,4.9,-2.3,1.2,1.9,10.1,-1.4,0.3,-1.2,3.6,1.7,-7.1,-1.5,-5.4,-7.0,10.8,-6.9,21.6,17.0,-1.3,1.0,-1.4,-7.6,-5.3,-1.9,-12.5,4.9,-7.0,1.9,-12.8,-12.4,6.5,-2.2,-1.0,-0.2,3.1,5.9,-3.7,9.2,-7.9,17.1,19.0,2.9,7.6,-4.8,-2.3,-17.2,4.0,-2.7,-11.6,19.3,-1.1,-5.0,3.5,-4.9,-5.1,-3.2,1.6,0.2,-11.3,-4.9,-11.4,-5.4,-0.7,7.5,-12.6,-0.0,-2.6,-1.2,2.3,-3.6,-2.0,1.2,-0.3,-9.2,-6.5
2021-10-10,-14.9,-2.3,6.5,3.9,15.2,-2.9,-4.3,8.4,-10.6,-0.4,22.1,-6.5,0.6,3.7,5.8,2.6,17.2,21.5,2.4,-3.1,-1.2,6.9,6.1,-1.8,3.8,-4.5,-8.5,-1.0,-10.8,4.1,-2.7,-9.6,3.9,1.7,-1.2,-6.0,-17.9,-3.8,-5.4,-1.7,-2.4,8.5,-1.7,0.8,-6.3,-8.9,-4.2,-1.6,1.0,-2.8,-7.5,-1.4,-4.3,13.0,-2.7,-1.8,6.0,-3.4,-9.5,3.7,-7.6,-7.4,-13.9,-15.9,-1.2,3.3,-3.0,10.5,-3.3,1.2,7.3,1.8,3.6,2.2,-14.2,5.9,0.5,-0.2,-4.4,-6.7,4.8,17.9,-2.1,-4.0,-3.4,0.1,0.6,7.6,-10.4,1.9,-0.5,0.8,6.1,5.1,6.8,14.5,1.7,-1.6,-2.0,2.7,4.0,2.9,1.0,-0.6,-2.3,-8.2,-4.1,-6.2,-4.3,0.3,-2.7,3.1,2.0,-6.2,-7.1,3.3,-7.0,3.1,5.7,14.7,2.4,2.0,-11.0,4.1,3.7,8.1,18.9,22.0,-0.7,-3.6,-0.1,-2.6,-4.5,-4.8,-7.2,-1.0,10.8,-3.3,8.1,-9.0,8.6,-2.1,-8.4,-0.2,-2.4,-1.4,0.7,-3.6,-1.8,-0.3,-3.1,-13.7,14.1,-5.2,9.2,8.9,3.5,-2.0,-1.7,-2.5,-3.4,2.3,-0.3,1.7,0.2,0.9,2.6,-3.1,2.9,5.2,-10.6,5.2,3.4,-5.0,1.6,-9.0,-7.9,6.0,1.9,2.7,1.7,-3.0,-0.1,0.7,2.6,-0.4,-1.7,1.5,-9.5,-7.5,4.5,1.4,8.1,-9.4,-5.2,8.1,9.9,-0.2,3.7,12.3,2.3,-4.2,2.7,-7.8,-2.9,-5.4,0.5,0.8,-2.4,-1.7,10.8,9.7,5.5,2.8,0.8,0.9,14.8,-3.0,-0.6,-8.0,-7.2,-3.3,9.5,-7.8,10.4,5.5,-2.6,-7.2,6.0,0.6,3.1,5.1,0.7,0.2,1.4,6.8,3.5,4.7,7.2,-6.9,8.5,-6.3,-4.8,-2.4,-0.3,0.2,0.8,5.2,2.7,-9.1,-11.0,6.6,-8.8,-5.4,0.8,-0.7,7.4,16.8,3.1,13.2,1.3,1.2,-10.2,-2.8,4.5,6.7,7.6,-4.9,-7.3,2.8,4.6,-4.3,-0.8,-16.2,-2.3,-4.1,5.5,12.1,5.1,4.6,2.0,1.2,17.4,4.8,7.9,-5.7,-1.7,3.4,-4.1,4.3,2.3,-4.6,14.5,-6.0,-4.9,-1.2,-5.4,4.6,-1.6,2.2,1.7,0.6,2.3,6.8,4.7,2.2,0.1,-0.6,17.7,5.4,14.7,-2.6,0.7,-4.8,-1.8,15.6,-3.8,3.3,-3.5,-5.9,-0.7,-3.8,-0.4,-5.8,-2.8,9.7,-7.0,1.6,0.7,10.4,-2.6,-2.2,-4.6,9.1,2.3,-6.5,1.4,-4.6,-6.0,10.5,-2.9,19.0,17.9,-2.7,-7.3,-0.9,-8.0,-3.4,-2.5,-13.9,1.2,-6.5,15.6,-11.4,-13.1,4.7,-5.1,-4.1,0.0,3.8,5.6,-2.3,5.8,-9.8,14.7,17.5,14.1,6.3,-9.1,-3.8,-9.3,5.9,-4.1,-14.9,-2.4,-0.1,0.8,6.5,-4.8,-5.8,-4.0,1.3,-1.0,3.0,2.1,-8.9,-5.3,-4.7,5.5,2.8,1.2,-2.7,1.0,5.6,-5.0,-5.2,0.9,4.0,-9.6,-6.2
2021-10-16,-12.2,29.6,6.2,8.5,10.0,1.2,-1.6,11.0,-9.4,-1.9,23.9,-10.3,-2.1,6.4,-1.7,2.7,-7.4,22.5,-1.1,-4.4,-1.0,-3.7,6.0,-1.8,3.4,2.0,-1.1,-2.1,-8.0,-13.0,-0.6,-8.7,6.9,-1.2,0.3,-3.6,-15.4,-6.3,-9.6,12.9,-4.1,8.1,-1.0,-0.4,-9.0,-5.5,-9.8,-5.1,1.1,-2.4,-11.1,3.5,-4.5,13.5,0.0,-2.6,2.8,-1.8,4.9,-3.5,-7.6,-4.8,-11.2,-4.6,1.4,-0.2,-4.8,-17.2,-0.3,-2.7,9.7,-2.2,1.0,12.7,-7.4,4.4,0.2,-1.0,-2.4,-13.0,-1.2,18.0,-4.1,0.2,-2.0,-2.6,0.6,3.8,-8.8,4.8,-1.4,0.4,14.5,7.7,-4.0,21.8,1.1,-3.1,1.7,0.9,3.4,3.5,4.2,-0.2,-0.7,-6.9,-3.0,-19.7,-7.2,0.6,13.5,6.9,28.4,-5.7,-5.2,5.7,-7.7,2.8,5.3,1.2,4.4,-0.4,-10.0,0.4,8.0,15.0,22.2,25.0,-1.3,-5.8,3.2,-2.5,-3.1,-4.9,-6.3,-3.4,11.9,1.5,3.6,-8.8,11.2,-5.0,-11.0,-1.3,-0.6,1.2,3.8,2.6,-2.8,1.4,-0.9,-13.4,17.0,-0.3,10.7,9.0,8.0,-1.6,-1.6,-3.2,-0.5,5.7,2.1,-1.7,0.5,-1.2,8.0,-6.9,-20.3,5.3,-14.2,2.0,2.4,-2.2,4.3,-4.7,-7.0,6.9,0.3,-6.0,-0.4,-4.3,0.9,13.9,7.6,0.9,1.2,2.2,-8.8,-0.8,3.3,-8.0,3.1,-17.0,3.2,9.6,10.6,-1.2,6.6,14.7,-1.3,-17.0,6.8,-9.1,-0.9,4.8,2.2,-2.4,-24.3,1.0,16.3,15.3,1.5,3.7,2.1,-1.5,16.0,-10.8,-11.5,-6.4,-8.2,-22.1,18.8,-3.4,10.2,7.6,-9.0,-8.7,5.8,-1.6,5.1,3.9,2.5,1.3,0.5,4.7,-0.4,6.3,11.4,-11.0,12.0,-5.6,-2.7,-1.2,0.0,-1.1,-0.1,13.7,5.2,-9.6,-12.6,7.9,-13.5,-1.3,2.4,-0.7,-5.2,1.9,4.2,-3.6,5.0,3.8,-10.6,-6.5,8.4,5.7,9.1,-3.5,-3.5,0.2,23.6,-3.4,3.0,-14.8,-2.8,-1.9,4.5,4.9,5.1,5.8,2.8,-6.1,12.9,8.0,7.8,-1.4,-1.7,2.2,-2.9,6.5,3.8,-5.7,13.5,-4.1,-1.6,-3.2,-3.3,2.6,7.3,8.3,5.0,6.5,5.0,5.6,11.3,-1.1,3.5,2.0,16.1,7.5,14.8,4.6,1.7,-4.7,0.0,18.1,-7.7,-1.7,-4.5,-3.1,-2.5,-3.8,-3.8,-5.9,-3.6,5.2,-7.3,-0.2,8.3,12.7,-0.7,0.1,-6.0,-3.2,-4.4,-7.7,7.5,-3.8,-9.3,16.2,-5.6,15.6,7.1,0.0,-6.9,-6.6,-9.7,0.8,-0.9,-13.2,2.7,-2.5,12.7,-9.6,-11.2,5.5,0.2,-2.4,-1.3,0.2,1.2,-3.2,7.0,-11.2,15.5,16.0,12.7,5.2,-10.1,-4.0,-8.9,3.6,1.6,-18.2,27.9,1.1,-1.5,6.3,-5.4,-4.2,-3.2,2.1,2.6,2.9,4.1,-1.0,-6.2,-1.9,2.8,-5.7,-1.7,-1.9,-0.1,-1.6,-5.4,-5.2,5.0,-2.2,-5.8,-7.1
2021-10-22,-13.9,26.5,7.9,4.7,10.0,-4.3,-3.4,9.0,-6.3,-2.4,27.6,-0.8,-1.1,6.0,-6.2,5.6,-5.6,28.8,-1.9,-7.9,-2.9,-4.1,-0.7,-3.1,-1.1,-1.9,-7.0,-6.3,-14.5,-7.0,-1.6,-8.4,4.1,4.2,-1.4,-6.2,-18.7,-7.7,-7.8,-2.5,-4.4,9.4,-0.3,-1.4,-8.3,-12.5,-8.8,-2.4,1.9,-1.1,-9.7,-2.6,-6.6,9.4,-0.4,-0.8,6.8,0.4,-2.8,0.2,-8.0,-6.2,-12.7,-2.8,1.6,3.2,-1.0,-6.4,2.4,-0.8,5.6,-1.1,-4.9,4.0,-12.0,7.6,4.2,2.6,-2.3,1.3,7.7,14.9,-4.2,0.8,-4.6,-5.3,1.7,7.5,-8.4,-0.9,-3.0,-4.1,17.5,10.2,13.0,18.5,-0.5,-2.1,1.2,-1.9,2.9,3.3,3.8,1.0,-2.4,-7.7,-3.4,0.3,-2.5,17.8,18.8,4.8,24.1,-7.7,-5.9,2.7,-9.5,2.0,16.8,11.2,3.3,-1.7,-6.8,-4.8,3.9,13.4,17.3,21.6,-1.5,-3.5,3.3,-3.3,0.1,-5.8,-5.4,-4.5,13.3,2.0,2.5,-1.5,10.7,-3.2,-12.6,3.8,-2.6,-1.0,6.5,-1.1,-3.7,1.6,-2.1,-10.1,16.2,1.5,1.3,2.2,11.5,-3.3,2.1,-2.6,-1.8,4.5,6.0,-2.6,0.0,1.6,3.6,-5.8,-6.6,6.0,-8.2,-0.2,-0.8,-2.1,4.5,-4.0,-7.8,4.7,-0.7,-0.6,3.6,-3.5,2.0,6.0,7.1,0.3,1.3,1.4,-9.3,-7.0,-1.9,-0.9,1.0,-9.1,-2.7,2.7,9.4,1.6,-0.7,10.5,1.1,-16.9,4.7,16.1,-7.3,-2.6,-0.2,1.8,-4.3,-0.2,10.4,13.3,0.4,5.8,2.6,0.9,4.0,13.5,-9.0,-4.1,-2.0,-4.7,14.4,-3.5,10.3,5.7,7.4,-9.1,-1.9,-0.6,-2.6,7.2,-5.6,-2.2,0.9,-8.1,-0.6,7.7,10.5,-0.6,12.9,-7.9,-3.6,-2.4,1.2,0.1,0.5,9.4,4.7,-10.7,-10.1,6.9,-4.5,-4.4,0.7,-0.9,0.7,26.1,4.4,-0.4,5.6,3.1,-10.5,-4.8,5.4,5.7,5.9,-7.6,-2.7,0.7,7.5,-4.2,-0.4,-16.9,-1.1,-4.7,9.2,6.4,2.8,10.2,1.4,-2.1,13.5,11.2,14.2,-0.8,-3.4,5.3,-3.9,6.1,-2.5,-4.2,2.1,-6.0,-0.7,-2.1,-6.1,3.7,10.5,5.7,7.5,7.5,2.5,7.5,4.8,-1.5,2.3,1.7,13.2,7.9,17.6,2.4,0.3,-5.7,0.1,14.9,2.1,-4.6,-5.0,-3.7,-5.7,-5.1,-0.1,-8.8,-3.6,-1.1,-5.7,-3.0,1.5,11.8,0.7,1.4,-3.2,4.6,-3.9,-2.1,0.9,-6.9,-5.0,6.5,-2.6,20.7,4.7,0.4,0.3,-0.5,-7.9,-0.8,-1.3,-15.7,1.5,0.4,8.6,-10.7,-10.9,4.4,-5.3,-4.1,0.5,2.3,3.6,1.5,4.0,-6.8,11.1,17.9,15.4,5.0,-11.1,-5.6,-6.3,2.1,0.4,-8.8,15.5,5.1,2.9,6.9,-7.4,-3.3,-1.6,5.7,2.9,-1.8,3.3,1.5,-2.3,-4.3,4.7,2.8,0.3,-0.4,-2.3,2.2,-8.4,-5.4,3.4,9.7,-5.8,-6.9
2021-10-28,-14.9,26.4,5.3,1.8,9.4,-6.1,-3.6,14.1,-8.1,-5.2,19.9,-1.2,-4.6,6.1,-2.3,2.6,-5.1,25.9,-1.5,-0.3,-3.3,-1.3,3.1,-2.3,1.5,-1.6,-9.3,-3.0,-8.8,-7.2,-3.0,-8.5,7.4,-1.2,-3.4,-7.2,-18.0,-4.6,-8.3,-2.3,-2.1,10.3,-1.5,-1.6,-8.1,-4.3,-5.7,-3.0,6.2,-2.3,-3.8,1.6,-6.0,5.6,-1.0,6.0,5.5,-1.3,-8.7,3.1,-7.7,-4.6,-9.5,-8.0,-0.4,1.5,-3.9,-8.3,13.0,-0.8,12.0,-9.4,11.5,-8.4,-14.3,4.4,2.3,2.5,-4.5,-4.9,3.8,18.0,-4.4,1.8,-2.0,-2.1,-1.3,-0.4,-9.7,2.6,-1.2,0.1,13.8,8.1,4.2,1.7,-5.9,-0.8,1.5,0.1,4.9,0.6,1.1,-2.0,-2.4,-7.4,-5.0,-3.4,0.1,21.0,3.0,5.8,3.4,-8.9,-7.1,0.4,-7.6,0.9,8.4,-1.0,1.1,-4.4,-12.0,2.9,5.1,12.0,12.5,31.5,-1.4,-6.9,-1.7,-4.3,-4.7,-3.2,-6.0,-3.5,11.6,-1.9,0.1,-3.9,8.4,-3.9,-5.6,-9.9,-4.3,-1.7,0.8,-2.4,-5.2,2.6,-2.0,-11.1,14.9,-4.2,3.7,2.3,6.6,-5.3,-5.4,-7.5,-2.1,3.1,1.1,-0.3,0.9,0.7,-4.2,-4.4,-3.6,5.4,-8.4,2.1,-5.3,-7.3,1.7,-6.8,-8.2,5.0,-1.2,-4.7,-5.0,-0.7,1.5,7.5,6.9,-1.7,0.2,1.4,-10.2,-4.1,1.4,8.0,3.2,-11.7,-7.8,0.8,9.2,1.8,7.8,10.4,-0.8,-15.4,2.5,-4.7,-5.0,-3.6,-1.7,5.4,-5.5,-4.4,7.3,13.2,3.9,5.8,2.3,1.4,7.3,-3.6,10.2,-3.1,-0.1,2.6,8.9,-1.7,12.1,9.1,4.2,-10.2,-1.3,-0.6,-1.2,-1.2,-4.9,-1.3,0.8,0.4,-0.3,25.8,10.8,-3.5,11.0,-10.3,-3.9,-2.3,-1.0,-7.0,-5.3,8.9,6.3,-9.2,-13.4,8.2,-9.2,-2.6,12.5,-1.8,8.1,26.4,5.6,-0.0,5.6,3.0,-10.3,1.6,4.0,7.1,8.6,-8.3,-5.8,-1.0,24.9,-10.7,0.2,-15.1,0.5,-3.9,-11.3,5.9,-4.4,-0.9,2.2,-3.1,-1.2,5.5,12.6,-3.6,-6.7,1.6,-4.0,6.9,-5.9,-2.9,3.1,-5.0,-2.1,-1.9,-3.4,1.3,4.8,9.3,2.0,3.7,3.8,-2.3,8.9,1.1,2.8,0.9,16.7,6.4,14.7,2.7,-0.3,-5.0,0.0,13.8,-1.5,8.9,-3.2,-5.1,-3.8,-3.6,-1.6,-4.8,-0.7,5.5,0.2,-0.3,6.5,12.8,-1.5,0.7,-3.4,0.1,-2.0,-3.6,4.3,-3.4,-6.6,10.4,2.8,20.2,10.9,-0.9,-13.5,1.6,-7.7,1.2,0.4,-9.6,5.4,-7.7,19.2,-8.4,-10.5,1.3,-7.6,0.1,-3.5,4.7,0.1,-3.4,2.5,-3.9,14.7,14.6,8.2,2.5,-7.4,-8.4,-9.7,2.4,-1.9,-10.6,22.2,-19.9,-5.1,5.5,-8.4,-6.2,1.3,4.6,1.4,18.1,0.9,-22.6,-0.2,-3.6,7.7,-3.2,2.2,3.3,-4.9,5.7,-2.6,-5.3,3.8,6.2,-7.7,-0.5
2021-11-03,-12.3,28.2,-0.8,9.2,7.3,-1.2,1.0,10.8,-11.4,0.4,32.4,-20.6,-2.4,5.3,2.3,6.7,-2.3,32.2,10.6,-5.5,0.5,4.7,9.6,-0.5,5.9,-3.3,-11.2,-1.5,-13.7,-5.1,-0.9,-5.7,2.6,-2.8,-2.6,-2.1,-15.9,-6.4,-5.5,-6.2,-3.1,7.8,-14.5,3.7,-3.9,-4.7,-12.8,-3.0,5.0,-2.2,-12.3,-3.8,-7.0,7.2,0.1,5.6,9.5,3.3,-8.5,2.1,-7.1,-7.5,-13.5,-3.7,3.8,18.5,-4.9,-14.2,-3.0,-0.1,11.5,8.2,5.5,13.8,-12.2,2.5,0.9,1.9,0.5,2.2,13.5,17.5,-3.0,-3.5,-3.1,0.8,-8.8,5.9,-6.5,-11.9,-14.2,7.8,7.1,12.9,14.0,14.2,3.1,-2.8,2.8,4.0,8.9,1.3,0.5,3.3,2.0,-0.2,-0.5,2.8,1.9,20.5,-0.4,9.8,25.5,-9.1,1.0,20.6,-8.9,0.2,5.4,7.1,3.4,0.8,-3.7,14.7,9.4,16.4,12.1,12.7,1.5,-3.7,0.5,-0.7,1.1,-4.6,-8.1,0.1,18.3,6.3,0.4,-0.5,11.6,-3.8,-16.1,2.0,1.3,1.9,2.7,1.3,-8.0,2.2,-1.1,-11.5,23.3,-23.2,-3.2,3.7,14.1,-2.7,2.1,1.5,2.0,6.3,3.2,-1.1,4.1,3.5,-2.3,-8.8,-5.9,4.2,-14.4,-9.6,4.9,2.2,7.7,-2.3,-6.2,6.0,3.7,7.3,15.7,-7.9,2.4,10.6,13.5,4.1,0.7,1.8,-7.4,-7.0,2.7,-6.9,5.4,-8.0,-4.8,7.8,10.6,3.9,14.2,21.8,4.7,-11.7,-3.0,16.2,-2.9,-2.9,-3.4,-2.1,-3.3,2.1,13.8,23.3,11.6,3.8,4.4,5.7,13.0,-8.0,-3.2,-3.7,-3.9,2.5,18.9,4.9,16.3,7.2,-6.0,-14.9,8.8,-1.7,-5.2,0.7,-5.1,-4.0,-1.1,-2.2,-1.6,4.4,6.7,-19.9,11.5,-4.1,1.5,-2.5,-1.1,-4.6,-2.5,14.6,8.9,-9.0,-9.7,9.6,-1.0,-2.4,1.7,-2.5,-18.0,7.4,2.7,-2.9,7.6,6.8,-9.6,4.3,1.7,8.3,8.6,-5.3,-2.9,-9.7,6.3,-2.0,-3.3,-13.1,-0.1,-6.4,10.7,12.7,4.8,7.3,1.0,-6.4,12.3,14.1,15.3,3.6,-3.7,4.4,-5.4,7.9,-5.5,-8.0,-5.9,-3.2,-1.5,-6.1,-8.0,12.1,11.8,9.7,12.0,12.4,8.4,5.7,3.0,-1.0,4.8,2.9,16.2,12.7,20.9,5.8,-0.1,-7.3,6.8,6.8,-4.1,-2.2,-5.7,-1.9,-6.3,-6.7,-4.9,-10.4,-2.9,-0.2,-4.9,-1.4,9.2,17.7,2.5,5.5,-4.0,1.3,-8.7,-6.0,-2.9,-2.8,-8.8,4.6,-8.0,25.6,16.9,0.5,4.2,-1.9,-10.3,2.5,-5.6,-16.0,-4.9,-8.0,0.9,-22.0,-10.4,0.3,-6.9,-1.6,-2.0,-0.2,1.3,-6.8,-1.0,-7.2,12.1,14.9,12.7,0.2,-8.1,-9.0,-13.6,0.2,0.1,-17.1,10.2,-1.6,-8.4,5.7,-11.7,-5.1,-4.0,4.5,2.4,-2.8,-3.8,-2.7,-2.8,-3.0,6.7,-4.2,-0.7,0.9,-4.2,-1.0,-8.5,-8.6,0.1,2.7,-2.3,-3.9
2021-11-09,-13.2,25.0,8.0,4.4,8.3,-6.9,-6.4,11.2,-8.9,-1.6,21.7,-2.4,-2.5,8.4,0.6,6.2,-5.8,23.3,1.1,-6.0,-0.2,0.9,1.0,0.5,-2.3,-2.2,-6.2,1.8,-17.4,-13.2,-0.9,-7.1,4.7,1.6,-0.6,-7.5,-17.4,-7.0,-9.4,-3.9,-4.5,9.3,-1.9,-1.5,-11.2,1.5,-10.1,-5.1,1.2,-3.9,-5.5,0.3,-6.4,0.4,0.5,3.0,6.4,-0.7,-0.5,-11.8,-6.4,-2.9,-10.0,-16.8,2.3,-1.1,-4.0,-0.4,-3.9,-8.3,12.0,-2.4,5.6,11.5,-7.9,2.8,-6.7,6.3,-2.1,-0.4,4.4,15.8,-3.9,2.6,-1.1,-2.4,0.6,6.8,-9.1,3.3,-1.6,7.7,8.1,10.9,4.6,24.7,2.6,-2.1,1.1,-2.0,9.4,0.8,3.0,0.7,0.4,-5.4,-3.0,3.2,4.6,-4.5,18.9,8.7,24.8,-4.6,-2.8,7.0,-8.2,0.3,3.4,6.2,1.6,-0.8,-11.2,9.6,18.2,11.3,10.9,32.3,-1.8,-5.1,-1.0,-0.4,-4.3,-5.4,-5.4,-1.9,11.2,-0.1,-0.6,-4.9,-5.1,-5.2,-13.5,-6.2,-1.8,-0.8,1.4,-0.5,-4.4,2.6,-1.0,-13.4,14.6,-2.3,1.5,3.1,6.5,-6.0,-2.2,-2.7,-1.5,3.0,1.6,0.1,1.1,3.7,5.6,-5.7,-4.0,2.9,-13.5,-0.7,-4.9,-4.8,1.9,-6.7,-10.0,5.5,3.3,-3.8,11.5,-2.2,0.1,2.7,6.9,-0.8,0.3,2.2,-10.6,-7.3,7.6,-2.0,7.2,-11.5,-5.2,1.3,6.9,-2.6,7.0,13.2,2.6,-21.4,-0.3,-6.4,-4.8,-2.9,2.9,0.7,-4.8,-3.2,5.0,11.1,0.2,17.7,0.0,8.4,10.5,1.8,6.3,-4.1,-2.9,-0.7,9.0,-6.1,9.3,7.1,2.9,-15.8,3.3,0.3,-0.1,0.1,-8.2,1.5,1.6,0.6,-5.2,6.9,10.2,-5.5,17.8,-6.2,-4.6,-4.6,0.5,-5.1,-3.8,6.5,3.7,-7.6,-8.6,-15.0,-11.1,-2.7,6.2,1.9,-2.5,21.1,-1.0,-5.1,1.5,3.7,-7.6,5.1,7.0,4.7,4.9,-10.1,-9.0,1.9,20.9,-0.4,-0.3,-14.2,-3.6,-6.5,-1.2,1.4,-4.0,6.7,1.6,-0.2,-4.5,6.1,10.2,-4.4,-4.4,3.2,-3.8,5.7,-5.7,-5.8,-1.8,-7.7,-4.2,-4.0,-3.9,1.6,4.0,1.3,-0.3,1.3,2.9,3.9,3.8,3.0,1.0,-0.7,14.5,6.8,16.0,1.5,0.4,-4.1,1.1,10.5,1.1,-6.6,-4.6,-5.4,-3.2,-4.1,-5.0,-4.7,-3.2,-0.1,-1.3,-2.4,2.4,8.3,-3.1,-5.0,-5.0,3.3,-2.6,-6.1,0.8,-2.7,-10.4,11.8,-6.1,24.6,17.4,-0.7,-4.6,-4.9,-8.7,2.5,1.5,-13.9,1.9,-6.9,15.6,-11.6,-15.0,-1.6,1.2,-1.0,3.7,-5.3,-2.7,-2.2,2.9,-13.4,11.4,16.1,13.0,-0.1,-1.3,-6.9,-9.5,7.5,-1.6,-9.5,21.0,-4.6,8.9,7.3,-9.1,-4.4,-2.4,4.2,1.3,-1.2,-0.3,-2.4,-1.2,0.8,4.8,12.6,2.2,0.6,3.0,6.3,-5.8,-10.5,2.3,2.3,-10.4,-10.5
2021-11-15,-10.6,26.3,8.1,6.9,14.1,-1.4,-4.5,8.7,-6.0,-1.8,26.7,-6.3,-2.6,6.2,-3.6,2.5,0.5,26.1,-2.7,-4.5,-0.1,0.8,2.7,-2.0,4.2,-0.6,-6.1,-1.5,-11.5,-14.8,-1.3,-6.8,6.3,0.3,-0.5,-6.3,-16.3,-4.8,-8.7,-6.5,-1.9,9.3,0.3,0.6,-8.9,-13.7,-8.1,-0.1,2.3,-3.0,-9.6,0.4,-7.0,9.0,0.9,0.4,6.8,-0.3,-3.6,1.7,-8.1,-6.4,-13.3,-7.4,8.3,6.0,-3.7,-13.5,-5.5,-10.8,8.9,-8.0,13.3,15.3,-9.6,4.6,-0.4,4.8,-1.2,0.4,7.4,15.5,-1.8,1.8,-3.4,-4.7,-7.5,5.2,-5.1,7.9,5.5,5.7,17.8,7.5,8.3,15.0,3.6,-1.3,2.3,-0.9,8.3,-0.9,5.8,0.7,-1.3,-4.7,-5.2,5.1,-3.4,-3.6,4.0,1.9,25.7,-3.9,-4.0,10.8,-5.6,2.3,9.6,8.0,5.2,-1.0,-8.7,1.4,-0.6,15.7,10.9,15.9,-0.2,-2.9,2.2,-0.8,-3.3,-6.5,-4.3,-2.4,13.0,2.7,7.5,-5.9,-1.5,-6.2,-15.8,4.4,0.2,2.0,3.7,-0.2,-3.6,3.7,-1.3,-14.9,17.1,1.0,8.1,12.0,10.9,-4.2,1.8,-3.0,-0.9,5.4,4.2,-0.5,2.7,3.1,4.4,-5.6,-3.9,8.2,-8.4,-5.8,-0.2,-1.5,4.9,-4.0,-8.5,4.9,1.8,-2.9,1.6,-3.3,2.7,8.1,11.0,2.4,0.7,1.9,-9.3,0.3,-0.7,0.6,5.2,-6.2,-1.5,1.9,10.4,2.1,12.3,14.8,0.8,-20.1,-3.5,-4.3,2.1,-0.8,2.3,1.5,-3.2,-0.4,8.1,14.9,4.8,3.3,2.4,8.2,13.1,-2.9,-1.8,-1.6,-1.8,3.8,11.7,-2.2,12.3,5.9,0.9,-15.8,1.3,-1.8,-2.0,2.4,-2.3,-0.8,0.5,-0.3,-3.2,4.8,10.2,-4.8,33.8,-5.7,-0.9,-4.1,-1.0,-1.3,1.7,7.5,8.1,-8.8,-9.1,12.1,-9.0,-4.3,4.1,1.7,1.2,20.8,2.2,0.7,2.6,6.0,-9.1,8.3,5.8,8.9,6.4,-8.6,-3.1,-0.3,8.4,0.6,0.1,-12.5,-3.1,-6.7,6.5,7.2,3.0,7.0,1.2,1.5,12.2,7.3,11.3,0.2,-1.4,5.1,-4.0,4.2,1.5,-4.2,-1.2,-4.5,-6.3,-2.1,-3.8,5.0,9.8,5.6,8.8,4.7,4.1,6.1,6.9,1.7,2.6,16.8,15.8,7.7,16.3,2.8,0.3,-4.7,5.8,14.7,-1.1,-5.4,-4.0,-5.1,-4.0,-4.7,-1.8,-6.3,-3.7,2.3,-6.4,-5.6,8.8,6.4,-0.6,-2.5,-4.9,4.2,-3.5,-6.2,-6.6,-4.6,-6.4,7.5,-8.9,14.3,14.1,2.6,-5.8,-4.6,-8.9,6.7,-1.5,-11.2,2.6,-4.2,24.9,-11.3,-8.6,-4.9,-3.1,0.2,1.7,-2.0,-0.5,1.4,1.4,-6.7,18.4,18.4,8.8,-3.1,-7.1,-4.7,-8.8,3.2,0.2,-8.0,10.1,-13.0,-3.8,7.7,-8.2,-7.7,-3.4,5.3,2.5,14.1,-5.3,-4.2,-16.0,5.4,13.7,-10.1,3.6,2.9,3.1,8.8,-3.9,-4.1,3.1,4.5,-6.1,-0.6
2021-11-21,-9.1,28.3,5.5,9.7,7.7,-3.7,-3.8,12.2,-6.8,0.6,26.9,-6.4,-1.7,7.4,-3.2,5.3,0.6,25.8,-2.2,-6.5,-3.6,2.4,4.7,-3.6,-12.4,-2.5,-12.1,0.7,-14.8,-8.4,-2.5,-7.0,4.9,-4.5,1.7,-5.6,-17.2,-9.8,-7.0,-6.3,-6.1,8.4,-4.9,-1.1,-7.4,-12.4,-10.1,5.0,4.1,-2.7,-5.6,1.4,-6.2,-0.0,0.2,1.5,6.6,-1.2,1.4,-1.5,-7.9,-4.4,-14.0,-6.9,6.0,-2.3,-2.8,-2.8,-2.2,-5.7,9.7,-6.3,-2.6,10.8,-9.9,6.7,3.1,10.9,-0.6,-2.2,3.0,17.5,-1.7,2.7,-1.7,-0.4,-7.3,3.8,-7.3,-0.6,-2.1,-2.2,11.0,10.0,9.1,12.2,-0.2,-3.1,-0.6,1.5,-5.3,2.6,8.4,2.0,-0.3,-3.3,-0.8,-1.0,-2.9,-4.0,4.7,5.2,20.9,4.5,3.1,19.9,-7.4,1.7,5.9,6.6,4.5,-1.5,-14.1,0.2,1.0,12.3,10.5,14.5,-0.8,-6.8,2.4,1.7,-3.0,-7.2,-10.2,-1.6,14.3,-0.1,-1.2,-10.9,5.3,-4.7,-7.7,-3.2,0.7,1.3,4.4,2.5,-5.0,1.4,-0.5,-15.1,19.1,-5.0,5.3,11.6,10.5,-4.1,-1.5,1.3,0.2,5.5,4.9,-2.4,5.5,4.2,2.9,-6.6,-4.3,3.4,-7.0,-8.8,4.8,-1.3,5.4,-3.5,-7.4,4.7,-0.2,-4.7,14.9,-4.3,-1.9,4.6,9.3,2.7,1.5,0.8,-6.3,11.0,2.6,-3.3,6.1,-10.1,-4.5,2.6,10.4,2.1,14.1,18.0,2.2,-20.9,-1.7,-5.2,10.4,5.0,0.2,1.2,0.2,0.9,9.5,14.1,4.8,3.5,1.6,-1.2,12.3,-3.6,-11.6,-2.9,3.1,3.9,13.4,1.3,13.5,4.9,2.0,-13.4,-0.5,-3.3,-2.7,-0.4,-10.1,-1.5,-1.9,-1.4,1.0,5.0,8.9,-23.8,10.8,-5.5,0.2,-3.0,-3.1,-4.5,0.1,7.8,7.3,-8.0,-8.6,8.6,-5.4,-5.0,5.2,-0.3,-12.0,13.8,6.3,-4.6,3.0,6.6,-8.0,-2.0,0.5,6.7,5.6,-7.1,-4.7,-0.5,22.6,0.4,-1.1,-15.7,-3.4,-10.9,7.5,9.3,1.3,11.0,0.8,2.6,9.3,8.7,12.8,0.2,-4.3,3.4,-5.3,7.6,0.2,-6.4,19.5,-5.7,-1.9,-4.1,-6.5,8.3,12.0,5.8,9.9,6.5,4.4,10.2,2.7,-0.1,1.7,-1.4,12.7,9.0,17.1,3.9,0.8,-6.9,4.1,14.1,-16.4,-4.3,-5.2,-3.6,-5.5,-4.9,-5.4,-6.5,-21.8,3.4,-5.7,-1.3,3.6,6.8,0.5,-2.2,-7.3,0.6,2.4,-12.0,0.5,-3.7,-7.6,9.6,8.7,18.5,19.3,-1.6,-2.2,-3.8,-11.3,1.3,2.8,-12.8,0.3,-3.4,12.8,-8.7,-13.0,2.6,-6.0,-4.1,4.2,1.3,-2.1,-3.0,-6.3,-10.9,13.1,16.9,16.5,2.8,-6.8,-6.9,-2.7,1.8,-0.6,-20.2,29.4,-13.5,-1.1,8.5,-7.7,13.8,-2.9,5.6,3.1,16.6,15.1,-9.3,4.0,-1.7,5.2,10.9,-1.8,0.6,1.4,2.6,-7.0,-11.1,-1.0,1.6,-5.1,-6.3
2021-11-27,-14.0,26.2,8.6,0.4,9.5,-6.6,-4.4,9.8,-8.5,-2.0,21.0,-1.0,-5.3,3.0,-2.9,1.6,-1.9,21.9,-5.2,-4.7,-3.0,1.6,-0.5,-5.0,-0.1,-3.1,-8.3,-2.3,-13.1,-14.3,-3.0,-8.7,4.8,-0.4,1.5,-4.5,-19.2,-8.2,-6.8,4.7,-9.3,5.9,-2.6,-2.2,-10.1,-13.1,-11.6,-6.8,-0.5,-3.7,-7.0,1.7,-8.0,1.6,-1.1,-0.5,8.2,-4.4,1.5,1.8,-8.2,-8.1,-14.9,-2.6,-11.8,1.9,2.5,-2.1,-7.1,-1.9,9.0,-3.8,-0.3,7.5,-21.2,3.2,-1.2,12.9,-5.7,-5.7,4.0,13.1,-3.6,4.3,1.4,2.6,5.4,4.5,-17.6,0.0,-2.7,-1.1,9.6,5.4,4.1,23.9,5.5,-5.3,-0.6,1.7,10.2,1.5,-1.2,-2.7,-6.1,-7.5,-11.4,-2.3,-6.7,-5.8,-0.1,11.6,29.0,-0.7,-3.8,6.7,-9.0,0.3,4.0,5.5,7.8,16.9,-16.0,-0.9,1.1,7.2,4.4,14.5,-2.6,-7.3,-3.3,-2.6,-6.8,-4.7,-5.2,-4.1,10.0,-4.4,12.0,-13.1,3.9,-8.2,-13.6,-5.7,-2.3,-1.4,0.8,-0.5,-6.6,-2.0,-2.5,-12.8,13.4,-6.8,6.3,9.1,7.5,-6.3,-1.7,-4.6,-2.5,3.5,0.8,-3.2,1.2,2.4,1.4,-8.7,-7.3,24.1,-15.9,-3.6,-3.9,-4.7,1.8,-7.6,-10.2,4.2,1.2,-2.5,4.1,-7.1,-6.6,0.1,4.5,-0.9,-1.4,1.0,-11.5,4.7,4.4,2.3,6.5,-16.8,-4.6,0.8,7.3,-1.7,3.6,25.4,-1.9,-24.6,8.2,-0.6,-12.3,2.4,4.2,1.4,-0.3,-3.1,7.5,10.5,3.8,-0.6,-0.8,2.6,8.3,5.9,5.8,-2.7,2.2,-18.0,11.2,-8.0,10.3,6.4,3.2,-11.6,-1.2,-1.3,-5.6,-2.9,-9.1,-3.1,-0.1,-2.6,10.0,4.1,7.9,-5.5,27.5,-6.6,-23.9,-7.1,-5.6,-5.8,-2.8,4.8,2.8,-8.7,-9.5,7.2,-3.0,-5.4,-4.4,-3.2,-11.6,18.9,-0.3,-4.5,-0.5,1.0,-8.3,5.1,2.9,5.7,5.5,-4.3,-7.7,-5.3,2.9,-0.6,-1.8,-18.7,21.1,-8.3,11.0,3.8,-0.1,7.6,0.3,3.9,5.7,4.0,9.7,-1.2,-6.2,3.0,-5.4,3.9,-4.2,-7.6,-1.9,-5.9,-3.4,-3.4,-5.6,-0.1,-2.7,1.5,0.1,2.1,1.3,8.9,3.7,3.9,-1.3,7.0,10.5,4.9,13.4,0.5,1.4,-7.2,-6.1,8.0,0.5,-9.3,-5.5,-3.7,-6.4,-5.5,-6.7,-5.9,-8.1,-2.0,-10.1,-5.4,-7.3,10.5,-3.9,-9.5,-8.7,-1.9,-6.0,-1.6,10.3,-4.3,-13.0,17.3,-10.1,38.1,25.7,-2.8,-11.8,-4.0,-4.4,6.4,-5.3,-14.7,-9.1,-3.7,18.5,-18.5,-16.3,-0.8,-1.2,-4.8,1.4,0.8,-3.0,2.5,-2.2,-13.5,14.8,12.3,10.8,6.1,7.7,-9.2,-9.8,2.7,-3.5,-8.5,19.0,-11.5,-1.2,6.4,-8.8,3.9,-2.1,-1.2,-1.0,13.5,12.3,-3.4,-4.1,-2.5,9.8,5.9,-4.0,-3.1,-0.3,7.6,-8.5,-10.1,-1.1,-1.6,1.2,-6.2
2021-12-03,-3.9,2.1,7.7,6.0,11.0,-1.2,-1.8,6.2,-5.2,-1.8,28.5,2.3,-1.8,3.6,-0.4,2.6,-0.6,30.3,0.0,-8.9,-1.9,2.9,-6.1,1.3,7.7,-1.9,-12.7,-1.9,-15.3,-4.0,-3.1,-7.7,4.3,-6.4,-9.6,-3.0,-15.6,-3.8,-3.5,-6.9,-3.8,7.5,-0.9,-1.2,-5.9,-12.6,-6.2,-4.9,2.0,-1.2,-6.1,-1.5,-7.8,7.0,0.6,1.6,11.2,-0.0,-0.2,-5.3,-6.4,-4.6,-13.6,-11.2,-5.3,3.0,7.0,-4.2,-7.1,-7.4,10.2,-11.2,-2.5,9.9,-12.2,3.8,1.5,7.4,-1.9,-1.1,7.2,14.7,-2.6,4.0,-0.4,-5.0,-0.1,9.6,-8.8,-1.9,-2.4,-4.3,14.7,10.9,7.0,13.8,1.6,-0.1,0.6,0.6,6.9,1.9,9.4,1.0,2.4,-8.4,1.0,-0.5,-2.8,-4.2,-2.0,7.7,27.6,-0.2,1.0,2.0,-9.7,-0.4,8.0,13.0,4.8,-0.6,-14.4,0.0,-4.0,12.5,8.6,11.9,0.4,-4.2,-0.2,-4.1,-9.1,-6.8,-2.0,-5.3,12.4,2.8,-5.1,-6.7,9.5,-6.7,-13.8,-6.4,-1.0,-0.2,1.6,0.9,-5.0,1.1,-1.4,-14.3,17.8,0.2,11.6,-6.9,9.1,-5.6,-0.5,-2.6,0.3,4.9,1.5,-3.4,8.1,3.9,2.0,-3.7,-3.1,24.2,-7.8,-10.2,-1.6,-1.7,4.0,-2.8,-8.2,3.0,0.6,11.5,8.4,-1.6,-4.1,9.0,8.7,2.6,0.8,2.5,-5.7,-2.0,3.0,0.2,4.2,-10.6,-0.8,3.7,9.0,2.9,13.5,2.0,2.7,-8.8,14.2,-6.6,0.8,6.9,1.0,0.4,-26.1,1.4,9.4,12.8,7.2,5.0,1.9,5.2,13.1,0.1,-7.4,-11.3,7.1,-6.6,12.1,4.1,14.4,5.6,-3.9,-12.7,22.4,-4.3,-0.4,-1.0,-8.9,-1.3,-0.9,-1.3,3.3,5.7,8.7,-0.6,16.5,-7.9,-5.7,-6.0,-5.1,-8.6,-2.9,4.6,-1.1,-9.3,-10.5,7.4,-0.9,-6.0,-0.6,-2.0,-10.7,12.9,4.1,-8.6,-1.3,0.4,-9.9,-7.3,0.8,4.4,4.1,-4.0,-4.1,-19.2,-0.3,-0.4,-3.7,-13.1,20.1,-3.1,2.7,4.3,1.6,8.5,-1.0,-0.4,11.8,9.8,5.3,2.1,-4.3,-1.4,-7.5,6.8,8.2,-10.0,16.8,-6.6,-6.1,-4.5,-8.1,6.2,8.5,2.3,6.8,6.0,2.6,6.9,1.0,0.3,2.1,3.1,20.9,11.1,15.4,3.7,-4.9,-8.0,-5.3,7.0,0.1,-6.3,-4.7,-8.1,-6.4,-6.0,-0.1,-7.7,-4.3,3.7,-9.1,3.4,4.7,25.3,0.1,-9.9,-8.5,-4.5,-5.9,-3.3,-6.5,-7.8,-6.2,7.2,-10.7,20.0,13.7,0.7,-10.2,-10.8,-8.5,-1.6,-1.4,-12.3,0.1,-3.9,18.1,-13.0,-13.0,1.7,-6.1,-4.9,-1.0,0.6,2.7,4.5,2.9,-4.3,14.6,12.4,-1.5,5.9,-10.0,-12.6,-9.7,-1.8,1.0,-6.2,15.4,-9.1,-6.5,5.2,-10.5,0.7,-0.3,4.0,5.4,0.2,6.5,-14.6,-6.7,1.5,4.9,7.0,-8.0,-1.7,1.7,3.5,-9.1,-11.1,9.0,4.6,-7.8,-6.3
2021-12-09,-12.7,25.2,6.4,-8.6,7.2,-18.5,2.3,6.5,-11.3,0.1,20.3,-4.7,0.3,8.6,4.1,2.8,6.5,21.7,-1.2,-4.7,-2.9,6.0,-1.9,-3.0,1.9,-0.2,-12.4,-4.8,-14.0,-8.2,-2.4,-9.2,3.7,-7.5,3.6,-10.5,-18.2,-7.6,-8.4,-0.3,-6.6,8.5,-1.8,-2.5,-8.8,-12.3,-9.5,-3.2,2.8,-4.2,-8.2,-2.0,-7.2,8.8,1.9,2.4,0.9,-3.2,9.6,-5.9,-6.6,-3.7,-15.9,1.3,-13.9,0.1,0.1,0.6,-6.9,0.8,8.5,-0.7,0.1,-2.6,-16.1,6.1,2.6,-4.9,-5.8,1.1,8.2,15.6,-8.5,1.6,0.2,3.5,11.3,5.3,3.4,1.0,-1.2,0.8,8.9,2.3,5.1,15.0,4.6,-2.7,2.2,-2.9,-0.6,2.9,-2.2,0.7,-12.4,-10.6,-8.6,1.5,-2.5,-2.8,18.1,10.9,4.6,-3.8,-3.9,20.6,-7.5,1.6,8.1,8.3,9.3,-7.5,-15.7,0.3,7.0,9.8,7.6,15.1,-3.3,-7.0,2.5,-4.6,-5.1,-4.8,-6.2,0.2,10.8,-8.8,7.6,-14.2,11.8,-6.9,-12.4,-5.6,-3.7,-0.1,3.4,-2.5,-1.3,2.6,-3.5,-13.5,12.7,-11.6,7.2,7.7,6.0,-6.3,-3.4,-6.3,-2.9,4.0,1.2,-1.1,1.0,6.0,8.8,-26.5,-4.3,21.3,-11.1,-0.3,-1.7,-5.3,3.6,-8.0,-8.1,4.6,0.8,-2.5,-10.6,-0.5,-6.8,0.1,8.5,0.3,0.4,4.5,-10.3,-3.4,4.6,3.4,8.7,-7.1,-5.9,2.7,8.6,-5.5,10.4,10.5,1.1,-16.1,-2.9,-7.4,-3.2,-1.7,3.0,3.3,-3.4,-4.3,7.1,11.0,6.3,5.4,1.5,2.1,10.4,-9.2,-4.8,-4.7,-14.0,-1.3,9.9,-7.9,11.6,9.0,1.8,-15.8,4.9,1.9,6.8,-5.8,2.5,0.3,1.8,-6.3,-5.4,5.2,4.0,-25.7,12.0,-6.8,-9.4,-5.7,0.5,-2.2,-0.0,2.8,5.1,-8.8,-9.1,4.6,-1.4,-2.7,5.7,1.2,-5.3,19.2,3.1,-0.0,-0.2,-4.6,-9.3,1.5,4.9,4.6,7.8,-8.5,-7.4,-0.8,0.7,-0.4,-0.5,-14.7,-1.7,-11.7,-6.4,0.8,-1.8,3.4,2.5,6.9,3.6,1.7,8.3,1.8,-4.2,1.3,-4.6,7.9,-0.2,-4.2,-6.4,-4.2,-2.2,-8.0,-3.3,-4.3,-1.7,5.8,-2.0,0.6,1.3,2.5,2.3,-22.0,2.2,4.0,15.7,4.4,13.5,8.9,0.2,-6.3,-3.4,9.7,2.8,-6.3,-3.4,-3.5,-4.5,-3.4,-8.1,-3.0,-2.7,3.4,-2.1,1.7,5.1,11.8,-7.1,-6.5,-4.1,-4.8,-0.8,4.0,13.9,-4.7,-16.3,8.8,2.0,11.8,12.4,-2.0,-5.8,-12.1,-11.5,8.1,1.8,-11.3,3.9,-11.3,24.1,-18.2,-14.2,7.9,0.6,-6.7,4.6,-0.1,4.4,6.4,4.4,-9.9,10.4,14.0,7.5,7.9,-3.4,-2.8,-8.9,6.8,-5.1,-12.2,11.4,-5.5,9.5,9.2,-6.3,2.8,-2.0,2.6,-2.4,-0.4,4.2,-20.2,-7.2,1.2,7.3,13.7,-4.2,-1.1,4.3,10.0,-5.5,-5.2,-8.7,2.1,-2.1,-3.1
2021-12-15,-7.5,28.8,8.5,5.0,9.5,-4.4,-2.4,7.1,-5.7,-4.1,26.0,-21.1,-2.6,4.4,-3.0,4.5,-1.6,26.3,-2.3,-10.5,-3.1,1.5,5.0,0.2,1.9,-2.0,-12.5,-1.5,-13.5,-9.4,-1.4,-8.1,4.3,-2.3,2.2,-5.6,-14.6,-6.2,-9.9,-6.2,-4.6,8.1,-3.0,-2.9,-9.3,-12.6,-4.5,-2.5,2.2,-3.8,-9.6,-3.5,-7.4,8.8,0.2,0.4,4.7,-1.4,-2.0,-4.6,-8.2,-5.8,-15.5,-9.9,-10.2,-1.6,-0.7,-0.4,-6.6,4.2,6.5,-8.0,7.2,9.8,-11.2,4.3,-2.4,-11.7,-7.9,3.1,-0.8,12.3,-3.0,1.9,-1.4,0.1,1.1,2.7,-10.6,3.5,7.3,7.8,6.1,10.1,5.1,23.3,4.5,-1.6,-0.3,-1.6,14.8,2.6,2.9,7.5,2.1,-6.8,-4.8,4.0,-9.6,-3.6,-5.8,-0.6,27.4,-4.0,0.9,11.6,-6.9,1.7,10.8,7.9,4.3,-3.7,-12.5,6.1,7.8,7.5,6.7,17.8,0.5,-5.0,-1.1,-7.0,-3.9,-4.2,-3.1,-3.0,12.3,2.3,6.1,-9.2,8.5,-10.3,-16.7,-3.2,-1.7,0.7,1.2,0.0,-0.2,-1.7,11.8,-14.5,18.2,-0.2,6.7,10.4,9.4,-6.7,-0.8,-2.2,-2.4,4.3,0.8,-3.1,1.7,1.9,-4.3,-2.3,-2.7,22.9,-8.2,-7.1,-1.2,-1.5,5.1,-3.7,-7.1,5.4,0.4,-3.8,15.6,-1.8,-4.8,-1.9,4.7,-0.1,1.3,2.8,-8.0,-4.3,3.2,4.1,6.6,-11.3,-7.4,0.9,5.7,0.5,5.6,17.2,1.3,-22.4,11.0,-7.3,-10.7,-6.9,6.9,1.7,-9.7,-3.3,8.3,14.4,3.4,3.9,1.1,1.9,13.1,0.7,6.8,-11.3,1.3,-6.1,11.8,0.1,11.7,7.9,1.6,-16.3,0.4,-4.7,2.4,-12.1,-15.3,3.9,-1.5,-1.9,2.9,4.8,9.2,-9.6,36.7,-7.8,-2.4,-3.4,0.5,-6.7,-8.7,9.3,2.5,-9.4,-10.7,8.4,-2.4,-4.1,3.5,-3.1,-7.8,12.4,0.8,-5.5,2.9,0.5,-9.0,1.3,3.1,5.5,5.6,-1.8,-3.7,0.9,22.5,-2.2,-2.0,-15.7,20.4,-14.0,8.3,7.1,1.7,6.7,-0.1,4.4,11.7,10.4,13.6,-0.9,-4.3,-3.1,-6.8,5.8,2.4,-1.7,15.3,-2.5,-0.6,-5.5,-8.7,5.8,8.8,2.9,8.2,6.0,4.8,7.1,1.7,-22.0,3.3,1.9,20.3,10.3,19.7,2.8,-7.3,-8.1,2.3,9.0,3.4,3.7,-5.2,-1.4,-4.4,-4.8,-8.7,-7.4,-2.7,-3.1,-9.9,-0.1,8.8,24.0,2.8,-4.6,-5.5,-1.5,1.2,1.2,8.2,-1.7,-18.4,10.0,-3.1,35.7,13.3,1.2,0.2,12.4,-7.6,2.7,0.5,-13.5,0.7,-2.0,24.6,-15.4,-13.1,2.4,-1.4,-3.8,1.0,1.8,3.5,1.7,-2.3,-9.6,12.6,14.2,16.5,4.7,-4.7,-7.6,-7.3,4.3,1.2,-8.3,9.5,0.9,-3.6,1.9,-10.9,4.0,-0.4,13.3,8.1,5.6,7.3,4.7,-1.6,-2.1,4.2,8.4,-3.1,-0.6,1.6,3.5,-7.3,-10.2,-2.9,1.1,-2.9,-2.5
2021-12-21,-4.8,27.4,5.2,9.9,12.5,-2.9,-2.3,6.3,-5.5,-1.5,29.6,-3.3,-0.5,6.5,-3.5,3.1,1.0,30.4,-1.8,-7.0,-5.6,0.0,0.2,-0.4,5.6,-0.2,-10.6,-2.5,-12.0,-15.7,-2.5,-7.4,5.4,-1.2,-1.8,-4.7,-14.5,-4.1,-10.5,-4.7,-3.1,7.9,-2.9,-0.3,-7.7,-13.0,-4.3,-4.0,6.1,-1.6,-7.1,1.9,-6.7,3.4,-1.2,7.4,3.1,-1.2,0.9,-2.0,-6.7,-6.4,-12.6,-12.8,2.2,6.9,-4.0,-13.4,-2.0,-3.5,7.4,-13.6,5.4,11.9,-10.6,6.0,1.1,7.4,-1.2,-0.6,6.6,11.1,-1.4,-2.6,-1.1,-0.3,0.9,6.3,-10.4,-11.5,10.6,7.3,13.4,10.8,6.0,15.3,2.4,-4.7,-0.9,-0.2,6.5,4.1,6.5,3.1,-6.7,-4.0,-1.8,-4.6,-6.9,-5.8,8.5,4.3,8.9,-2.5,-1.4,10.2,-7.0,0.8,10.7,20.1,7.9,-1.6,-8.3,8.1,8.9,13.4,5.6,12.6,-1.4,-5.9,2.6,-4.3,-4.8,-2.2,-4.8,-2.9,14.1,-12.0,-1.2,-4.5,10.4,-7.3,-16.3,0.2,-0.7,1.0,3.7,2.6,4.0,-1.0,-3.6,-11.4,20.3,-12.0,-1.4,-4.4,10.9,-3.7,1.0,-0.2,-0.2,5.2,2.8,0.2,6.6,6.2,-0.9,-20.3,-1.1,25.7,-7.7,-11.6,-4.8,-0.4,7.3,-2.4,-7.4,5.3,1.6,-1.6,-1.8,-1.2,-2.7,-1.5,12.7,-1.9,1.2,3.4,-6.4,-3.8,2.5,2.8,5.5,-11.1,-5.2,3.8,8.4,2.5,-7.6,16.3,2.5,-20.8,-2.4,-8.7,-3.5,-0.7,-3.2,0.3,-2.6,2.3,12.3,16.7,10.1,4.4,0.8,-6.8,23.4,13.0,-13.5,-2.2,2.3,1.3,11.5,2.5,14.5,7.7,7.6,-12.1,23.7,-3.7,3.4,3.3,-2.7,-2.7,-1.6,-0.5,10.0,4.3,8.7,-7.9,35.0,-7.8,-1.3,-5.8,-0.1,-6.0,-1.3,11.0,6.9,-9.1,-10.5,5.9,-4.9,-4.9,2.3,-0.3,0.6,14.7,-0.3,-5.0,4.4,4.0,-9.8,-0.8,0.3,5.7,5.5,-0.9,-2.5,2.5,25.3,-0.7,-0.1,-12.1,18.9,-6.7,5.6,8.5,1.9,6.7,-0.1,2.0,10.8,11.2,-5.0,1.7,-4.0,0.9,-3.9,9.7,4.0,2.5,17.7,-5.2,-2.0,-3.8,-7.5,-0.6,8.0,3.7,7.8,5.5,4.6,4.5,1.7,1.3,4.5,3.3,17.4,9.1,14.6,4.7,-2.0,-7.2,-3.6,9.1,-1.7,-5.2,-4.4,-3.7,-6.0,-5.8,-0.1,-8.3,-5.2,2.5,-8.1,12.4,6.9,28.3,3.1,-6.8,-6.4,-2.4,-4.2,-8.6,-9.1,-3.8,-5.0,5.6,-9.8,14.2,16.9,0.4,-8.5,-8.9,-8.0,13.6,0.8,-13.9,-1.0,-3.8,13.5,-14.9,-14.3,4.4,-4.9,-4.4,1.0,3.6,6.9,0.3,2.6,-11.2,14.2,16.3,17.2,6.7,-7.9,-9.0,-13.1,3.7,1.1,-9.2,15.7,-1.8,-4.6,5.2,-9.5,-3.1,-2.7,6.8,4.2,8.9,2.0,0.7,1.9,-14.4,1.7,-1.9,-1.9,-0.3,0.2,4.4,-7.7,-11.2,-5.7,2.5,-3.1,-5.9
2021-12-27,-11.4,25.6,8.4,7.4,5.3,0.3,-6.2,6.7,6.9,0.9,21.4,-6.7,-2.5,7.4,-2.1,7.5,-0.7,22.1,-6.8,-3.2,-2.2,-3.3,0.1,-2.1,2.1,-4.4,-10.4,-8.5,-12.0,-11.9,-2.5,-10.0,4.7,-3.8,-7.6,-6.2,-21.1,-7.2,-11.0,-9.7,-6.1,6.8,-0.9,-5.1,-8.0,-16.1,-8.3,-9.0,1.7,-3.5,-7.6,-0.4,-6.1,6.0,1.0,4.7,1.0,-4.3,0.5,-2.0,-5.3,-1.9,-11.9,-4.0,-4.6,5.4,7.6,-5.3,-3.3,-4.8,10.3,-5.1,5.7,6.4,-16.5,4.5,1.2,2.7,-6.9,-3.7,6.9,12.8,-2.6,2.8,0.5,-17.9,-1.4,4.4,-11.4,-2.7,-3.3,10.5,9.1,5.4,3.7,25.6,-2.0,-3.1,1.1,-1.8,6.1,4.3,6.0,-0.6,-4.4,-8.3,-7.2,-5.2,-2.3,-4.9,17.5,6.1,22.6,-8.1,2.1,9.0,-9.9,-1.0,8.5,9.8,2.3,3.1,-17.2,-0.7,5.2,7.3,7.9,12.5,-3.0,-4.8,-0.8,-7.0,-5.7,-8.4,-7.4,-3.0,8.7,1.2,7.3,-19.1,8.4,-2.8,-13.5,-2.1,-5.6,-2.4,0.1,1.3,-19.9,-0.1,-4.2,-17.0,13.4,-1.6,5.2,5.9,7.3,-6.2,-0.7,-4.6,-3.6,2.7,0.4,-1.1,2.1,6.2,-0.5,-22.5,-4.1,21.8,-13.8,-7.6,-9.1,-3.7,1.7,-5.5,-8.1,7.5,1.9,-3.2,1.4,1.2,-3.7,2.2,4.7,-2.4,-1.3,0.6,-8.7,-6.7,15.6,8.6,5.3,-17.1,-9.6,4.9,8.6,-7.8,4.3,11.6,1.1,-16.0,-4.5,-5.8,-4.1,-0.1,-1.6,-2.2,0.1,-8.7,17.2,13.1,2.4,1.7,-0.9,-1.6,5.7,13.3,13.1,5.6,-5.1,-18.3,18.3,-5.9,10.4,6.8,-3.2,-16.8,22.3,-6.3,2.1,-2.1,3.0,-2.6,-1.7,-2.9,-5.6,24.2,23.2,-5.5,37.3,-0.6,-2.8,-6.5,0.1,-6.8,-2.9,1.6,1.6,-5.7,-8.0,1.7,-2.5,-5.1,16.1,-6.1,-14.0,18.2,3.3,-2.5,1.1,1.5,-9.8,13.2,2.3,4.1,9.4,-8.2,-7.6,-15.1,4.2,-6.3,-2.1,-17.2,18.8,-9.0,4.3,2.7,-0.3,2.4,-0.8,0.9,5.6,6.2,11.9,-4.5,-6.0,1.6,-5.4,-6.4,-2.2,-14.0,18.5,-3.6,3.9,-7.2,-7.6,0.3,2.5,0.3,5.9,1.5,0.0,2.6,-1.8,2.5,5.6,8.2,27.5,3.3,12.7,1.7,-1.8,-7.0,-3.7,7.9,0.3,-4.2,-3.7,-1.9,-3.7,-3.7,-4.6,-6.9,-4.1,-6.0,-10.3,-6.7,10.0,27.1,-8.1,-9.3,-10.0,1.3,15.1,-3.4,-5.9,-0.8,-8.9,13.9,-9.3,13.0,6.8,-7.8,-14.3,3.4,-6.5,9.9,6.1,-11.8,8.8,-13.6,15.4,-14.2,-13.8,4.6,-4.3,-2.8,-1.0,1.7,0.3,-0.2,8.7,-3.4,9.9,31.1,16.5,5.8,-7.0,-1.9,-8.0,-1.0,-4.2,-8.3,18.6,-2.8,2.0,-3.1,0.0,-3.7,1.0,1.4,0.6,-0.2,-0.9,0.7,-1.8,0.4,10.2,1.5,-1.9,-2.1,2.5,17.5,-3.9,-14.1,-0.4,2.4,-0.4,1.6
